原文,当前译文,状态,来源
150 Gold Pieces,150 Gold Pieces,pending,existing_corpus | exe:resource@0x54159C:csv
250 Gold Pieces,250 Gold Pieces,pending,existing_corpus | exe:resource@0x54159C:csv
2nd Sealed Note,2nd Sealed Note,pending,existing_corpus | exe:resource@0x54159C:csv
3rd Sealed Note,3rd Sealed Note,pending,existing_corpus | exe:resource@0x54159C:csv
40 Gold Pieces,40 Gold Pieces,pending,existing_corpus | exe:resource@0x54159C:csv
500 Gold Pieces,500 Gold Pieces,pending,existing_corpus | exe:resource@0x54159C:csv
750 Gold Pieces,750 Gold Pieces,pending,existing_corpus | exe:resource@0x54159C:csv
80 Gold Pieces,80 Gold Pieces,pending,existing_corpus | exe:resource@0x54159C:csv
A History of Thaermore,A History of Thaermore,pending,existing_corpus | exe:resource@0x54159C:csv
A World of Wonder,A World of Wonder,pending,existing_corpus | exe:resource@0x54159C:csv
Acid,Acid,pending,existing_corpus | exe:blitz_string@0x193F24 | exe:resource@0x54159C:csv
Adamantine Bracers,Adamantine Bracers,pending,existing_corpus | exe:resource@0x54159C:csv
Adamantine Chest Plate,Adamantine Chest Plate,pending,existing_corpus | exe:resource@0x54159C:csv
Adamantine Dagger,Adamantine Dagger,pending,existing_corpus | exe:resource@0x54159C:csv
Adamantine Great Axe,Adamantine Great Axe,pending,existing_corpus | exe:resource@0x54159C:csv
Adamantine Great Helm,Adamantine Great Helm,pending,existing_corpus | exe:resource@0x54159C:csv
Adamantine Great Shield,Adamantine Great Shield,pending,existing_corpus | exe:resource@0x54159C:csv
Adamantine Great Sword,Adamantine Great Sword,pending,existing_corpus | exe:resource@0x54159C:csv
Adamantine Greaves,Adamantine Greaves,pending,existing_corpus | exe:resource@0x54159C:csv
Adamantine Plate Boots,Adamantine Plate Boots,pending,existing_corpus | exe:resource@0x54159C:csv
Adamantine Plate Gauntlets,Adamantine Plate Gauntlets,pending,existing_corpus | exe:resource@0x54159C:csv
Adamantine Studded Jerkin,Adamantine Studded Jerkin,pending,existing_corpus | exe:resource@0x54159C:csv
Adamantine War Hammer,Adamantine War Hammer,pending,existing_corpus | exe:resource@0x54159C:csv
Ambergris,Ambergris,pending,existing_corpus | exe:blitz_string@0x194A50 | exe:resource@0x54159C:csv
Amulet of Accuracy,Amulet of Accuracy,pending,existing_corpus | exe:resource@0x54159C:csv
Amulet of Greater Protection,Amulet of Greater Protection,pending,existing_corpus | exe:resource@0x54159C:csv
Amulet of Protection,Amulet of Protection,pending,existing_corpus | exe:resource@0x54159C:csv
Amulet of the Master Merchant,Amulet of the Master Merchant,pending,existing_corpus | exe:resource@0x54159C:csv
Amulet Passkey 15,Amulet Passkey 15,pending,existing_corpus | exe:resource@0x54159C:csv
Ankh,Ankh,pending,existing_corpus | exe:resource@0x54159C:csv
Antique Sextant,Antique Sextant,pending,existing_corpus | exe:blitz_string@0x1B29EC | exe:resource@0x54159C:csv
Apple,Apple,pending,existing_corpus | exe:blitz_string@0x194C48 | exe:resource@0x54159C:csv
Arrow,Arrow,pending,existing_corpus | exe:blitz_string@0x1945AC | exe:resource@0x54159C:csv
Ash,Ash,pending,existing_corpus | exe:blitz_string@0x1B42AC | exe:resource@0x54159C:csv
Assassin's Arrow,Assassin's Arrow,pending,existing_corpus | exe:resource@0x54159C:csv
Bandages,Bandages,pending,existing_corpus | exe:resource@0x54159C:csv
You clean your wounds and apply bandages.,You clean your wounds and apply bandages.,pending,existing_corpus
Bar of Copper,Bar of Copper,pending,existing_corpus | exe:resource@0x54159C:csv
Bar of Iron,Bar of Iron,pending,existing_corpus | exe:resource@0x54159C:csv
Bar of Mithril,Bar of Mithril,pending,existing_corpus | exe:blitz_string@0x1B1E24 | exe:resource@0x54159C:csv
Belladonna,Belladonna,pending,existing_corpus | exe:blitz_string@0x194A0C | exe:resource@0x54159C:csv
Benny and the Dragon,Benny and the Dragon,pending,existing_corpus | exe:resource@0x54159C:csv
Bent Key,Bent Key,pending,existing_corpus | exe:resource@0x54159C:csv
Birch Quarterstaff,Birch Quarterstaff,pending,existing_corpus | exe:resource@0x54159C:csv
Birch Short Bow,Birch Short Bow,pending,existing_corpus | exe:blitz_string@0x19488C | exe:resource@0x54159C:csv
Bitter Naga Amulet,Bitter Naga Amulet,pending,existing_corpus | exe:resource@0x54159C:csv
Blessed Rope Belt of the Healer,Blessed Rope Belt of the Healer,pending,existing_corpus | exe:resource@0x54159C:csv
Bloodlust Amulet,Bloodlust Amulet,pending,existing_corpus | exe:resource@0x54159C:csv
Bloodstained Note,Bloodstained Note,pending,existing_corpus | exe:resource@0x54159C:csv
Blue Goblin Key,Blue Goblin Key,pending,existing_corpus | exe:blitz_string@0x1B4330 | exe:resource@0x54159C:csv
Boiled Leather Bracers,Boiled Leather Bracers,pending,existing_corpus | exe:resource@0x54159C:csv
Bone Dagger,Bone Dagger,pending,existing_corpus | exe:resource@0x54159C:csv
Bones to Splinters,Bones to Splinters,pending,existing_corpus | exe:resource@0x54159C:csv
Bonesplitter's Charm,Bonesplitter's Charm,pending,existing_corpus | exe:resource@0x54159C:csv
Bottle of Ale,Bottle of Ale,pending,existing_corpus | exe:blitz_string@0x194BF0 | exe:resource@0x54159C:csv
Bottle of Rare Vintage Wine,Bottle of Rare Vintage Wine,pending,existing_corpus | exe:resource@0x54159C:csv
Bottle of Vintage Wine,Bottle of Vintage Wine,pending,existing_corpus | exe:resource@0x54159C:csv
Bottle of Whiskey,Bottle of Whiskey,pending,existing_corpus | exe:blitz_string@0x194C18 | exe:resource@0x54159C:csv
Bottle of Wine,Bottle of Wine,pending,existing_corpus | exe:blitz_string@0x194B38 | exe:resource@0x54159C:csv
Brass Locket,Brass Locket,pending,existing_corpus | exe:resource@0x54159C:csv
Brass Ring,Brass Ring,pending,existing_corpus | exe:resource@0x54159C:csv
Brassy Key,Brassy Key,pending,existing_corpus | exe:resource@0x54159C:csv
Bread,Bread,pending,existing_corpus | exe:blitz_string@0x194B60 | exe:resource@0x54159C:csv
Brewmaster's Ring,Brewmaster's Ring,pending,existing_corpus | exe:resource@0x54159C:csv
Bromine,Bromine,pending,existing_corpus | exe:blitz_string@0x1949D4 | exe:resource@0x54159C:csv
Bronze Buckler,Bronze Buckler,pending,existing_corpus | exe:resource@0x54159C:csv
Burglar's Leather Gloves,Burglar's Leather Gloves,pending,existing_corpus | exe:resource@0x54159C:csv
Burley Acorn,Burley Acorn,pending,existing_corpus | exe:resource@0x54159C:csv
Buying and Selling,Buying and Selling,pending,existing_corpus | exe:resource@0x54159C:csv
Ceramic Crucible,Ceramic Crucible,pending,existing_corpus | exe:blitz_string@0x19F34C | exe:resource@0x54159C:csv
Chainmail Boots,Chainmail Boots,pending,existing_corpus | exe:resource@0x54159C:csv
Chainmail Coif,Chainmail Coif,pending,existing_corpus | exe:resource@0x54159C:csv
Chainmail Hauberk,Chainmail Hauberk,pending,existing_corpus | exe:resource@0x54159C:csv
Chainmail Jerkin,Chainmail Jerkin,pending,existing_corpus | exe:resource@0x54159C:csv
Chainmail Leggings,Chainmail Leggings,pending,existing_corpus | exe:blitz_string@0x194484 | exe:resource@0x54159C:csv
Charcoal,Charcoal,pending,existing_corpus | exe:blitz_string@0x1949F0 | exe:resource@0x54159C:csv
Chronometer,Chronometer,pending,existing_corpus | exe:resource@0x54159C:csv
Cloak of the Shadow,Cloak of the Shadow,pending,existing_corpus | exe:resource@0x54159C:csv
Commoner's Pants,Commoner's Pants,pending,existing_corpus | exe:blitz_string@0x1B5BD8 | exe:resource@0x54159C:csv
Compass,Compass,pending,existing_corpus | exe:resource@0x54159C:csv
Composite Great Bow,Composite Great Bow,pending,existing_corpus | exe:resource@0x54159C:csv
Composite Longbow,Composite Longbow,pending,existing_corpus | exe:resource@0x54159C:csv
Conqueror's Full Helm,Conqueror's Full Helm,pending,existing_corpus | exe:resource@0x54159C:csv
Copper Hammer,Copper Hammer,pending,existing_corpus | exe:resource@0x54159C:csv
Copper Ring,Copper Ring,pending,existing_corpus | exe:resource@0x54159C:csv
Cotton Wick,Cotton Wick,pending,existing_corpus | exe:blitz_string@0x194BB0 | exe:resource@0x54159C:csv
Cracked Shield,Cracked Shield,pending,existing_corpus | exe:resource@0x54159C:csv
Crux of Ages,Crux of Ages,pending,existing_corpus | exe:blitz_string@0x1A2AE8 | exe:resource@0x54159C:csv
Crypt Key,Crypt Key,pending,existing_corpus | exe:resource@0x54159C:csv
Deadeye Pendant,Deadeye Pendant,pending,existing_corpus | exe:resource@0x54159C:csv
Demon Oil I,Demon Oil I,pending,existing_corpus | exe:blitz_string@0x194910 | exe:resource@0x54159C:csv
Demon Oil II,Demon Oil II,pending,existing_corpus | exe:blitz_string@0x194354 | exe:resource@0x54159C:csv
Demon Oil III,Demon Oil III,pending,existing_corpus | exe:blitz_string@0x1A27D0 | exe:resource@0x54159C:csv
Detox Serum,Detox Serum,pending,existing_corpus | exe:blitz_string@0x194A70 | exe:resource@0x54159C:csv
Diamond Chip,Diamond Chip,pending,existing_corpus | exe:resource@0x54159C:csv
Diamond Head Arrows,Diamond Head Arrows,pending,existing_corpus | exe:resource@0x54159C:csv
Diamond Studded Jerkin,Diamond Studded Jerkin,pending,existing_corpus | exe:resource@0x54159C:csv
Diamond Studded Leggings,Diamond Studded Leggings,pending,existing_corpus | exe:resource@0x54159C:csv
Diamond-edge Claymore,Diamond-edge Claymore,pending,existing_corpus | exe:resource@0x54159C:csv
Diamond-edge Great Axe,Diamond-edge Great Axe,pending,existing_corpus | exe:resource@0x54159C:csv
Diamond-edge Long Sword,Diamond-edge Long Sword,pending,existing_corpus | exe:resource@0x54159C:csv
Dire Rabbit's Foot,Dire Rabbit's Foot,pending,existing_corpus | exe:resource@0x54159C:csv
Divine Ore,Divine Ore,pending,existing_corpus | exe:resource@0x54159C:csv
Divine Ore Great Sword,Divine Ore Great Sword,pending,existing_corpus | exe:resource@0x54159C:csv
Door Key,Door Key,pending,existing_corpus | exe:resource@0x54159C:csv
Dried Meat,Dried Meat,pending,existing_corpus | exe:resource@0x54159C:csv
Easter Egg,Easter Egg,pending,existing_corpus | exe:blitz_string@0x1B4B88 | exe:resource@0x54159C:csv
Ectoplasm,Ectoplasm,pending,existing_corpus | exe:blitz_string@0x194F7C | exe:resource@0x54159C:csv
Elements of Magick,Elements of Magick,pending,existing_corpus | exe:resource@0x54159C:csv
Embrace the Night,Embrace the Night,pending,existing_corpus | exe:resource@0x54159C:csv
Empty,Empty,pending,existing_corpus | exe:blitz_string@0x1AF1D0 | exe:resource@0x54159C:csv
Empty Flask,Empty Flask,pending,existing_corpus | exe:blitz_string@0x194AC4 | exe:resource@0x54159C:csv
Evil Amulet,Evil Amulet,pending,existing_corpus | exe:resource@0x54159C:csv
Executioner,Executioner,pending,existing_corpus | exe:resource@0x54159C:csv
Fancy Key,Fancy Key,pending,existing_corpus | exe:resource@0x54159C:csv
Femur,Femur,pending,existing_corpus | exe:blitz_string@0x1AF200 | exe:resource@0x54159C:csv
Fine Porcelain Cup,Fine Porcelain Cup,pending,existing_corpus | exe:resource@0x54159C:csv
Fine Porcelain Plate,Fine Porcelain Plate,pending,existing_corpus | exe:resource@0x54159C:csv
Flanged Mace,Flanged Mace,pending,existing_corpus | exe:resource@0x54159C:csv
Flask of Incinerator Fuel,Flask of Incinerator Fuel,pending,existing_corpus | exe:blitz_string@0x1A27F8 | exe:resource@0x54159C:csv
Flight Arrow,Flight Arrow,pending,existing_corpus | exe:blitz_string@0x194B14 | exe:resource@0x54159C:csv
Gate Key,Gate Key,pending,existing_corpus | exe:resource@0x54159C:csv
Giant Skull,Giant Skull,pending,existing_corpus | exe:resource@0x54159C:csv
Gold Goblin Key,Gold Goblin Key,pending,existing_corpus | exe:blitz_string@0x1B4304 | exe:resource@0x54159C:csv
Golden Key,Golden Key,pending,existing_corpus | exe:resource@0x54159C:csv
Grand Helm,Grand Helm,pending,existing_corpus | exe:resource@0x54159C:csv
Grand Master Wizard's Hat,Grand Master Wizard's Hat,pending,existing_corpus | exe:resource@0x54159C:csv
Gravedigger's Amulet,Gravedigger's Amulet,pending,existing_corpus | exe:blitz_string@0x1A2AB4 | exe:resource@0x54159C:csv
Green Goblin Key,Green Goblin Key,pending,existing_corpus | exe:blitz_string@0x1B435C | exe:resource@0x54159C:csv
Hard Leather Banded Armor,Hard Leather Banded Armor,pending,existing_corpus | exe:blitz_string@0x19461C | exe:resource@0x54159C:csv
Hardened Leather Half-Helm,Hardened Leather Half-Helm,pending,existing_corpus | exe:resource@0x54159C:csv
Harpoon,Harpoon,pending,existing_corpus | exe:blitz_string@0x1B572C | exe:resource@0x54159C:csv
Healer's Sandals,Healer's Sandals,pending,existing_corpus | exe:resource@0x54159C:csv
Healing Elixir I,Healing Elixir I,pending,existing_corpus | exe:blitz_string@0x193F50 | exe:resource@0x54159C:csv
You feel the elixir course through your veins.,You feel the elixir course through your veins.,pending,existing_corpus
Healing Elixir II,Healing Elixir II,pending,existing_corpus | exe:blitz_string@0x193F7C | exe:resource@0x54159C:csv
Healing Elixir III,Healing Elixir III,pending,existing_corpus | exe:blitz_string@0x195108 | exe:resource@0x54159C:csv
Heavy Armor Field Guide,Heavy Armor Field Guide,pending,existing_corpus | exe:resource@0x54159C:csv
Heavy Cloak,Heavy Cloak,pending,existing_corpus | exe:resource@0x54159C:csv
Heavy Key,Heavy Key,pending,existing_corpus | exe:resource@0x54159C:csv
Heavy Plated Belt,Heavy Plated Belt,pending,existing_corpus | exe:resource@0x54159C:csv
Hidden Dangers and Treasures,Hidden Dangers and Treasures,pending,existing_corpus | exe:resource@0x54159C:csv
Hide Leggings,Hide Leggings,pending,existing_corpus | exe:blitz_string@0x194750 | exe:resource@0x54159C:csv
Hive Larvae,Hive Larvae,pending,existing_corpus | exe:blitz_string@0x1A2B34 | exe:resource@0x54159C:csv
Hive Queen Stinger,Hive Queen Stinger,pending,existing_corpus | exe:resource@0x54159C:csv
Imbuing Your Equipment,Imbuing Your Equipment,pending,existing_corpus | exe:resource@0x54159C:csv
Incriminating Letter,Incriminating Letter,pending,existing_corpus | exe:resource@0x54159C:csv
Inkwell & Quill,Inkwell & Quill,pending,existing_corpus | exe:resource@0x54159C:csv
Inscribed Gold Wedding Ring,Inscribed Gold Wedding Ring,pending,existing_corpus | exe:resource@0x54159C:csv
A faint message is inscribed on the band: ''Mary - my eternal love''.,A faint message is inscribed on the band: ''Mary - my eternal love''.,pending,existing_corpus
Invisibility I,Invisibility I,pending,existing_corpus | exe:blitz_string@0x194030 | exe:resource@0x54159C:csv
Invisibility II,Invisibility II,pending,existing_corpus | exe:blitz_string@0x194AE8 | exe:resource@0x54159C:csv
Invisibility III,Invisibility III,pending,existing_corpus | exe:blitz_string@0x1950DC | exe:resource@0x54159C:csv
Iron Bracers,Iron Bracers,pending,existing_corpus | exe:blitz_string@0x194438 | exe:resource@0x54159C:csv
Iron Dagger,Iron Dagger,pending,existing_corpus | exe:blitz_string@0x194868 | exe:resource@0x54159C:csv
Iron Falcata,Iron Falcata,pending,existing_corpus | exe:resource@0x54159C:csv
Iron Gauntlets of the Warlord,Iron Gauntlets of the Warlord,pending,existing_corpus | exe:resource@0x54159C:csv
Iron Gladius,Iron Gladius,pending,existing_corpus | exe:resource@0x54159C:csv
Iron Half-Helm,Iron Half-Helm,pending,existing_corpus | exe:blitz_string@0x19445C | exe:resource@0x54159C:csv
Iron Hand Axe,Iron Hand Axe,pending,existing_corpus | exe:blitz_string@0x1948B8 | exe:resource@0x54159C:csv
Iron Kama,Iron Kama,pending,existing_corpus | exe:resource@0x54159C:csv
Iron Key,Iron Key,pending,existing_corpus | exe:resource@0x54159C:csv
Iron Long Sword,Iron Long Sword,pending,existing_corpus | exe:blitz_string@0x19483C | exe:resource@0x54159C:csv
Iron Mace,Iron Mace,pending,existing_corpus | exe:blitz_string@0x1947F0 | exe:resource@0x54159C:csv
Iron Morning Star,Iron Morning Star,pending,existing_corpus | exe:resource@0x54159C:csv
Iron Plate Armor,Iron Plate Armor,pending,existing_corpus | exe:resource@0x54159C:csv
Iron Plated Boots,Iron Plated Boots,pending,existing_corpus | exe:blitz_string@0x19465C | exe:resource@0x54159C:csv
Iron Ring Mail Gauntlets,Iron Ring Mail Gauntlets,pending,existing_corpus | exe:resource@0x54159C:csv
Iron Short Sword,Iron Short Sword,pending,existing_corpus | exe:blitz_string@0x194810 | exe:resource@0x54159C:csv
Iron Skullcap,Iron Skullcap,pending,existing_corpus | exe:resource@0x54159C:csv
Iron Spear,Iron Spear,pending,existing_corpus | exe:blitz_string@0x1B5748 | exe:resource@0x54159C:csv
Iron Spiked Boots,Iron Spiked Boots,pending,existing_corpus | exe:resource@0x54159C:csv
Iron Throwing Dart,Iron Throwing Dart,pending,existing_corpus | exe:blitz_string@0x1948E0 | exe:resource@0x54159C:csv
Iron Warhammer,Iron Warhammer,pending,existing_corpus | exe:resource@0x54159C:csv
It's a Trap!,It's a Trap!,pending,existing_corpus | exe:resource@0x54159C:csv
Ivory Amulet,Ivory Amulet,pending,existing_corpus | exe:resource@0x54159C:csv
Jelly Fungus,Jelly Fungus,pending,existing_corpus | exe:blitz_string@0x194A2C | exe:resource@0x54159C:csv
Jewel-crusted Morning star,Jewel-crusted Morning star,pending,existing_corpus | exe:resource@0x54159C:csv
Journal Entry,Journal Entry,pending,existing_corpus | exe:resource@0x54159C:csv
Keyholes and Tumblers,Keyholes and Tumblers,pending,existing_corpus | exe:resource@0x54159C:csv
Lantern,Lantern,pending,existing_corpus | exe:blitz_string@0x194BD4 | exe:resource@0x54159C:csv
Large Diamond,Large Diamond,pending,existing_corpus | exe:resource@0x54159C:csv
Large Emerald,Large Emerald,pending,existing_corpus | exe:resource@0x54159C:csv
Large Ruby,Large Ruby,pending,existing_corpus | exe:resource@0x54159C:csv
Large Steel Shield,Large Steel Shield,pending,existing_corpus | exe:resource@0x54159C:csv
Leather Belt,Leather Belt,pending,existing_corpus | exe:blitz_string@0x19468C | exe:resource@0x54159C:csv
Leather Boots,Leather Boots,pending,existing_corpus | exe:blitz_string@0x1946B0 | exe:resource@0x54159C:csv
Leather Bracers,Leather Bracers,pending,existing_corpus | exe:resource@0x54159C:csv
Leather Gloves,Leather Gloves,pending,existing_corpus | exe:blitz_string@0x1946FC | exe:resource@0x54159C:csv
Leather Hauberk,Leather Hauberk,pending,existing_corpus | exe:resource@0x54159C:csv
Leather Jerkin,Leather Jerkin,pending,existing_corpus | exe:blitz_string@0x1947A0 | exe:resource@0x54159C:csv
Leather Leggings,Leather Leggings,pending,existing_corpus | exe:resource@0x54159C:csv
Leather of the Prowler,Leather of the Prowler,pending,existing_corpus | exe:resource@0x54159C:csv
Leather Sandals,Leather Sandals,pending,existing_corpus | exe:resource@0x54159C:csv
Leather Skullcap,Leather Skullcap,pending,existing_corpus | exe:blitz_string@0x194724 | exe:resource@0x54159C:csv
Leatherskin I,Leatherskin I,pending,existing_corpus | exe:blitz_string@0x1A50CC | exe:resource@0x54159C:csv
Leatherskin II,Leatherskin II,pending,existing_corpus | exe:blitz_string@0x1A50F4 | exe:resource@0x54159C:csv
Leatherskin III,Leatherskin III,pending,existing_corpus | exe:blitz_string@0x1A511C | exe:resource@0x54159C:csv
Letter to Penelope,Letter to Penelope,pending,existing_corpus | exe:resource@0x54159C:csv
Light Armor Field Guide,Light Armor Field Guide,pending,existing_corpus | exe:resource@0x54159C:csv
Light Cloak,Light Cloak,pending,existing_corpus | exe:blitz_string@0x1946D8 | exe:resource@0x54159C:csv
Lock Pick,Lock Pick,pending,existing_corpus | exe:blitz_string@0x1942F8 | exe:resource@0x54159C:csv
Loremaster's Ring,Loremaster's Ring,pending,existing_corpus | exe:resource@0x54159C:csv
Machete,Machete,pending,existing_corpus | exe:blitz_string@0x1B7988 | exe:resource@0x54159C:csv
Magicka Divine,Magicka Divine,pending,existing_corpus | exe:resource@0x54159C:csv
Mahogany Quarterstaff,Mahogany Quarterstaff,pending,existing_corpus | exe:blitz_string@0x194378 | exe:resource@0x54159C:csv
Mana Cache Amulet,Mana Cache Amulet,pending,existing_corpus | exe:resource@0x54159C:csv
Mana Potion I,Mana Potion I,pending,existing_corpus | exe:blitz_string@0x193FAC | exe:resource@0x54159C:csv
You feel a surge of power as the potion restores your arcane energies.,You feel a surge of power as the potion restores your arcane energies.,pending,existing_corpus
Mana Potion II,Mana Potion II,pending,existing_corpus | exe:blitz_string@0x193FD4 | exe:resource@0x54159C:csv
Mana Potion III,Mana Potion III,pending,existing_corpus | exe:blitz_string@0x195138 | exe:resource@0x54159C:csv
Mandrake Root,Mandrake Root,pending,existing_corpus | exe:blitz_string@0x193EFC | exe:resource@0x54159C:csv
Map of Thaermore,Map of Thaermore,pending,existing_corpus | exe:blitz_string@0x194C60 | exe:resource@0x54159C:csv
You are viewing a map. Press any key to continue...,You are viewing a map. Press any key to continue...,pending,existing_corpus
Mapping Your World,Mapping Your World,pending,existing_corpus | exe:resource@0x54159C:csv
Master Wizard's Hat,Master Wizard's Hat,pending,existing_corpus | exe:resource@0x54159C:csv
Mercenary's Note,Mercenary's Note,pending,existing_corpus | exe:resource@0x54159C:csv
Mercury,Mercury,pending,existing_corpus | exe:blitz_string@0x194F60 | exe:resource@0x54159C:csv
Mithril Alloy Chain Boots,Mithril Alloy Chain Boots,pending,existing_corpus | exe:resource@0x54159C:csv
Mithril Battle Axe,Mithril Battle Axe,pending,existing_corpus | exe:resource@0x54159C:csv
Mithril Chainmail Leggings,Mithril Chainmail Leggings,pending,existing_corpus | exe:resource@0x54159C:csv
Mithril Dagger,Mithril Dagger,pending,existing_corpus | exe:resource@0x54159C:csv
Mithril Double Battle Axe,Mithril Double Battle Axe,pending,existing_corpus | exe:resource@0x54159C:csv
Mithril Long Sword,Mithril Long Sword,pending,existing_corpus | exe:resource@0x54159C:csv
Mithril Studded Leggings,Mithril Studded Leggings,pending,existing_corpus | exe:resource@0x54159C:csv
Mithril-woven Cloak,Mithril-woven Cloak,pending,existing_corpus | exe:resource@0x54159C:csv
Mystic's Ring,Mystic's Ring,pending,existing_corpus | exe:resource@0x54159C:csv
Odd Key,Odd Key,pending,existing_corpus | exe:resource@0x54159C:csv
Of Men and Giants,Of Men and Giants,pending,existing_corpus | exe:resource@0x54159C:csv
Oil,Oil,pending,existing_corpus | exe:blitz_string@0x194B9C | exe:resource@0x54159C:csv
Penetrators,Penetrators,pending,existing_corpus | exe:resource@0x54159C:csv
Portal Instructions,Portal Instructions,pending,existing_corpus | exe:resource@0x54159C:csv
Potion of Absolute Restoration,Potion of Absolute Restoration,pending,existing_corpus | exe:blitz_string@0x1B2B50 | exe:resource@0x54159C:csv
The elixir is bitter and causes you to choke!,The elixir is bitter and causes you to choke!,pending,existing_corpus
Potion of Cat's Eyes,Potion of Cat's Eyes,pending,existing_corpus | exe:blitz_string@0x193FFC | exe:resource@0x54159C:csv
Potion of Cure Greater Disease,Potion of Cure Greater Disease,pending,existing_corpus | exe:blitz_string@0x194F9C | exe:resource@0x54159C:csv
Potion of Cure Lesser Disease,Potion of Cure Lesser Disease,pending,existing_corpus | exe:blitz_string@0x194058 | exe:resource@0x54159C:csv
Potion of Fortified Mana,Potion of Fortified Mana,pending,existing_corpus | exe:blitz_string@0x1A5230 | exe:resource@0x54159C:csv
Potion of Greater Protection,Potion of Greater Protection,pending,existing_corpus | exe:blitz_string@0x1A51B8 | exe:resource@0x54159C:csv
Potion of Haste I,Potion of Haste I,pending,existing_corpus | exe:blitz_string@0x194A94 | exe:resource@0x54159C:csv
Potion of Haste II,Potion of Haste II,pending,existing_corpus | exe:blitz_string@0x1A5068 | exe:resource@0x54159C:csv
Potion of Haste III,Potion of Haste III,pending,existing_corpus | exe:blitz_string@0x1A5098 | exe:resource@0x54159C:csv
Potion of Keensight,Potion of Keensight,pending,existing_corpus | exe:blitz_string@0x1A5148 | exe:resource@0x54159C:csv
Potion of Nimbleness,Potion of Nimbleness,pending,existing_corpus | exe:blitz_string@0x1A51FC | exe:resource@0x54159C:csv
Potion of Ogre Strength,Potion of Ogre Strength,pending,existing_corpus | exe:blitz_string@0x1A517C | exe:resource@0x54159C:csv
Potion of Predator Sight,Potion of Predator Sight,pending,existing_corpus | exe:resource@0x54159C:csv
Potion of Stoneskin,Potion of Stoneskin,pending,existing_corpus | exe:blitz_string@0x1A526C | exe:resource@0x54159C:csv
Pouch of Gold,Pouch of Gold,pending,existing_corpus | exe:resource@0x54159C:csv
Priest's Cloak,Priest's Cloak,pending,existing_corpus | exe:resource@0x54159C:csv
Purest Water,Purest Water,pending,existing_corpus | exe:resource@0x54159C:csv
Quality Cloak,Quality Cloak,pending,existing_corpus | exe:blitz_string@0x194410 | exe:resource@0x54159C:csv
Rabbit's Foot,Rabbit's Foot,pending,existing_corpus | exe:resource@0x54159C:csv
Random,Random,pending,existing_corpus | exe:blitz_string@0x1A7794 | exe:resource@0x54159C:csv
Ranger Lord's Mithril Bracers,Ranger Lord's Mithril Bracers,pending,existing_corpus | exe:resource@0x54159C:csv
Ranger's Leather Bracers,Ranger's Leather Bracers,pending,existing_corpus | exe:resource@0x54159C:csv
Recurved Composite Great Bow,Recurved Composite Great Bow,pending,existing_corpus | exe:resource@0x54159C:csv
Recurved Longbow,Recurved Longbow,pending,existing_corpus | exe:resource@0x54159C:csv
Recurved Short Bow,Recurved Short Bow,pending,existing_corpus | exe:resource@0x54159C:csv
Red Goblin Key,Red Goblin Key,pending,existing_corpus | exe:blitz_string@0x1B4388 | exe:resource@0x54159C:csv
Ring of Magi,Ring of Magi,pending,existing_corpus | exe:resource@0x54159C:csv
Ring of Sparks,Ring of Sparks,pending,existing_corpus | exe:resource@0x54159C:csv
Ring of the Assassin,Ring of the Assassin,pending,existing_corpus | exe:resource@0x54159C:csv
Ring of the Fire Master,Ring of the Fire Master,pending,existing_corpus | exe:resource@0x54159C:csv
Ring of the Harbinger,Ring of the Harbinger,pending,existing_corpus | exe:resource@0x54159C:csv
Ring of the Hawk,Ring of the Hawk,pending,existing_corpus | exe:resource@0x54159C:csv
Ring of the Shadow,Ring of the Shadow,pending,existing_corpus | exe:resource@0x54159C:csv
Ring of the Wise,Ring of the Wise,pending,existing_corpus | exe:resource@0x54159C:csv
Ring of Vigor,Ring of Vigor,pending,existing_corpus | exe:resource@0x54159C:csv
Ringmail Leggings,Ringmail Leggings,pending,existing_corpus | exe:resource@0x54159C:csv
Rope Belt,Rope Belt,pending,existing_corpus | exe:resource@0x54159C:csv
Rusted Iron Plate Armor,Rusted Iron Plate Armor,pending,existing_corpus | exe:resource@0x54159C:csv
Rusted Key,Rusted Key,pending,existing_corpus | exe:resource@0x54159C:csv
Sacrificial Dagger,Sacrificial Dagger,pending,existing_corpus | exe:resource@0x54159C:csv
Salt,Salt,pending,existing_corpus | exe:resource@0x54159C:csv
Salted Fish,Salted Fish,pending,existing_corpus | exe:blitz_string@0x194B78 | exe:resource@0x54159C:csv
Sam's Guide to Demon Oil,Sam's Guide to Demon Oil,pending,existing_corpus | exe:resource@0x54159C:csv
Scholar's Ring,Scholar's Ring,pending,existing_corpus | exe:resource@0x54159C:csv
Scout's Sandals,Scout's Sandals,pending,existing_corpus | exe:blitz_string@0x1943E4 | exe:resource@0x54159C:csv
Scroll of Air Shield,Scroll of Air Shield,pending,existing_corpus | exe:blitz_string@0x194204 | exe:resource@0x54159C:csv
Scroll of Bless,Scroll of Bless,pending,existing_corpus | exe:blitz_string@0x1940C4 | exe:resource@0x54159C:csv
Scroll of Cat's Eyes,Scroll of Cat's Eyes,pending,existing_corpus | exe:blitz_string@0x1940F0 | exe:resource@0x54159C:csv
Scroll of Chameleon,Scroll of Chameleon,pending,existing_corpus | exe:resource@0x54159C:csv
Scroll of Charm,Scroll of Charm,pending,existing_corpus | exe:resource@0x54159C:csv
Scroll of Compress Atmosphere,Scroll of Compress Atmosphere,pending,existing_corpus | exe:blitz_string@0x194EF0 | exe:resource@0x54159C:csv
Scroll of Cure Disease,Scroll of Cure Disease,pending,existing_corpus | exe:resource@0x54159C:csv
Scroll of Dancing Lights,Scroll of Dancing Lights,pending,existing_corpus | exe:blitz_string@0x1942A4 | exe:resource@0x54159C:csv
Scroll of Deep Freeze,Scroll of Deep Freeze,pending,existing_corpus | exe:blitz_string@0x194DCC | exe:resource@0x54159C:csv
Scroll of Dehex,Scroll of Dehex,pending,existing_corpus | exe:blitz_string@0x1950B0 | exe:resource@0x54159C:csv
Scroll of Detox,Scroll of Detox,pending,existing_corpus | exe:resource@0x54159C:csv
Scroll of Divine Heal,Scroll of Divine Heal,pending,existing_corpus | exe:blitz_string@0x194124 | exe:resource@0x54159C:csv
Scroll of Element Armor,Scroll of Element Armor,pending,existing_corpus | exe:blitz_string@0x194E44 | exe:resource@0x54159C:csv
Scroll of Enchanted Weapon,Scroll of Enchanted Weapon,pending,existing_corpus | exe:blitz_string@0x194E80 | exe:resource@0x54159C:csv
Scroll of Enkindled Weapon,Scroll of Enkindled Weapon,pending,existing_corpus | exe:blitz_string@0x194E04 | exe:resource@0x54159C:csv
Scroll of Entangle,Scroll of Entangle,pending,existing_corpus | exe:resource@0x54159C:csv
Scroll of Fire Dart,Scroll of Fire Dart,pending,existing_corpus | exe:blitz_string@0x1B97C0 | exe:resource@0x54159C:csv
Scroll of Fireball,Scroll of Fireball,pending,existing_corpus | exe:blitz_string@0x194EC0 | exe:resource@0x54159C:csv
Scroll of Fleshboil,Scroll of Fleshboil,pending,existing_corpus | exe:blitz_string@0x1B978C | exe:resource@0x54159C:csv
Scroll of Gravedigger's Flame,Scroll of Gravedigger's Flame,pending,existing_corpus | exe:blitz_string@0x1941BC | exe:resource@0x54159C:csv
Scroll of Haste,Scroll of Haste,pending,existing_corpus | exe:blitz_string@0x194D38 | exe:resource@0x54159C:csv
Scroll of Invisibility,Scroll of Invisibility,pending,existing_corpus | exe:blitz_string@0x195078 | exe:resource@0x54159C:csv
Scroll of Leatherskin,Scroll of Leatherskin,pending,existing_corpus | exe:blitz_string@0x19415C | exe:resource@0x54159C:csv
Scroll of Lock Melt,Scroll of Lock Melt,pending,existing_corpus | exe:blitz_string@0x194970 | exe:resource@0x54159C:csv
Scroll of Lore,Scroll of Lore,pending,existing_corpus | exe:blitz_string@0x194194 | exe:resource@0x54159C:csv
Scroll of Mass Boil,Scroll of Mass Boil,pending,existing_corpus | exe:blitz_string@0x194FE4 | exe:resource@0x54159C:csv
Scroll of Nimbleness,Scroll of Nimbleness,pending,existing_corpus | exe:blitz_string@0x194D64 | exe:resource@0x54159C:csv
Scroll of Ogre Strength,Scroll of Ogre Strength,pending,existing_corpus | exe:blitz_string@0x194CC4 | exe:resource@0x54159C:csv
Scroll of Poison Spray,Scroll of Poison Spray,pending,existing_corpus | exe:blitz_string@0x194D00 | exe:resource@0x54159C:csv
Scroll of Portal,Scroll of Portal,pending,existing_corpus | exe:blitz_string@0x195018 | exe:resource@0x54159C:csv
Scroll of Predator Sight,Scroll of Predator Sight,pending,existing_corpus | exe:blitz_string@0x194934 | exe:resource@0x54159C:csv
Scroll of Reveal Map,Scroll of Reveal Map,pending,existing_corpus | exe:blitz_string@0x194270 | exe:resource@0x54159C:csv
Scroll of Smite,Scroll of Smite,pending,existing_corpus | exe:resource@0x54159C:csv
Scroll of Sonic Blast,Scroll of Sonic Blast,pending,existing_corpus | exe:blitz_string@0x194238 | exe:resource@0x54159C:csv
Scroll of Stoneskin,Scroll of Stoneskin,pending,existing_corpus | exe:blitz_string@0x194D98 | exe:resource@0x54159C:csv
Scroll of Sunder Flesh,Scroll of Sunder Flesh,pending,existing_corpus | exe:blitz_string@0x194C8C | exe:resource@0x54159C:csv
Scroll of Supernova,Scroll of Supernova,pending,existing_corpus | exe:blitz_string@0x195044 | exe:resource@0x54159C:csv
Scroll of Trapkill,Scroll of Trapkill,pending,existing_corpus | exe:blitz_string@0x1949A4 | exe:resource@0x54159C:csv
Scroll of Turn Undead,Scroll of Turn Undead,pending,existing_corpus | exe:resource@0x54159C:csv
Sealed Note,Sealed Note,pending,existing_corpus | exe:resource@0x54159C:csv
Sealed Urn,Sealed Urn,pending,existing_corpus | exe:blitz_string@0x1B5818 | exe:resource@0x54159C:csv
Secrets of Transference Circuits,Secrets of Transference Circuits,pending,existing_corpus | exe:resource@0x54159C:csv
Security Key,Security Key,pending,existing_corpus | exe:resource@0x54159C:csv
Serpent Venom,Serpent Venom,pending,existing_corpus | exe:blitz_string@0x194F38 | exe:resource@0x54159C:csv
Silver Key,Silver Key,pending,existing_corpus | exe:resource@0x54159C:csv
Silverware,Silverware,pending,existing_corpus | exe:resource@0x54159C:csv
Skinning Knife,Skinning Knife,pending,existing_corpus | exe:resource@0x54159C:csv
Skull,Skull,pending,existing_corpus | exe:blitz_string@0x1AF1E8 | exe:resource@0x54159C:csv
Skullsplitter,Skullsplitter,pending,existing_corpus | exe:resource@0x54159C:csv
Small Emerald,Small Emerald,pending,existing_corpus | exe:resource@0x54159C:csv
Small Ruby,Small Ruby,pending,existing_corpus | exe:resource@0x54159C:csv
Small Steel Shield,Small Steel Shield,pending,existing_corpus | exe:blitz_string@0x1944B4 | exe:resource@0x54159C:csv
Spices,Spices,pending,existing_corpus | exe:resource@0x54159C:csv
Spider Silk,Spider Silk,pending,existing_corpus | exe:blitz_string@0x1A52A0 | exe:resource@0x54159C:csv
Spiked Mace,Spiked Mace,pending,existing_corpus | exe:blitz_string@0x194568 | exe:resource@0x54159C:csv
Splint Mail Leggings,Splint Mail Leggings,pending,existing_corpus | exe:resource@0x54159C:csv
Steel Arrow,Steel Arrow,pending,existing_corpus | exe:blitz_string@0x1945C4 | exe:resource@0x54159C:csv
Steel Battle Axe,Steel Battle Axe,pending,existing_corpus | exe:resource@0x54159C:csv
Steel Bracers,Steel Bracers,pending,existing_corpus | exe:resource@0x54159C:csv
Steel Chainmail Coif,Steel Chainmail Coif,pending,existing_corpus | exe:resource@0x54159C:csv
Steel Claymore,Steel Claymore,pending,existing_corpus | exe:resource@0x54159C:csv
Steel Dagger,Steel Dagger,pending,existing_corpus | exe:resource@0x54159C:csv
Steel Double Battle Axe,Steel Double Battle Axe,pending,existing_corpus | exe:resource@0x54159C:csv
Steel Falcata,Steel Falcata,pending,existing_corpus | exe:resource@0x54159C:csv
Steel Full Helm,Steel Full Helm,pending,existing_corpus | exe:resource@0x54159C:csv
Steel Gladius,Steel Gladius,pending,existing_corpus | exe:resource@0x54159C:csv
Steel Kama,Steel Kama,pending,existing_corpus | exe:blitz_string@0x19458C | exe:resource@0x54159C:csv
Steel Long Sword,Steel Long Sword,pending,existing_corpus | exe:blitz_string@0x19453C | exe:resource@0x54159C:csv
Steel Plate Armor,Steel Plate Armor,pending,existing_corpus | exe:resource@0x54159C:csv
Steel Plate Gauntlets,Steel Plate Gauntlets,pending,existing_corpus | exe:resource@0x54159C:csv
Steel Plate Greaves,Steel Plate Greaves,pending,existing_corpus | exe:resource@0x54159C:csv
Steel Plated Boots,Steel Plated Boots,pending,existing_corpus | exe:resource@0x54159C:csv
Steel Ring Mail Jerkin,Steel Ring Mail Jerkin,pending,existing_corpus | exe:resource@0x54159C:csv
Steel Scaled Armor,Steel Scaled Armor,pending,existing_corpus | exe:resource@0x54159C:csv
Steel Short Sword,Steel Short Sword,pending,existing_corpus | exe:resource@0x54159C:csv
Steel Spear,Steel Spear,pending,existing_corpus | exe:blitz_string@0x1B5768 | exe:resource@0x54159C:csv
Steel Throwing Dart,Steel Throwing Dart,pending,existing_corpus | exe:blitz_string@0x1945E8 | exe:resource@0x54159C:csv
Steel War Maul,Steel War Maul,pending,existing_corpus | exe:resource@0x54159C:csv
Steel Warhammer,Steel Warhammer,pending,existing_corpus | exe:resource@0x54159C:csv
Stiletto,Stiletto,pending,existing_corpus | exe:blitz_string@0x194520 | exe:resource@0x54159C:csv
Stone,Stone,pending,existing_corpus | exe:blitz_string@0x1A8E0C | exe:resource@0x54159C:csv
Stone Hand Axe,Stone Hand Axe,pending,existing_corpus | exe:resource@0x54159C:csv
Storage Key,Storage Key,pending,existing_corpus | exe:resource@0x54159C:csv
Strange Amulet,Strange Amulet,pending,existing_corpus | exe:blitz_string@0x1A2B0C | exe:resource@0x54159C:csv
Strongman's Belt,Strongman's Belt,pending,existing_corpus | exe:resource@0x54159C:csv
Studded Leather Belt,Studded Leather Belt,pending,existing_corpus | exe:blitz_string@0x1943B0 | exe:resource@0x54159C:csv
Studded Leather Boots,Studded Leather Boots,pending,existing_corpus | exe:resource@0x54159C:csv
Studded Leather Hauberk,Studded Leather Hauberk,pending,existing_corpus | exe:blitz_string@0x1944E4 | exe:resource@0x54159C:csv
Studded Leather Jerkin,Studded Leather Jerkin,pending,existing_corpus | exe:resource@0x54159C:csv
Studded Leather Leggings,Studded Leather Leggings,pending,existing_corpus | exe:resource@0x54159C:csv
Sulfur,Sulfur,pending,existing_corpus | exe:blitz_string@0x193F38 | exe:resource@0x54159C:csv
Survivalist's Cloak,Survivalist's Cloak,pending,existing_corpus | exe:resource@0x54159C:csv
Swordsman's Gauntlets,Swordsman's Gauntlets,pending,existing_corpus | exe:resource@0x54159C:csv
Tarnished Key,Tarnished Key,pending,existing_corpus | exe:resource@0x54159C:csv
Tattered Breeches,Tattered Breeches,pending,existing_corpus | exe:resource@0x54159C:csv
The Alchemist's Cookbook I,The Alchemist's Cookbook I,pending,existing_corpus | exe:resource@0x54159C:csv
The Alchemist's Cookbook II,The Alchemist's Cookbook II,pending,existing_corpus | exe:resource@0x54159C:csv
The Alchemist's Cookbook III,The Alchemist's Cookbook III,pending,existing_corpus | exe:resource@0x54159C:csv
The Art of Brewing,The Art of Brewing,pending,existing_corpus | exe:resource@0x54159C:csv
The Crimson Sky,The Crimson Sky,pending,existing_corpus | exe:resource@0x54159C:csv
The Goblins of Thaermore,The Goblins of Thaermore,pending,existing_corpus | exe:resource@0x54159C:csv
The Greatest Ranger,The Greatest Ranger,pending,existing_corpus | exe:resource@0x54159C:csv
The Holy Tasslar,The Holy Tasslar,pending,existing_corpus | exe:resource@0x54159C:csv
The Jewel of Thaermore,The Jewel of Thaermore,pending,existing_corpus | exe:resource@0x54159C:csv
The Legendary Swordsman,The Legendary Swordsman,pending,existing_corpus | exe:resource@0x54159C:csv
The Lumberjack,The Lumberjack,pending,existing_corpus | exe:resource@0x54159C:csv
The Orakur Are Watching,The Orakur Are Watching,pending,existing_corpus | exe:resource@0x54159C:csv
Thieves Softened Leather Boots,Thieves Softened Leather Boots,pending,existing_corpus | exe:resource@0x54159C:csv
Thin Key,Thin Key,pending,existing_corpus | exe:resource@0x54159C:csv
Thinking Cap,Thinking Cap,pending,existing_corpus | exe:resource@0x54159C:csv
Tin Ring,Tin Ring,pending,existing_corpus | exe:resource@0x54159C:csv
Torch,Torch,pending,existing_corpus | exe:blitz_string@0x194318 | exe:resource@0x54159C:csv
Torn Page,Torn Page,pending,existing_corpus | exe:resource@0x54159C:csv
Tower Shield,Tower Shield,pending,existing_corpus | exe:resource@0x54159C:csv
Trapper's Gloves,Trapper's Gloves,pending,existing_corpus | exe:resource@0x54159C:csv
Traveler's Shirt,Traveler's Shirt,pending,existing_corpus | exe:blitz_string@0x1B5BAC | exe:resource@0x54159C:csv
Tuber,Tuber,pending,existing_corpus | exe:resource@0x54159C:csv
Warlord's Plated Belt,Warlord's Plated Belt,pending,existing_corpus | exe:resource@0x54159C:csv
Weapon Fragments,Weapon Fragments,pending,existing_corpus | exe:resource@0x54159C:csv
Widget,Widget,pending,existing_corpus | exe:blitz_string@0x1AF218 | exe:resource@0x54159C:csv
This strange object doesn't seem to belong to this world,This strange object doesn't seem to belong to this world,pending,existing_corpus
Willow Sap,Willow Sap,pending,existing_corpus | exe:blitz_string@0x193EDC | exe:resource@0x54159C:csv
Wizard's Hat,Wizard's Hat,pending,existing_corpus | exe:blitz_string@0x1940A0 | exe:resource@0x54159C:csv
Wolves' Tooth Amulet,Wolves' Tooth Amulet,pending,existing_corpus | exe:resource@0x54159C:csv
Wooden Buckler,Wooden Buckler,pending,existing_corpus | exe:blitz_string@0x194778 | exe:resource@0x54159C:csv
Wooden Cudgel,Wooden Cudgel,pending,existing_corpus | exe:blitz_string@0x1947C8 | exe:resource@0x54159C:csv
Yew Longbow,Yew Longbow,pending,existing_corpus | exe:blitz_string@0x194330 | exe:resource@0x54159C:csv
Yew Short Bow,Yew Short Bow,pending,existing_corpus | exe:resource@0x54159C:csv
Zen Amulet,Zen Amulet,pending,existing_corpus | exe:resource@0x54159C:csv
"A historical account of the enslavement of Giants in Thaermore, by Mars Birchun. *The giants of Tharemore, now predominately residing in the Timberland Plains area, are not native to the region of Thaermore. It was the enslavement of these beings for work in the mines that brought them here. *First, a note concerning Giants: they are not the feeble-minded creatures of popular conception. They are, in fact, highly socialized beings equal to that of men or elves, though perhaps their primitive speech patterns and rituals make them appear less civilized. It was this prejudice that led to the giants' enslavement and eventual revolt of the race of giants. *During the late second century, great multitudes of giants were brought from the lands beyond Barrea and forced to work the mines, smashing rock and carrying ore. Their captors thought of them as nothing more than animals and worked them often to their death. However, as their numbers increased, the giants began to secretly organize a rebellion. By the time their captors knew of this plot, the giants had grown too numerous and unified to be suppressed. The revolt of 477 was a bloody uprising that ended with the freedom of the enslaved giants. Hundreds of humans were killed in the rebellion. *Although many to this day harbor ill feelings towards the giants, others now acknowledge the giant's right to freedom and no longer hold them responsible for the bloodshed incurred during the revolt. The giants themselves remain suspicious of humans and choose to stay in the lands they claimed after the revolt, though their numbers have steadily dwindled as many have left to return to their native homelands.","A historical account of the enslavement of Giants in Thaermore, by Mars Birchun. *The giants of Tharemore, now predominately residing in the Timberland Plains area, are not native to the region of Thaermore. It was the enslavement of these beings for work in the mines that brought them here. *First, a note concerning Giants: they are not the feeble-minded creatures of popular conception. They are, in fact, highly socialized beings equal to that of men or elves, though perhaps their primitive speech patterns and rituals make them appear less civilized. It was this prejudice that led to the giants' enslavement and eventual revolt of the race of giants. *During the late second century, great multitudes of giants were brought from the lands beyond Barrea and forced to work the mines, smashing rock and carrying ore. Their captors thought of them as nothing more than animals and worked them often to their death. However, as their numbers increased, the giants began to secretly organize a rebellion. By the time their captors knew of this plot, the giants had grown too numerous and unified to be suppressed. The revolt of 477 was a bloody uprising that ended with the freedom of the enslaved giants. Hundreds of humans were killed in the rebellion. *Although many to this day harbor ill feelings towards the giants, others now acknowledge the giant's right to freedom and no longer hold them responsible for the bloodshed incurred during the revolt. The giants themselves remain suspicious of humans and choose to stay in the lands they claimed after the revolt, though their numbers have steadily dwindled as many have left to return to their native homelands.",pending,existing_corpus | exe:resource@0x552770:line
"$, *You don't know who I am, but I know who you are. I'm sure you are very confused right now, but you must gather yourself quickly. I've hidden a few basic supplies for you- they are out back near the well. Hopefully you'll remember the secret spot. You need to find a man named Maddock in the village of Aridell, which is just a short walk northeast of here. He'll know who you are and he has been instructed to give you a small package upon your arrival. Be very careful- this land has been befouled and is not safe. If you wish to live, I suggest you stay on the main roads and paths- do not wander! *:E: *The name ""Maddock"" means nothing to you, nor does the initial ""E"". With nothing else to go on, perhaps finding this person named Maddock will be your best chance to make sense of this confusion.","$, *You don't know who I am, but I know who you are. I'm sure you are very confused right now, but you must gather yourself quickly. I've hidden a few basic supplies for you- they are out back near the well. Hopefully you'll remember the secret spot. You need to find a man named Maddock in the village of Aridell, which is just a short walk northeast of here. He'll know who you are and he has been instructed to give you a small package upon your arrival. Be very careful- this land has been befouled and is not safe. If you wish to live, I suggest you stay on the main roads and paths- do not wander! *:E: *The name ""Maddock"" means nothing to you, nor does the initial ""E"". With nothing else to go on, perhaps finding this person named Maddock will be your best chance to make sense of this confusion.",pending,existing_corpus | exe:resource@0x552770:line
"A guide to making simple elixirs and potions, by Senior Alchemist Uru Darkfrost. *This lesson book will give you recipes for the four most basic mixtures. All of these potions can be mixed by even the most novice alchemists, except for Keensight which requires just a bit more skill to get the right balance. *For Healing Elixirs and Mana Potions, you'll notice that the more skilled you are in Alchemy, the more potent your mixtures become."" *-------------- *Healing Elixir : Willow Sap and Sulfur *Mana Potion : Mandrake Root and Acid *Cat's Eyes Serum : Willow Sap and Bromine *Keensight : Ambergris and Acid","A guide to making simple elixirs and potions, by Senior Alchemist Uru Darkfrost. *This lesson book will give you recipes for the four most basic mixtures. All of these potions can be mixed by even the most novice alchemists, except for Keensight which requires just a bit more skill to get the right balance. *For Healing Elixirs and Mana Potions, you'll notice that the more skilled you are in Alchemy, the more potent your mixtures become."" *-------------- *Healing Elixir : Willow Sap and Sulfur *Mana Potion : Mandrake Root and Acid *Cat's Eyes Serum : Willow Sap and Bromine *Keensight : Ambergris and Acid",pending,existing_corpus | exe:resource@0x552770:line
"A guide to making complex elixirs and potions, by Senior Alchemist Uru Darkfrost. *This lesson book will cover more advanced elixirs and potions. Most of these mixtures require an Alchemy skill of at least 5 or more. For Healing Elixirs and Mana Potions, review the guide for simple potions and elixirs. *-------------- *Haste : Mandrake Root and Mercury *Ogre Strength : Jelly Fungus and Bromine *Potion of Nimbleness : Jelly Fungus and Mercury *Cure Disease : Belladonna and Charcoal *Detox Serum : Belladonna and Serpent Venom","A guide to making complex elixirs and potions, by Senior Alchemist Uru Darkfrost. *This lesson book will cover more advanced elixirs and potions. Most of these mixtures require an Alchemy skill of at least 5 or more. For Healing Elixirs and Mana Potions, review the guide for simple potions and elixirs. *-------------- *Haste : Mandrake Root and Mercury *Ogre Strength : Jelly Fungus and Bromine *Potion of Nimbleness : Jelly Fungus and Mercury *Cure Disease : Belladonna and Charcoal *Detox Serum : Belladonna and Serpent Venom",pending,existing_corpus | exe:resource@0x552770:line
"A guide to making defensive potions, by Senior Alchemist Uru Darkfrost. *This lesson book will cover defensive potions to keep you safe during battle or exploration. Most of these mixtures require an Alchemy skill of at least 5 or more. *-------------- *Leatherskin : Willow Sap and Serpent Venom *Mana Fortify : Mandrake Root and Bromine *Stone Skin : Jelly Fungus and Serpent Venom *Potion of Greater Protection : Ectoplasm and Sulfur *Invisibility : Ectoplasm and Charcoal","A guide to making defensive potions, by Senior Alchemist Uru Darkfrost. *This lesson book will cover defensive potions to keep you safe during battle or exploration. Most of these mixtures require an Alchemy skill of at least 5 or more. *-------------- *Leatherskin : Willow Sap and Serpent Venom *Mana Fortify : Mandrake Root and Bromine *Stone Skin : Jelly Fungus and Serpent Venom *Potion of Greater Protection : Ectoplasm and Sulfur *Invisibility : Ectoplasm and Charcoal",pending,existing_corpus | exe:resource@0x552770:line
"""Welcome to the Underground Repository. Validation required for entry. House rules strictly enforced. Trespassers will become permanent guests of the Repository.""","""Welcome to the Underground Repository. Validation required for entry. House rules strictly enforced. Trespassers will become permanent guests of the Repository.""",pending,existing_corpus | exe:resource@0x552770:line
"(This appears to be a page torn from an old Tome of Alchemy.) *""...would not be recommended under any circumstances. However, one would find that equal parts Willow Sap as a reagent, and Sulfur as a reactant, produces the most effective form of healing elixir. With many years of practice, the talented Alchemist can craft elixirs with properties exceeding that of even..."" *The rest of the text is lost below the tear in the page.","(This appears to be a page torn from an old Tome of Alchemy.) *""...would not be recommended under any circumstances. However, one would find that equal parts Willow Sap as a reagent, and Sulfur as a reactant, produces the most effective form of healing elixir. With many years of practice, the talented Alchemist can craft elixirs with properties exceeding that of even..."" *The rest of the text is lost below the tear in the page.",pending,existing_corpus | exe:resource@0x552770:line
"This parchment appears to be part of a journal entry... *""After scouting several different areas, I think the pit area is the best place to store my valuables until order is restored in this region. The Salamanders won't disturb the chests and everyone knows best to stay away from this area. Yes! I think the Salamanders will make perfect guards! The invisibility potion will keep me hidden from the beasts until I am finished stashing me belongings...it is common knowledge that Salamanders hunt using sight, not smell. Or is it the other way around? No matter, it will only take me a few moments to place the chests."" *There looks to be a crude map of the pit area scrawled under this entry.","This parchment appears to be part of a journal entry... *""After scouting several different areas, I think the pit area is the best place to store my valuables until order is restored in this region. The Salamanders won't disturb the chests and everyone knows best to stay away from this area. Yes! I think the Salamanders will make perfect guards! The invisibility potion will keep me hidden from the beasts until I am finished stashing me belongings...it is common knowledge that Salamanders hunt using sight, not smell. Or is it the other way around? No matter, it will only take me a few moments to place the chests."" *There looks to be a crude map of the pit area scrawled under this entry.",pending,existing_corpus | exe:resource@0x552770:line
"You open the book to a page that has been marked: *If everything has been prepared correctly- the Ethereal Salts, the Divining Crystals, and of course the required symbolic Pentagram- you should now be able to activate the circuit via the aforementioned Gateway Incantation. The incantation binds the gates and completes the circuit. If this is your first attempt at creating a Transference Circuit, it is best to make a short distance version in a controlled environment and test it thoroughly to ensure that you missed no instructions. Only after you've perfected the process should you attempt to create one outside your lab. *It is important to remember that a Transference Circuit will remain active, essentially forever, until it has been properly destroyed. The destruction process is complicated and is not covered here. For more information on that, consult Sirus Ortimer's book ""Deconstructing Portals and Gateways"".","You open the book to a page that has been marked: *If everything has been prepared correctly- the Ethereal Salts, the Divining Crystals, and of course the required symbolic Pentagram- you should now be able to activate the circuit via the aforementioned Gateway Incantation. The incantation binds the gates and completes the circuit. If this is your first attempt at creating a Transference Circuit, it is best to make a short distance version in a controlled environment and test it thoroughly to ensure that you missed no instructions. Only after you've perfected the process should you attempt to create one outside your lab. *It is important to remember that a Transference Circuit will remain active, essentially forever, until it has been properly destroyed. The destruction process is complicated and is not covered here. For more information on that, consult Sirus Ortimer's book ""Deconstructing Portals and Gateways"".",pending,existing_corpus | exe:resource@0x552770:line
"$, *If you are reading this then you have made it safely to Aridell and found Maddock. I could not risk leaving this document with you due to the sensitivity of the information I am about to disclose. I was unsure how long you'd be unconscious and I couldn't risk having this document end up in the wrong hands. Maddock is a simple man who has lived in this village most of his life and I knew he'd be a trustworthy caretaker of this parcel I left for you. Use the gold to buy supplies for yourself- whatever you need to secure your safety and well being. I wish I could have left you more, but it was all I had. *I'm sure you are wondering who I am. My identity will be revealed in time, but for now you should simply trust me. Whether you decide to or not is your choice. *Now, about yourself: you are part of something very big- an event that has affected this entire region. For your safety you were placed into hiding and your memory was erased with a special serum. The name you think you remember, $, was imprinted in your mind. I will not reveal your true name here because of the danger it would bring you, so you should continue to live by the name $. It would be wise for you to not draw attention to yourself by asking too many questions about your past. *Your true identity can be revealed to you but only if you are willing to accept the risk that accompanies it. You must decide for yourself whether to seek the truth or simply become ""$"" and settle into this new life. If you choose the path of truth it will be a hard and dangerous journey. *And so, if the truth is what you seek, you need to start by retrieving an amulet that belongs to you. Before your memory was taken, you requested that I secure a special amulet for you. I did so by slipping it into the coffin of a recently deceased aristocrat named ""Adler Keldam"". He is interred in a vault at Eversleep Cemetery in the North Parish region. I knew his casket would be a secure place to hide your amulet; the problem now is retrieving it. The door to the crypt is locked tight. Smashing the door down or picking the lock might be an option, but it may be easiest to just get the key. The cemetery director, Leurik, lives a bit north of Aridell and he has the key. I am confident that you could figure out a way to get it from him. *Once you retrieve your amulet from the crypt, take it to a woman named Lilith who lives in Tangletree Forest. Look for her house in the ""heart of the woods"". She will tell you what she knows of this amulet and set you on the right path. *Finally, you must use this time to rebuild your strength, stamina and knowledge. You were once very proficient in many skills, which the serum has caused you to forget. Only through experience and practice will you be able to reacquire these Skills you have lost. It is the only way you'll be safe. *:E:","$, *If you are reading this then you have made it safely to Aridell and found Maddock. I could not risk leaving this document with you due to the sensitivity of the information I am about to disclose. I was unsure how long you'd be unconscious and I couldn't risk having this document end up in the wrong hands. Maddock is a simple man who has lived in this village most of his life and I knew he'd be a trustworthy caretaker of this parcel I left for you. Use the gold to buy supplies for yourself- whatever you need to secure your safety and well being. I wish I could have left you more, but it was all I had. *I'm sure you are wondering who I am. My identity will be revealed in time, but for now you should simply trust me. Whether you decide to or not is your choice. *Now, about yourself: you are part of something very big- an event that has affected this entire region. For your safety you were placed into hiding and your memory was erased with a special serum. The name you think you remember, $, was imprinted in your mind. I will not reveal your true name here because of the danger it would bring you, so you should continue to live by the name $. It would be wise for you to not draw attention to yourself by asking too many questions about your past. *Your true identity can be revealed to you but only if you are willing to accept the risk that accompanies it. You must decide for yourself whether to seek the truth or simply become ""$"" and settle into this new life. If you choose the path of truth it will be a hard and dangerous journey. *And so, if the truth is what you seek, you need to start by retrieving an amulet that belongs to you. Before your memory was taken, you requested that I secure a special amulet for you. I did so by slipping it into the coffin of a recently deceased aristocrat named ""Adler Keldam"". He is interred in a vault at Eversleep Cemetery in the North Parish region. I knew his casket would be a secure place to hide your amulet; the problem now is retrieving it. The door to the crypt is locked tight. Smashing the door down or picking the lock might be an option, but it may be easiest to just get the key. The cemetery director, Leurik, lives a bit north of Aridell and he has the key. I am confident that you could figure out a way to get it from him. *Once you retrieve your amulet from the crypt, take it to a woman named Lilith who lives in Tangletree Forest. Look for her house in the ""heart of the woods"". She will tell you what she knows of this amulet and set you on the right path. *Finally, you must use this time to rebuild your strength, stamina and knowledge. You were once very proficient in many skills, which the serum has caused you to forget. Only through experience and practice will you be able to reacquire these Skills you have lost. It is the only way you'll be safe. *:E:",pending,existing_corpus | exe:resource@0x552770:line
"This book talks in depth about the elements of swordsmanship: weapon terminology, proper body postures, offensive and defensive maneuvers, and detailed analysis of legendary sword fights. By the end of the book you know a great deal more about swordsmanship than you did before.","This book talks in depth about the elements of swordsmanship: weapon terminology, proper body postures, offensive and defensive maneuvers, and detailed analysis of legendary sword fights. By the end of the book you know a great deal more about swordsmanship than you did before.",pending,existing_corpus | exe:resource@0x552770:line
"This book talks in depth about the design of locks throughout history: analysis of security features, lock craftsmanship, historical lock designs and lock picking theory. By the end of the book you feel you have a great understanding about the mechanical functionality of locks.","This book talks in depth about the design of locks throughout history: analysis of security features, lock craftsmanship, historical lock designs and lock picking theory. By the end of the book you feel you have a great understanding about the mechanical functionality of locks.",pending,existing_corpus | exe:resource@0x552770:line
"This book is a historical account of how war mauls and hammers have been used in battles since the beginning of time. You learn much about the various designs of bludgeoning weapons, how the most successful warriors wielded them, and even how to splinter every single rib in a man's chest with a hammer strike to the sternum. By the end of the book you are much more learned in the use of hammers than you were before.","This book is a historical account of how war mauls and hammers have been used in battles since the beginning of time. You learn much about the various designs of bludgeoning weapons, how the most successful warriors wielded them, and even how to splinter every single rib in a man's chest with a hammer strike to the sternum. By the end of the book you are much more learned in the use of hammers than you were before.",pending,existing_corpus | exe:resource@0x552770:line
"This book is a historical account of a Ranger named Tyrus of Blackbarrow. By reading it you learn of his legendary skills with a bow, his techniques for greater accuracy, his opinions on bow designs and arrow variations. In addition to being amused by accounts of Tyrus splitting boulders in two with a single arrow, you gain tremendous insight to the field of archery.","This book is a historical account of a Ranger named Tyrus of Blackbarrow. By reading it you learn of his legendary skills with a bow, his techniques for greater accuracy, his opinions on bow designs and arrow variations. In addition to being amused by accounts of Tyrus splitting boulders in two with a single arrow, you gain tremendous insight to the field of archery.",pending,existing_corpus | exe:resource@0x552770:line
"This book is a rogue's guide to using shadow and darkness to conceal your presence. It describes techniques for finding the darkest corners in rooms, using soot to blacken shiny armor and weapons, and anticipating the changing path of shadows cast by moving light sources. By the end of the book you feel as though you have a better understanding of shadow hiding techniques.","This book is a rogue's guide to using shadow and darkness to conceal your presence. It describes techniques for finding the darkest corners in rooms, using soot to blacken shiny armor and weapons, and anticipating the changing path of shadows cast by moving light sources. By the end of the book you feel as though you have a better understanding of shadow hiding techniques.",pending,existing_corpus | exe:resource@0x552770:line
"This book is a primer to the Elemental realm of arcane magick. It starts by describing the fundamental aspects of the four cosmic elements and how magick employs them. You learn the basics of casting, tips on how to suppress aborted spells, and proper somatic postures for more advanced casting. Although this book was clearly written for novices, you feel you've learned quite a bit about Elemental Magick.","This book is a primer to the Elemental realm of arcane magick. It starts by describing the fundamental aspects of the four cosmic elements and how magick employs them. You learn the basics of casting, tips on how to suppress aborted spells, and proper somatic postures for more advanced casting. Although this book was clearly written for novices, you feel you've learned quite a bit about Elemental Magick.",pending,existing_corpus | exe:resource@0x552770:line
"This book is a primer for the realm of Divination magick. It outlines the many gods that are believed to be the source of this magick and how the caster becomes a channel for their divine powers. Likewise you learn various casting techniques for stronger spells, the pros and cons of using dark divination, and the basics of ""natural casting"" for atheists who study the field of Divination. By the end of the book you feel as if you've learned quite a bit about the realm of Divination magick.","This book is a primer for the realm of Divination magick. It outlines the many gods that are believed to be the source of this magick and how the caster becomes a channel for their divine powers. Likewise you learn various casting techniques for stronger spells, the pros and cons of using dark divination, and the basics of ""natural casting"" for atheists who study the field of Divination. By the end of the book you feel as if you've learned quite a bit about the realm of Divination magick.",pending,existing_corpus | exe:resource@0x552770:line
"This book talks in depth about the skill of Cartography. By reading it you learn of various techniques for measuring distance and determining world location, direction-sensing underground, avoiding common mapping mistakes and even the complex art of map folding. By the end of the book you feel as if you've learned quite a bit about this subject.","This book talks in depth about the skill of Cartography. By reading it you learn of various techniques for measuring distance and determining world location, direction-sensing underground, avoiding common mapping mistakes and even the complex art of map folding. By the end of the book you feel as if you've learned quite a bit about this subject.",pending,existing_corpus | exe:resource@0x552770:line
"This book is a rogue's field guide to the art of spotting hidden objects in your surroundings. It discusses what features to look for, popular hiding locations for traps and treasure, and techniques for investigating loose stones or suspicious flooring. By the end of the book you clearly have an improved ability to spot hidden features in your surrounding.","This book is a rogue's field guide to the art of spotting hidden objects in your surroundings. It discusses what features to look for, popular hiding locations for traps and treasure, and techniques for investigating loose stones or suspicious flooring. By the end of the book you clearly have an improved ability to spot hidden features in your surrounding.",pending,existing_corpus | exe:resource@0x552770:line
"This book is a textbook for understanding commerce. In it you learn concepts of bartering and exchange, how to accurately appraise goods, and how to best haggle with a stubborn merchant. By the end of the book your understanding of the business of trade has improved vastly.","This book is a textbook for understanding commerce. In it you learn concepts of bartering and exchange, how to accurately appraise goods, and how to best haggle with a stubborn merchant. By the end of the book your understanding of the business of trade has improved vastly.",pending,existing_corpus | exe:resource@0x552770:line
"This book is a guide to the use of light armors. By reading it you learn of light armor variations, proper care for armor, and techniques for maximizing your armor's protective ability. By the end of the guide you feel as though your understanding of light armor has greatly improved.","This book is a guide to the use of light armors. By reading it you learn of light armor variations, proper care for armor, and techniques for maximizing your armor's protective ability. By the end of the guide you feel as though your understanding of light armor has greatly improved.",pending,existing_corpus | exe:resource@0x552770:line
"This book is a guide to the use of heavy armors. By reading it you learn of heavy armor variations, proper care for armor, and techniques for minimizing the fatigue incurred while using heavy armor. By the end of the guide you feel as though your understanding of heavy armor has greatly improved.","This book is a guide to the use of heavy armors. By reading it you learn of heavy armor variations, proper care for armor, and techniques for minimizing the fatigue incurred while using heavy armor. By the end of the guide you feel as though your understanding of heavy armor has greatly improved.",pending,existing_corpus | exe:resource@0x552770:line
"This book covers the history of traps as used for both trickery and warfare. As you page through the chapters you learn of the many designs of traps, their construction and functionality, and of course the best way to disarm a loaded trap. By the end of the book your understanding of skullduggery has increased tremendously.","This book covers the history of traps as used for both trickery and warfare. As you page through the chapters you learn of the many designs of traps, their construction and functionality, and of course the best way to disarm a loaded trap. By the end of the book your understanding of skullduggery has increased tremendously.",pending,existing_corpus | exe:resource@0x552770:line
"This book covers the basics of Alchemy. Within the pages you find descriptions of reagents and reactants, mixing techniques for beginners, how to tell when a potion has turned sour, and how to improve the potency of certain concoctions. By the end of the book you feel as though your knowledge of alchemy has improved.","This book covers the basics of Alchemy. Within the pages you find descriptions of reagents and reactants, mixing techniques for beginners, how to tell when a potion has turned sour, and how to improve the potency of certain concoctions. By the end of the book you feel as though your knowledge of alchemy has improved.",pending,existing_corpus | exe:resource@0x552770:line
"$, *Well done! If you are reading this then you have completed a difficult series of tasks designed to ensure your safety. Although enough time has passed for you to have firmly solidified your new identity, the danger surrounding your previous identity is not completely eliminated. Still, it should be a bit safer now to fill you in on some of the mystery surrounding your past. *First, you undoubtedly see the large gemstone in the box along with this note. Yes, this is the legendary ""Crux of Ages"" that I'm sure you have heard about. Take it with you and keep it close. It will protect you, but if you show it to anyone it will certainly lead to your death. *Now for how this came into your possession: you found it while scavenging a goblin battlefield looking for valuables. I cannot describe the details of the actual discovery to you now because if it were to trigger memories of the event, your life would be in certain danger. Let me explain: *A powerful Goblin Shaman named Gramuk is using a technique called ""Temporal Linking"" to locate the person who recovered the Crux. You see, every action you do is etched in your mind as a memory, forever linked to a lifetime of previously accumulated memories. Thus, the event of you finding the Crux was linked to all the memories associated with your prior identity. Scryers who perform Temporal Linking can use these linked memories to identify and locate people by focusing in on specific events. Erasing your identity and all associated memories means Gramuk is unable to connect the event of recovering the gemstone back to you. Even after taking possession of the Crux now, the lack of chronological memories linking you to the gem means it will be many weeks before Gramuk will be able to scry enough information to locate you. *So have you figured out who I am yet? Certainly you must have speculated by now that I am you. Yes, you set this all up to protect yourself- you wrote these notes and devised this scheme to destroy your memory and build a new identity. *Now this is where things get complicated and I will do my best to help you understand what is happening. First, you were not alone when you found the Crux: your brother was with you and shared in the recovery and concealment of the gemstone. He had planned to erase his memory along with you, but he was located and captured by the Goblins before he was able to complete the task. The only chance you had of helping him was to follow through with the plan and erase your own memory first. Now that you've accomplished this, you must locate and help your brother. The Goblins will keep him alive as long as they believe they can extract information from him, but the torture he must be enduring is unthinkable. Days ago, just before you erased your memory, you heard from a Ranger passing through Tanglewood that he may have been taken to the abandoned city Vela, which is now a goblin outpost. *There are many more questions surrounding this war, such as the Chancellor believing that the Orakur have stolen the gem even though evidence strongly points to the Goblins. This evidence, along with the Chancellor's incongruous war plan to abandon security across Thaermore, substantiates the theory that Gramuk is somehow influencing the Chancellor. While you may believe none of this information concerns you, it does, because eventually the Crux will be tracked back to you; eventually your brother will be killed when he is of no more use to the Goblins; and eventually all of Thaermore will fall to the spreading Goblin insurgence. Like it or not, you have become a significant factor in this war. *If you fled now, I wouldn't blame you. You could toss the gem into a river, leave your brother whom you have no memories of to his fate and start a new life somewhere else. However, I know you are stronger person than that. Please, locate and help your brother. He is the only family you have.","$, *Well done! If you are reading this then you have completed a difficult series of tasks designed to ensure your safety. Although enough time has passed for you to have firmly solidified your new identity, the danger surrounding your previous identity is not completely eliminated. Still, it should be a bit safer now to fill you in on some of the mystery surrounding your past. *First, you undoubtedly see the large gemstone in the box along with this note. Yes, this is the legendary ""Crux of Ages"" that I'm sure you have heard about. Take it with you and keep it close. It will protect you, but if you show it to anyone it will certainly lead to your death. *Now for how this came into your possession: you found it while scavenging a goblin battlefield looking for valuables. I cannot describe the details of the actual discovery to you now because if it were to trigger memories of the event, your life would be in certain danger. Let me explain: *A powerful Goblin Shaman named Gramuk is using a technique called ""Temporal Linking"" to locate the person who recovered the Crux. You see, every action you do is etched in your mind as a memory, forever linked to a lifetime of previously accumulated memories. Thus, the event of you finding the Crux was linked to all the memories associated with your prior identity. Scryers who perform Temporal Linking can use these linked memories to identify and locate people by focusing in on specific events. Erasing your identity and all associated memories means Gramuk is unable to connect the event of recovering the gemstone back to you. Even after taking possession of the Crux now, the lack of chronological memories linking you to the gem means it will be many weeks before Gramuk will be able to scry enough information to locate you. *So have you figured out who I am yet? Certainly you must have speculated by now that I am you. Yes, you set this all up to protect yourself- you wrote these notes and devised this scheme to destroy your memory and build a new identity. *Now this is where things get complicated and I will do my best to help you understand what is happening. First, you were not alone when you found the Crux: your brother was with you and shared in the recovery and concealment of the gemstone. He had planned to erase his memory along with you, but he was located and captured by the Goblins before he was able to complete the task. The only chance you had of helping him was to follow through with the plan and erase your own memory first. Now that you've accomplished this, you must locate and help your brother. The Goblins will keep him alive as long as they believe they can extract information from him, but the torture he must be enduring is unthinkable. Days ago, just before you erased your memory, you heard from a Ranger passing through Tanglewood that he may have been taken to the abandoned city Vela, which is now a goblin outpost. *There are many more questions surrounding this war, such as the Chancellor believing that the Orakur have stolen the gem even though evidence strongly points to the Goblins. This evidence, along with the Chancellor's incongruous war plan to abandon security across Thaermore, substantiates the theory that Gramuk is somehow influencing the Chancellor. While you may believe none of this information concerns you, it does, because eventually the Crux will be tracked back to you; eventually your brother will be killed when he is of no more use to the Goblins; and eventually all of Thaermore will fall to the spreading Goblin insurgence. Like it or not, you have become a significant factor in this war. *If you fled now, I wouldn't blame you. You could toss the gem into a river, leave your brother whom you have no memories of to his fate and start a new life somewhere else. However, I know you are stronger person than that. Please, locate and help your brother. He is the only family you have.",pending,existing_corpus | exe:resource@0x552770:line
"Hagbert, *Don't forget: Once you make it to the Lonely Spirits Tavern in Blackwater, you must register under the name ""Foozgrumph"" for the innkeeper to give you the proper room. Once inside the room, you'll discover that the northwest wall is false. That is how you get there. Don't fail me again Hagbert or I'll cut out your liver.""","Hagbert, *Don't forget: Once you make it to the Lonely Spirits Tavern in Blackwater, you must register under the name ""Foozgrumph"" for the innkeeper to give you the proper room. Once inside the room, you'll discover that the northwest wall is false. That is how you get there. Don't fail me again Hagbert or I'll cut out your liver.""",pending,existing_corpus | exe:resource@0x552770:line
"Gramuk leads you to a large vault just off the main vestibule in his tower room. In the vault you see huge chests filled with gold, gemstones, and priceless bars of Divine Ore. He picks up a canvas sack and begins scooping armfuls of neatly stacked coins from a table into it until the top can barely close. *""With the Crux back in our possession we now have the power to reclaim our ancient homelands. You've aided the race of Goblins, and now I make good on my offer."" Gramuk lifts the hefty sack of gold and places it in your arms. ""Take this gold, human. It is enough to buy passage out of Thaermore where you can retire as a wealthy lord. But heed this warning: once you leave this Citadel you will be just another human to us. Leave Thaermore and never return."" *You cinch the sack of gold closed and hoist it onto your shoulder. It is heavy. Perhaps its weight is more than that of the gold alone, for you realize this sack represents the death of many humans. It represents the lands of Thaermore falling to the Goblin scourge. In time, the weight of this gold may be more than you can bear, but for now your only worry is getting out of Thaermore alive. |add_gold 83510 ; screen_fade_out ; map_port 52 ; move_player 7018 ; screen_fade_in ; areacheck|","Gramuk leads you to a large vault just off the main vestibule in his tower room. In the vault you see huge chests filled with gold, gemstones, and priceless bars of Divine Ore. He picks up a canvas sack and begins scooping armfuls of neatly stacked coins from a table into it until the top can barely close. *""With the Crux back in our possession we now have the power to reclaim our ancient homelands. You've aided the race of Goblins, and now I make good on my offer."" Gramuk lifts the hefty sack of gold and places it in your arms. ""Take this gold, human. It is enough to buy passage out of Thaermore where you can retire as a wealthy lord. But heed this warning: once you leave this Citadel you will be just another human to us. Leave Thaermore and never return."" *You cinch the sack of gold closed and hoist it onto your shoulder. It is heavy. Perhaps its weight is more than that of the gold alone, for you realize this sack represents the death of many humans. It represents the lands of Thaermore falling to the Goblin scourge. In time, the weight of this gold may be more than you can bear, but for now your only worry is getting out of Thaermore alive. |add_gold 83510 ; screen_fade_out ; map_port 52 ; move_player 7018 ; screen_fade_in ; areacheck|",pending,existing_corpus
"Gramuk escorts you through a secret tunnel underneath the Goblin Citadel. He says nothing as he leads you to a small door that he opens and promptly pushes you out of. With the sound of the door closing behind you, you realize it is all over. You stand there against the Citadel wall taking in the events that had just transpired while the desert winds howl and bite your face with sand. Everything happened so quickly that it may be days before the weight of your actions set in. Suddenly, the sound of Goblin war drums carried on the wind bring you back to the matter at hand: leaving this area as quickly as possible. *Under the blanket of the encroaching night, you make your way north to the Nimmia River where you are able to buy passage aboard a supply ship heading northwest into Eschalon.","Gramuk escorts you through a secret tunnel underneath the Goblin Citadel. He says nothing as he leads you to a small door that he opens and promptly pushes you out of. With the sound of the door closing behind you, you realize it is all over. You stand there against the Citadel wall taking in the events that had just transpired while the desert winds howl and bite your face with sand. Everything happened so quickly that it may be days before the weight of your actions set in. Suddenly, the sound of Goblin war drums carried on the wind bring you back to the matter at hand: leaving this area as quickly as possible. *Under the blanket of the encroaching night, you make your way north to the Nimmia River where you are able to buy passage aboard a supply ship heading northwest into Eschalon.",pending,existing_corpus | exe:resource@0x552770:line
"This book is about a dwarf named Biggins, purportedly the greatest lumberjack who ever lived. He wielded a 45 pound mithril axe and could fell a tree in a single stroke. Within the pages you read of his amazing skills and his tips for keeping an axe razor sharp. A chapter also describes his time serving in the Dwarven Legion of Defenders, where he single-handedly slew 100 mercenary raiders with his axe. By the end of the book you have greatly increased your knowledge of cleaving weapons.","This book is about a dwarf named Biggins, purportedly the greatest lumberjack who ever lived. He wielded a 45 pound mithril axe and could fell a tree in a single stroke. Within the pages you read of his amazing skills and his tips for keeping an axe razor sharp. A chapter also describes his time serving in the Dwarven Legion of Defenders, where he single-handedly slew 100 mercenary raiders with his axe. By the end of the book you have greatly increased your knowledge of cleaving weapons.",pending,existing_corpus | exe:resource@0x552770:line
"Imbuing your weapons or armor to increases effectiveness is an art going back a thousand years. You will notice that Ectoplasm is the primary reagent needed in all three enhancements: *To increase the damage of a weapon, use Ectoplasm and Serpent Venom. *To increase the armor penetrating ability of a weapon, use Ectoplasm and Mercury. *To increase the protection of armor, use Ectoplasm and Spider Silk. *The important thing to remember is to put these ingredients directly on the object to be imbued; do not mix these in a flask! You must also be skilled in Alchemy to at least level 5 before trying to imnbue any weapons or armor. Master Alchemists of skill 15 or higher achieve the greatest imbuement effects.","Imbuing your weapons or armor to increases effectiveness is an art going back a thousand years. You will notice that Ectoplasm is the primary reagent needed in all three enhancements: *To increase the damage of a weapon, use Ectoplasm and Serpent Venom. *To increase the armor penetrating ability of a weapon, use Ectoplasm and Mercury. *To increase the protection of armor, use Ectoplasm and Spider Silk. *The important thing to remember is to put these ingredients directly on the object to be imbued; do not mix these in a flask! You must also be skilled in Alchemy to at least level 5 before trying to imnbue any weapons or armor. Master Alchemists of skill 15 or higher achieve the greatest imbuement effects.",pending,existing_corpus | exe:resource@0x552770:line
"This hefty tome recounts the early years of Thaermore's history in exhausting detail. Thankfully, the first chapter is an abridged timeline of events covered within the book. *CHAPTER 1 : An abridgment of historical events concerning Thaermore, eastern province of Eschalon. *--- *Year 390 - Dwarven explorer Koru Keyhammer reaches the Eastern lands known as Thaermore and reports of vast natural resources and deposits of gold, ore and gemstones. *Year 405 - The first permanent settlement called ""Loneloft"" is established in the mountains of western Thaermore; its founders are primarily miners and surveyors. *Year 409 - Loneloft settlers report they have encountered a peaceful race of subterranean peoples known as the Orakur. They are described as Dwarvish in build but more adapted for permanent life underground, with large eyes and little hair. *Year 419 - Skirmishes arise over control of the mines as the Orakur claim the settlers are stealing minerals from what they refer to as the ""Great Underground"". By Year 423 these small skirmishes had escalated into war, later to be called The Plague Wars. Dwarven settlers sign an accord absolving themselves from warring with Orakur because of a perceived kinship. Because of this accord, the Dwarven people abandon their claims and leave Thaermore; Thaermore forever becomes predominately occupied by the race of Men. *Year 425 - While mining for copper a settler named Sam of Thorabur discovers a massive gemstone that would become known as ""The Crux of Ages"". Because of the ongoing conflict with the Orukur the rough stone is hidden away in Bastion Spire, a stronghold which would later become the capitol of Thaermore. *Year 433 - The first governing body of Thaermore is formed. It was decreed that a lifetime Chancellor would be elected to represent the will of people. He is given the highest authority and has a council of twelve advisors, known as The Grand Scholars, serve with him. *435 - Chancellor Marr is elected as the first governor of Thaermore. Under his leadership, Thaermore establishes the Commonwealth Guard, which becomes the turning point in the war with the Orakur. *444 - The Orakur are suppressed and driven deep underground. Chancellor Marr declares victory in the war. The Orakur disappear completely and many assume the whole populous must have succumbed to disease or starvation. Dwarven Lords from outside Thaermore condemn Chancellor Marr for his unethical warfare tactics; relations between the race of Dwarves and Men are fractured. *471 - Chancellor Marr dies after 36 years of distinguished service. Chancellor Marr II, later known as ""The Great One"", superseded his father as Chancellor. This officially begins the golden age of expansion and prosperity for Thaermore. *509 - Chancellor Torrus I supersedes Chancellor Marr II. *537 - Chancellor Katerra I supersedes Chancellor Torrus I. *[There is an entry here that has been blackened out by ink] *590 - Goblin skirmishes arise in Crakamir. The Chancellor, unwilling to squander resources defending a wasteland, concedes Crakamir to the Goblins. Elsewhere in Thaermore, the Commonwealth Guard is successful in eliminating the Goblin threat. *627 - A devastating earthquake shakes the eastern province, tearing great rifts into the land. The Orakur, long believed to have been decimated, reappear from the great fissures. Surveyors who spot them claimed they appeared skittish and non-hostile. Elusive and rarely seen above ground, the reappearance of the Orakur is not considered a threat and they are all but forgotten. *The timeline ends here, although it looks like the following page may have been ripped from the book.","This hefty tome recounts the early years of Thaermore's history in exhausting detail. Thankfully, the first chapter is an abridged timeline of events covered within the book. *CHAPTER 1 : An abridgment of historical events concerning Thaermore, eastern province of Eschalon. *--- *Year 390 - Dwarven explorer Koru Keyhammer reaches the Eastern lands known as Thaermore and reports of vast natural resources and deposits of gold, ore and gemstones. *Year 405 - The first permanent settlement called ""Loneloft"" is established in the mountains of western Thaermore; its founders are primarily miners and surveyors. *Year 409 - Loneloft settlers report they have encountered a peaceful race of subterranean peoples known as the Orakur. They are described as Dwarvish in build but more adapted for permanent life underground, with large eyes and little hair. *Year 419 - Skirmishes arise over control of the mines as the Orakur claim the settlers are stealing minerals from what they refer to as the ""Great Underground"". By Year 423 these small skirmishes had escalated into war, later to be called The Plague Wars. Dwarven settlers sign an accord absolving themselves from warring with Orakur because of a perceived kinship. Because of this accord, the Dwarven people abandon their claims and leave Thaermore; Thaermore forever becomes predominately occupied by the race of Men. *Year 425 - While mining for copper a settler named Sam of Thorabur discovers a massive gemstone that would become known as ""The Crux of Ages"". Because of the ongoing conflict with the Orukur the rough stone is hidden away in Bastion Spire, a stronghold which would later become the capitol of Thaermore. *Year 433 - The first governing body of Thaermore is formed. It was decreed that a lifetime Chancellor would be elected to represent the will of people. He is given the highest authority and has a council of twelve advisors, known as The Grand Scholars, serve with him. *435 - Chancellor Marr is elected as the first governor of Thaermore. Under his leadership, Thaermore establishes the Commonwealth Guard, which becomes the turning point in the war with the Orakur. *444 - The Orakur are suppressed and driven deep underground. Chancellor Marr declares victory in the war. The Orakur disappear completely and many assume the whole populous must have succumbed to disease or starvation. Dwarven Lords from outside Thaermore condemn Chancellor Marr for his unethical warfare tactics; relations between the race of Dwarves and Men are fractured. *471 - Chancellor Marr dies after 36 years of distinguished service. Chancellor Marr II, later known as ""The Great One"", superseded his father as Chancellor. This officially begins the golden age of expansion and prosperity for Thaermore. *509 - Chancellor Torrus I supersedes Chancellor Marr II. *537 - Chancellor Katerra I supersedes Chancellor Torrus I. *[There is an entry here that has been blackened out by ink] *590 - Goblin skirmishes arise in Crakamir. The Chancellor, unwilling to squander resources defending a wasteland, concedes Crakamir to the Goblins. Elsewhere in Thaermore, the Commonwealth Guard is successful in eliminating the Goblin threat. *627 - A devastating earthquake shakes the eastern province, tearing great rifts into the land. The Orakur, long believed to have been decimated, reappear from the great fissures. Surveyors who spot them claimed they appeared skittish and non-hostile. Elusive and rarely seen above ground, the reappearance of the Orakur is not considered a threat and they are all but forgotten. *The timeline ends here, although it looks like the following page may have been ripped from the book.",pending,existing_corpus | exe:resource@0x552770:line
"My dearest sister Penelope, *We have reached the Southern Gates only to find them sealed and with no way to pass into Thaermore. Our caravan leader assured us the gates would be passable, but now we are stuck in Crakamir. Some of the travelers want to return south, others want to stay and find a way north. Either way we are in grave danger if we remain here much longer. *I am writing you this letter in the hope that it reaches you. At daybreak we are going to send someone from the caravan to scout ahead and find a passage to Blackwater. I will give him this letter and instruct him to deliver it to you when he reaches Blackwater. *Sis, I am very fearful. All night we have heard sounds in the darkness. I think our caravan may be encircled, but by what I do not know. We keep the fires burning bright to scare off any creatures, but I think it may be attracting them. *-Mort- |condition (This letter may be of value to this Penelope woman. Do you want to attempt to deliver it to her? Clicking &yes will add it to your quest journal.) (Yes) (No) ; quest 61 1|","My dearest sister Penelope, *We have reached the Southern Gates only to find them sealed and with no way to pass into Thaermore. Our caravan leader assured us the gates would be passable, but now we are stuck in Crakamir. Some of the travelers want to return south, others want to stay and find a way north. Either way we are in grave danger if we remain here much longer. *I am writing you this letter in the hope that it reaches you. At daybreak we are going to send someone from the caravan to scout ahead and find a passage to Blackwater. I will give him this letter and instruct him to deliver it to you when he reaches Blackwater. *Sis, I am very fearful. All night we have heard sounds in the darkness. I think our caravan may be encircled, but by what I do not know. We keep the fires burning bright to scare off any creatures, but I think it may be attracting them. *-Mort- |condition (This letter may be of value to this Penelope woman. Do you want to attempt to deliver it to her? Clicking &yes will add it to your quest journal.) (Yes) (No) ; quest 61 1|",pending,existing_corpus
"Kalus, *Payment will be delivered upon news that William has been eliminated. You are free to do with Blackwater what you want afterwards. *-CM","Kalus, *Payment will be delivered upon news that William has been eliminated. You are free to do with Blackwater what you want afterwards. *-CM",pending,existing_corpus | exe:resource@0x552770:line
"""Goblin Clans of Thaermore"" *Goblins have always been a nuisance to the people of the eastern provinces. Like weeds and mosquitoes, it was a common acceptance that goblins were just here to annoy us, mucking around and causing trouble. Luckily the common goblin is just that- a nuisance that is easily scared away when confronted. Early settlers learned that just keeping a dog nearby or a lantern lit was usually enough to keep the Goblins from stealing chickens at night. *This changed in the late 5th century when Goblins began to organize themselves into clans. Suddenly there appeared Goblin war units capable of causing great harm to others. They stopped being a nuisance and became a danger. During the skirmishes of 590, the Commonwealth Guard experienced noted difficulty in suppressing Goblin raids in the southlands. After securing most of Thaermore, a large wall called the Southern Gate was built to keep the Goblins contained in Crakamir. Human settlers were evacuated from the desert lands. The Chancellor proclaimed it a victory for humans; the Goblins clans claimed it a victory for themselves. *Much was learned of the Goblin war clans at that time. The basic warrior, called the Goblin Hacker, uses a short sword or machete in a savage but effective attack. Goblin Archers have been witnessed to have impressive accuracy with short bows. And the Goblin Bombthug, a unit strapped with a keg of Bangdust, is fully prepared to sacrifice himself in the defense of the unit or a higher officer. Although most Goblins are not known to possess magickal abilities, there are reports of Goblin Shaman among the clan population. *The Goblin unit is loosely assembled and generally led by a Warlord. Warlords answer to a higher officer, usually the clan leader. ""Clan leader"" is a position held by the strongest goblin; at any time the leader may be challenged and overthrown by a more powerful Goblin.","""Goblin Clans of Thaermore"" *Goblins have always been a nuisance to the people of the eastern provinces. Like weeds and mosquitoes, it was a common acceptance that goblins were just here to annoy us, mucking around and causing trouble. Luckily the common goblin is just that- a nuisance that is easily scared away when confronted. Early settlers learned that just keeping a dog nearby or a lantern lit was usually enough to keep the Goblins from stealing chickens at night. *This changed in the late 5th century when Goblins began to organize themselves into clans. Suddenly there appeared Goblin war units capable of causing great harm to others. They stopped being a nuisance and became a danger. During the skirmishes of 590, the Commonwealth Guard experienced noted difficulty in suppressing Goblin raids in the southlands. After securing most of Thaermore, a large wall called the Southern Gate was built to keep the Goblins contained in Crakamir. Human settlers were evacuated from the desert lands. The Chancellor proclaimed it a victory for humans; the Goblins clans claimed it a victory for themselves. *Much was learned of the Goblin war clans at that time. The basic warrior, called the Goblin Hacker, uses a short sword or machete in a savage but effective attack. Goblin Archers have been witnessed to have impressive accuracy with short bows. And the Goblin Bombthug, a unit strapped with a keg of Bangdust, is fully prepared to sacrifice himself in the defense of the unit or a higher officer. Although most Goblins are not known to possess magickal abilities, there are reports of Goblin Shaman among the clan population. *The Goblin unit is loosely assembled and generally led by a Warlord. Warlords answer to a higher officer, usually the clan leader. ""Clan leader"" is a position held by the strongest goblin; at any time the leader may be challenged and overthrown by a more powerful Goblin.",pending,existing_corpus | exe:resource@0x552770:line
"""The Orakur are watching!"" *A collection of scary stories for children. *This appears to be a children's book about Orakur. It is arranged in short chapters that tell tales of Orakur coming up from wells and caves to snatch naughty children away in their sleep. It is accompanied by woodcut images of Orakur, of which no two images appear to match. Some appear small and sneaking, others appear large and menacing. *Although you find the stories amusing, the book contains no relevant information regarding the legitimacy of the Orakur- whether they are real or just a product of fables.","""The Orakur are watching!"" *A collection of scary stories for children. *This appears to be a children's book about Orakur. It is arranged in short chapters that tell tales of Orakur coming up from wells and caves to snatch naughty children away in their sleep. It is accompanied by woodcut images of Orakur, of which no two images appear to match. Some appear small and sneaking, others appear large and menacing. *Although you find the stories amusing, the book contains no relevant information regarding the legitimacy of the Orakur- whether they are real or just a product of fables.",pending,existing_corpus | exe:resource@0x552770:line
"Jak notched an arrow and pulled the string back until he felt that familiar feeling of feathers against his cheek. At that moment he realized he is only at peace when his arm is burning to keep a bow drawn; when he is looking down the shaft of what will be certain death for the next person to enter his sight. *This bow was heavier than what he was used to, with at least 30 pounds more draw. That didn't matter. He felt so focused and alert that he probably could have held twice that additional weight and still have enough accuracy to put the arrow through someone's eye at 100 yards. All the anger and vengeance he had been carrying with him for years was now forgotten. This was the moment he had waited half a lifetime for and he was going to savor every second of it. *In the darkness, far off over the grassy hill that marked the extent of the outpost's defendable area, a soft orange glow appeared on the horizon. Pinpoints of flickering torchlight slowly rose over the crest of the knoll, signifying the approach of an army that was coming to wage war upon the outpost. The front line stretched more than a half-mile wide and through the ground Jak could feel the footsteps of an entire legion of soldiers approaching. 'All this just for me?' he thought to himself as his pressed lips formed into a smile, the first in many years. 'You did not bring nearly enough men with you, dear father.'","Jak notched an arrow and pulled the string back until he felt that familiar feeling of feathers against his cheek. At that moment he realized he is only at peace when his arm is burning to keep a bow drawn; when he is looking down the shaft of what will be certain death for the next person to enter his sight. *This bow was heavier than what he was used to, with at least 30 pounds more draw. That didn't matter. He felt so focused and alert that he probably could have held twice that additional weight and still have enough accuracy to put the arrow through someone's eye at 100 yards. All the anger and vengeance he had been carrying with him for years was now forgotten. This was the moment he had waited half a lifetime for and he was going to savor every second of it. *In the darkness, far off over the grassy hill that marked the extent of the outpost's defendable area, a soft orange glow appeared on the horizon. Pinpoints of flickering torchlight slowly rose over the crest of the knoll, signifying the approach of an army that was coming to wage war upon the outpost. The front line stretched more than a half-mile wide and through the ground Jak could feel the footsteps of an entire legion of soldiers approaching. 'All this just for me?' he thought to himself as his pressed lips formed into a smile, the first in many years. 'You did not bring nearly enough men with you, dear father.'",pending,existing_corpus | exe:resource@0x552770:line
"Benny knew he shouldn't keep it. If his mother or father found it, they would dash it upon the ground without a second thought and probably give him a lashing that he wouldn't forget for months. *Still, it was beautiful. Dense and leathery, the egg was pleasing to cradle in Benny's arms. It seemed to produce its own warmth, and occasionally Benny felt something inside move. The colors on the egg changed as well, from a spotted purple appearance in the sunlight to a deep green when indoors. And in the darkest of conditions, Benny swore he could see the egg glow faintly from within. Two nights in a row he slept with it under his blankets and it gave him much happiness. He held it close and talked to it, reassuring the egg that he would not let any harm come to it. *By the end of the week Benny noticed a change in the egg. Its shell grew thinner and more flexible, and whatever was inside seemed to grow more restless. Fearful still to tell his parents but having no intention of getting rid of it, he instead kept the egg under his bed in a wooden box filled with straw while he tended the field with his father during the day. This seemed to be a good solution at first, but on the second day Benny returned home to discover something startling had occurred while he was away...","Benny knew he shouldn't keep it. If his mother or father found it, they would dash it upon the ground without a second thought and probably give him a lashing that he wouldn't forget for months. *Still, it was beautiful. Dense and leathery, the egg was pleasing to cradle in Benny's arms. It seemed to produce its own warmth, and occasionally Benny felt something inside move. The colors on the egg changed as well, from a spotted purple appearance in the sunlight to a deep green when indoors. And in the darkest of conditions, Benny swore he could see the egg glow faintly from within. Two nights in a row he slept with it under his blankets and it gave him much happiness. He held it close and talked to it, reassuring the egg that he would not let any harm come to it. *By the end of the week Benny noticed a change in the egg. Its shell grew thinner and more flexible, and whatever was inside seemed to grow more restless. Fearful still to tell his parents but having no intention of getting rid of it, he instead kept the egg under his bed in a wooden box filled with straw while he tended the field with his father during the day. This seemed to be a good solution at first, but on the second day Benny returned home to discover something startling had occurred while he was away...",pending,existing_corpus | exe:resource@0x552770:line
"Michael, priest man of Aridell: *You do well and Goblin Lords be pleased. Portal looks to be nearly complete. For final step you must place Ectoplasm and Mercury in the alembic, which should contain the other two components already. This will activate the portal circuit. *I await your success. *-Gramuk","Michael, priest man of Aridell: *You do well and Goblin Lords be pleased. Portal looks to be nearly complete. For final step you must place Ectoplasm and Mercury in the alembic, which should contain the other two components already. This will activate the portal circuit. *I await your success. *-Gramuk",pending,existing_corpus | exe:resource@0x552770:line
"Eschalon, A World of Wonder *Although many dispute the origins of our great world, none can argue its splendor and diversity. Eschalon is divided into 5 great Provinces, with each Province consisting of multiple regions: *The Province of Thaermore, in the east, consists of temperate climates, rolling hills and dense woodlands. A notable area of Thaermore is North Crakamir, home of Eschalon's largest population of Goblins. *To the north and west is the Province of Mistfell. While known mostly for its beautiful coastal regions, it also features deserts in the south. Mistfell is the most populated Province in all of Eschalon and has more cities than any other Province. *The far Western shores of Eschalon belong to Province of Barrea, a harsh wasteland known as The Desolation. This largely uncharted area is known to be home to mercenary clans and giants. The most remote areas of the wasteland are said to be home to colossal beasts. *The far northern region of Eschalon is called the Northland Expanse, an arctic Province of snowy tundra, frozen mountains, and glacial valleys. *The southern Province of Eschalon is called the Rift Zone, a volcanic area of great fissures and rivers of magma. In areas where the volcanoes are dormant and the brimstone has cooled, lush jungles have spread.","Eschalon, A World of Wonder *Although many dispute the origins of our great world, none can argue its splendor and diversity. Eschalon is divided into 5 great Provinces, with each Province consisting of multiple regions: *The Province of Thaermore, in the east, consists of temperate climates, rolling hills and dense woodlands. A notable area of Thaermore is North Crakamir, home of Eschalon's largest population of Goblins. *To the north and west is the Province of Mistfell. While known mostly for its beautiful coastal regions, it also features deserts in the south. Mistfell is the most populated Province in all of Eschalon and has more cities than any other Province. *The far Western shores of Eschalon belong to Province of Barrea, a harsh wasteland known as The Desolation. This largely uncharted area is known to be home to mercenary clans and giants. The most remote areas of the wasteland are said to be home to colossal beasts. *The far northern region of Eschalon is called the Northland Expanse, an arctic Province of snowy tundra, frozen mountains, and glacial valleys. *The southern Province of Eschalon is called the Rift Zone, a volcanic area of great fissures and rivers of magma. In areas where the volcanoes are dormant and the brimstone has cooled, lush jungles have spread.",pending,existing_corpus | exe:resource@0x552770:line
"The Jewel of Thaermore *The blessed Jewel of Thaermore, to be forever known as the Crux of Ages, was most certainly a gift from the gods. It was found in 425 by Lord Sam of Thorabur while splitting a massive granite bolder in Whispering Cave. Even in its rough form, the stone was a marvelous object, but after polishing the gem was like no other before it. Legend has it that the original gem cutter to work on the stone wept when he gazed at the beauty of the first facet cut. He claimed he saw divinity within the stone. Such a shock was this to the poor man's heart, he died that very night. *The Crux is as old as Eschalon itself, formed under the same circumstances that forge the known world. All of Eschalon's history is trapped inside, and it is believed that those who are in its presence are protected. For that reason, the gem is forever housed in the top of Bastion Spire, near the Chancellor and his council. It protects them from great evil and gives them the wisdom to rule Thaermore with justly.","The Jewel of Thaermore *The blessed Jewel of Thaermore, to be forever known as the Crux of Ages, was most certainly a gift from the gods. It was found in 425 by Lord Sam of Thorabur while splitting a massive granite bolder in Whispering Cave. Even in its rough form, the stone was a marvelous object, but after polishing the gem was like no other before it. Legend has it that the original gem cutter to work on the stone wept when he gazed at the beauty of the first facet cut. He claimed he saw divinity within the stone. Such a shock was this to the poor man's heart, he died that very night. *The Crux is as old as Eschalon itself, formed under the same circumstances that forge the known world. All of Eschalon's history is trapped inside, and it is believed that those who are in its presence are protected. For that reason, the gem is forever housed in the top of Bastion Spire, near the Chancellor and his council. It protects them from great evil and gives them the wisdom to rule Thaermore with justly.",pending,existing_corpus | exe:resource@0x552770:line
"""Three-fingered Sam's Guide to making Demon Oil"" *So you want to know how to mix yourself up a batch of Demon Oil? It's easy and fun for the whole family! First, it's important to be well learned in Alchemy because individuals with sloppy mixing techniques often do not achieve the results they are looking for. I recommend nothing less than five levels of Alchemy study to create even the most basic Demon Oil, ten for a more potent version, and fifteen for the strongest version. *Now for the ingredients: you need nothing more than a lump of Ambergris as the reagent and Sulfur as the reactant. Mix carefully in an empty flask and presto! If all went well you should have a perfect Demon Oil. If things don't go well, seek medical attention immediately.","""Three-fingered Sam's Guide to making Demon Oil"" *So you want to know how to mix yourself up a batch of Demon Oil? It's easy and fun for the whole family! First, it's important to be well learned in Alchemy because individuals with sloppy mixing techniques often do not achieve the results they are looking for. I recommend nothing less than five levels of Alchemy study to create even the most basic Demon Oil, ten for a more potent version, and fifteen for the strongest version. *Now for the ingredients: you need nothing more than a lump of Ambergris as the reagent and Sulfur as the reactant. Mix carefully in an empty flask and presto! If all went well you should have a perfect Demon Oil. If things don't go well, seek medical attention immediately.",pending,existing_corpus | exe:resource@0x552770:line
"""Can you tell me about this 'Grimmhold' place?""","""Can you tell me about this 'Grimmhold' place?""",pending,existing_corpus
"""Grimmhold is an old fortress which lies just a short walk west of here. It once served as a gateway between this area and western Thaermore, cutting a swath through the thickest part of Tangletree Forest. It also bridges the Eastern Gap, a huge rift cut into the ground that lies in the center of the forest."" \n\n""After the conflict began, the Commonwealth Guards who held Grimmhold were called to service by the Chancellor. Soon after their departure, Goblins overran and took control of the fortress. It fell, just like Elderhollow southwest of here.""","""Grimmhold is an old fortress which lies just a short walk west of here. It once served as a gateway between this area and western Thaermore, cutting a swath through the thickest part of Tangletree Forest. It also bridges the Eastern Gap, a huge rift cut into the ground that lies in the center of the forest."" \n\n""After the conflict began, the Commonwealth Guards who held Grimmhold were called to service by the Chancellor. Soon after their departure, Goblins overran and took control of the fortress. It fell, just like Elderhollow southwest of here.""",pending,existing_corpus
"""Yes! Vile creatures, those Goblins are. In the past they've posed little threat to us humans, but with our resources spread thin and our attention focused on the conflict with the Orakur, they've taken advantage of the situation and now run amok. In my opinion their taking of Grimmhold is just the start. If the Chancellor doesn't change his war plan they are going to become a bigger threat than the Orakur!""\n\nAbygale pauses and takes a deep breath, aware that she has upset herself. ""Grimmhold is now unsafe and probably not even passable. If you absolutely must travel west, you should take the northern pass. Unfortunately, this is a much longer journey and probably just as dangerous- but I guess it's safer than trying to go around Tangletree Forest to the south. The southern route is plagued with bandits.""","""Yes! Vile creatures, those Goblins are. In the past they've posed little threat to us humans, but with our resources spread thin and our attention focused on the conflict with the Orakur, they've taken advantage of the situation and now run amok. In my opinion their taking of Grimmhold is just the start. If the Chancellor doesn't change his war plan they are going to become a bigger threat than the Orakur!""\n\nAbygale pauses and takes a deep breath, aware that she has upset herself. ""Grimmhold is now unsafe and probably not even passable. If you absolutely must travel west, you should take the northern pass. Unfortunately, this is a much longer journey and probably just as dangerous- but I guess it's safer than trying to go around Tangletree Forest to the south. The southern route is plagued with bandits.""",pending,existing_corpus
"""What are these Orakur?""","""What are these Orakur?""",pending,existing_corpus
"""No one knows really.They are called underfolk; beings that live in perpetual darkness underground and have inhabited this region far longer than us humans have. Practically everything I have ever heard about them come from legends and wives' tales. Before this war most people thought of the Orakur as nothing more than spooky creatures that were told to children in bedtime stories. Whatever they are, they must be fierce warriors- the Chancellor has called every Guard from eastern Thaermore into service, leaving us out here to defend ourselves.""","""No one knows really.They are called underfolk; beings that live in perpetual darkness underground and have inhabited this region far longer than us humans have. Practically everything I have ever heard about them come from legends and wives' tales. Before this war most people thought of the Orakur as nothing more than spooky creatures that were told to children in bedtime stories. Whatever they are, they must be fierce warriors- the Chancellor has called every Guard from eastern Thaermore into service, leaving us out here to defend ourselves.""",pending,existing_corpus
"""You mentioned a place called Grimmhold. What is that?""","""You mentioned a place called Grimmhold. What is that?""",pending,existing_corpus
"""Thank you for taking time to chat with me."" [BACK]","""Thank you for taking time to chat with me."" [BACK]",pending,existing_corpus
"""I must be leaving."" [END]","""I must be leaving."" [END]",pending,existing_corpus
"""What can I help you with?"" asks Eleanor.","""What can I help you with?"" asks Eleanor.",pending,existing_corpus
"""Do you have time to answer some questions for me?""D","""Do you have time to answer some questions for me?""D",pending,existing_corpus
"""Certainly!"" Eleanor says enthusiastically. ""What is your question?""","""Certainly!"" Eleanor says enthusiastically. ""What is your question?""",pending,existing_corpus
"""Oh yes. Maddock is an elderly gentleman who lives just down the street southeast of here. He lives in a small house on the other side of the Bethel of the Green Moon. He's a bit of a codgery old man, not too fond of visitors.""","""Oh yes. Maddock is an elderly gentleman who lives just down the street southeast of here. He lives in a small house on the other side of the Bethel of the Green Moon. He's a bit of a codgery old man, not too fond of visitors.""",pending,existing_corpus
"""I woke up in an abandoned house southwest of here and I don't know where I am!""","""I woke up in an abandoned house southwest of here and I don't know where I am!""",pending,existing_corpus
"""Southwest, you say? It sounds like you just came from Elderhollow, a nearby village that was ruined a few years ago."" Eleanor sighs as if she is reflecting on the event. ""Well, now you are in Aridell. We're a small coastal village located in a region known as South Parish, in eastern Thaermore. West of here is Grimmhold, the old fortress that used to take travelers into Tangletree Forest. North of here is North Parish, and south is an area called the Salted Coast along the Southern Sea.\n\n""Porter, the owner of the Owl's Roost Tavern, sells miscellaneous supplies. He may have a regional map of the area if you think that would help you.""","""Southwest, you say? It sounds like you just came from Elderhollow, a nearby village that was ruined a few years ago."" Eleanor sighs as if she is reflecting on the event. ""Well, now you are in Aridell. We're a small coastal village located in a region known as South Parish, in eastern Thaermore. West of here is Grimmhold, the old fortress that used to take travelers into Tangletree Forest. North of here is North Parish, and south is an area called the Salted Coast along the Southern Sea.\n\n""Porter, the owner of the Owl's Roost Tavern, sells miscellaneous supplies. He may have a regional map of the area if you think that would help you.""",pending,existing_corpus
"""I've seen many strange beasts roaming around outside the village and ruined buildings. What has happened to this land?""","""I've seen many strange beasts roaming around outside the village and ruined buildings. What has happened to this land?""",pending,existing_corpus
"Eleanor seems almost surprised by your question. ""You must be from far outside Thaermore if you are unaware of the events in this region!"" She takes a sip of tea and sets down her chipped cup before continuing: ""Well, this land is embroiled in a war that we are currently fighting with the Orakur. What you see out there, the beasts that roam the land and the ruins, are all remnants of this war.""","Eleanor seems almost surprised by your question. ""You must be from far outside Thaermore if you are unaware of the events in this region!"" She takes a sip of tea and sets down her chipped cup before continuing: ""Well, this land is embroiled in a war that we are currently fighting with the Orakur. What you see out there, the beasts that roam the land and the ruins, are all remnants of this war.""",pending,existing_corpus
"""I need supplies. Can you tell me a bit about your town?""","""I need supplies. Can you tell me a bit about your town?""",pending,existing_corpus
"""Of course! This is my office where I conduct the village's business. Next door is the Bethel of the Green Moon, run by Father Micahel, who offers healing services. Up the street to the northeast you'll find the Owl's Roost Tavern, the Magick Emporium and the Wayward Blacksmithe shop.""\n\n""Aridell is a very small village and we get very few visitors out this way due to the war. You are welcome to stay as long as you'd like. The local merchants are always happy to see a new face in town.""","""Of course! This is my office where I conduct the village's business. Next door is the Bethel of the Green Moon, run by Father Micahel, who offers healing services. Up the street to the northeast you'll find the Owl's Roost Tavern, the Magick Emporium and the Wayward Blacksmithe shop.""\n\n""Aridell is a very small village and we get very few visitors out this way due to the war. You are welcome to stay as long as you'd like. The local merchants are always happy to see a new face in town.""",pending,existing_corpus
"""I'm glad to know where I am at, but it doesn't explain how I got here!""","""I'm glad to know where I am at, but it doesn't explain how I got here!""",pending,existing_corpus
"""Hmm, your situation is very odd indeed"" Eleanor says with a puzzled look upon her face. She steps back and quickly examines you. ""Well, I know everyone here in Aridell and the surrounding region and I've never met you before. There have been several shipwrecks along the Salted Coast to the south in recent weeks- perhaps you were a passenger or a hand on one of these ships and have suffered amnesia. Or, maybe you were bitten by one of the vile creatures which roam this area. Many of these beasts produce toxins that have unknown effects on humans, possibly even memory loss.\n\nWhy don't you stay in Aridell for a couple days and see if your memory returns. You can visit Father Michael next door in the Bethel of the Green Moon if you need further healing and you can get a room at the Owls Roost  Tavern.","""Hmm, your situation is very odd indeed"" Eleanor says with a puzzled look upon her face. She steps back and quickly examines you. ""Well, I know everyone here in Aridell and the surrounding region and I've never met you before. There have been several shipwrecks along the Salted Coast to the south in recent weeks- perhaps you were a passenger or a hand on one of these ships and have suffered amnesia. Or, maybe you were bitten by one of the vile creatures which roam this area. Many of these beasts produce toxins that have unknown effects on humans, possibly even memory loss.\n\nWhy don't you stay in Aridell for a couple days and see if your memory returns. You can visit Father Michael next door in the Bethel of the Green Moon if you need further healing and you can get a room at the Owls Roost  Tavern.",pending,existing_corpus
"""What is this war regarding?""","""What is this war regarding?""",pending,existing_corpus
"""It is regarding honor and justice. It is about reclaiming something that was taken from the people of Thaermore. Three years ago, without reason or provocation, the Orakur chose to undermine centuries of peaceful co-existence with us by stealing the Crux of Ages straight out from under our noses! The Crux- the very spirit of Thaemore- taken as a vagabond would take an apple! Of course, there was a huge public outcry over this event and the Chancellor issued a proclamation stating their actions constituted an act of war. We have been fighting this conflict with them ever since.""","""It is regarding honor and justice. It is about reclaiming something that was taken from the people of Thaermore. Three years ago, without reason or provocation, the Orakur chose to undermine centuries of peaceful co-existence with us by stealing the Crux of Ages straight out from under our noses! The Crux- the very spirit of Thaemore- taken as a vagabond would take an apple! Of course, there was a huge public outcry over this event and the Chancellor issued a proclamation stating their actions constituted an act of war. We have been fighting this conflict with them ever since.""",pending,existing_corpus
"""What is this 'Crux of Ages?""","""What is this 'Crux of Ages?""",pending,existing_corpus
"""The Crux of Ages is Thaermore's most prized artifact; a jewel of absolute perfection and a symbol of Thaermore's majesty. When humans first settled this region long ago The Crux was discovered by miners within a single block of granite. After it was removed from the stone, it became an object of inspiration and power for all of Thaermore. For three hundred years it has rested in a vault in Spire, our capital city, only to be brought out once per year during the summer festivals so that all Thaerish citizens could view it.""","""The Crux of Ages is Thaermore's most prized artifact; a jewel of absolute perfection and a symbol of Thaermore's majesty. When humans first settled this region long ago The Crux was discovered by miners within a single block of granite. After it was removed from the stone, it became an object of inspiration and power for all of Thaermore. For three hundred years it has rested in a vault in Spire, our capital city, only to be brought out once per year during the summer festivals so that all Thaerish citizens could view it.""",pending,existing_corpus
"You see an older, distinguished woman standing in a room nicely decorated with tapestries and fine rugs. She appears weary, as if she carries with her much stress and is in need of rest.\n\n""Greetings, traveler! I am Eleanor Mistlepine, Council Head here in the village of Aridell. We get very few visitors out this way, so please- if there is anything I can do for you during your stay, please do not hesitate to ask.""\n\nYou nod to her as you introduce yourself as $.","You see an older, distinguished woman standing in a room nicely decorated with tapestries and fine rugs. She appears weary, as if she carries with her much stress and is in need of rest.\n\n""Greetings, traveler! I am Eleanor Mistlepine, Council Head here in the village of Aridell. We get very few visitors out this way, so please- if there is anything I can do for you during your stay, please do not hesitate to ask.""\n\nYou nod to her as you introduce yourself as $.",pending,existing_corpus
"""Can you answer another question for me?"" [BACK]","""Can you answer another question for me?"" [BACK]",pending,existing_corpus
"""I need to get going. Thank you."" [END]<","""I need to get going. Thank you."" [END]<",pending,existing_corpus
"""Of course. Please stop by again if you need anything else.""","""Of course. Please stop by again if you need anything else.""",pending,existing_corpus
"""What is the basis for this war?""","""What is the basis for this war?""",pending,existing_corpus
"""How can I reach Tangletree Forest from here?""","""How can I reach Tangletree Forest from here?""",pending,existing_corpus
"""Tangletree Forest is west of here"", Eleanor says, placing her hand on her chin. ""I no longer know the best way to reach it because I've heard that Grimmhold is impassable. I believe the northern pass is still usable, but that takes you the long way around, around the north end of the forest. That route may be dangerous for I've heard that beasts and bandits roam freely north of here, but you should be safe if you can make it to Darkford.""","""Tangletree Forest is west of here"", Eleanor says, placing her hand on her chin. ""I no longer know the best way to reach it because I've heard that Grimmhold is impassable. I believe the northern pass is still usable, but that takes you the long way around, around the north end of the forest. That route may be dangerous for I've heard that beasts and bandits roam freely north of here, but you should be safe if you can make it to Darkford.""",pending,existing_corpus
"""Who or what are the Orakur?""","""Who or what are the Orakur?""",pending,existing_corpus
"""And it was stolen?""","""And it was stolen?""",pending,existing_corpus
"""Yes. three years ago an Orakur agent broke into the vault through a secret tunnel and took it. They took it because they coveted it. From the very day it was found and pulled from the rock, the Orakur claimed ownership of it. This act of theft is an insult to all of Thaermore and the Chancellor has vowed to continue the military action until the jewel is recovered.""","""Yes. three years ago an Orakur agent broke into the vault through a secret tunnel and took it. They took it because they coveted it. From the very day it was found and pulled from the rock, the Orakur claimed ownership of it. This act of theft is an insult to all of Thaermore and the Chancellor has vowed to continue the military action until the jewel is recovered.""",pending,existing_corpus
"""Who or what are these Orakur?""","""Who or what are these Orakur?""",pending,existing_corpus
"""Hmm, not much is known about them really. From what I understand they are a race of underground dwelling creatures. Some say they are twisted decedents of the Dwarves, but no one really knows. They are horribly bothered by the sun and never come above ground, even at night because the open air scares them. They thrive in the dark, narrow passages of the underground, surrounded by stone. They rarely fight on their own- they prefer to swarm their enemies with the underground creatures that they seem to hold command over. That is why this land now is so plagued with vile creatures. They use these creatures to wear us down, to drive us from these lands.""\n\nEleanor pauses. ""Say, I have a book of The History of Thaemore in the drawer beside my desk. You are welcome to take it if you want; it is rather outdated but perhaps there is information in there that can be of help to you.""","""Hmm, not much is known about them really. From what I understand they are a race of underground dwelling creatures. Some say they are twisted decedents of the Dwarves, but no one really knows. They are horribly bothered by the sun and never come above ground, even at night because the open air scares them. They thrive in the dark, narrow passages of the underground, surrounded by stone. They rarely fight on their own- they prefer to swarm their enemies with the underground creatures that they seem to hold command over. That is why this land now is so plagued with vile creatures. They use these creatures to wear us down, to drive us from these lands.""\n\nEleanor pauses. ""Say, I have a book of The History of Thaemore in the drawer beside my desk. You are welcome to take it if you want; it is rather outdated but perhaps there is information in there that can be of help to you.""",pending,existing_corpus
"""May I ask you something else?"" [BACK]","""May I ask you something else?"" [BACK]",pending,existing_corpus
"""Thank you for your time. I must be going."" [END]","""Thank you for your time. I must be going."" [END]",pending,existing_corpus
"""What happened to Elderhollow?""","""What happened to Elderhollow?""",pending,existing_corpus
"""Elderhollow was a casualty of this war that we are currently engaged in. Without any help from the Commonwealth Guard to defend itself, Elderhollow was frequently attacked by Goblins and other creatures that so freely walk the lands now. Most of the town's people left; some settled here, others went north. The few who foolishly stayed paid with their lives.""","""Elderhollow was a casualty of this war that we are currently engaged in. Without any help from the Commonwealth Guard to defend itself, Elderhollow was frequently attacked by Goblins and other creatures that so freely walk the lands now. Most of the town's people left; some settled here, others went north. The few who foolishly stayed paid with their lives.""",pending,existing_corpus
"""Thanks for your time."" [END]","""Thanks for your time."" [END]",pending,existing_corpus
"""The tavern owner told me what happened to you.""P","""The tavern owner told me what happened to you.""P",pending,existing_corpus
"""I know what you're going through. I awoke with no memory of my past or even who I am. I've lost everything as well.""","""I know what you're going through. I awoke with no memory of my past or even who I am. I've lost everything as well.""",pending,existing_corpus
"Garrett looks at you for a moment, then speaks with a gritty voice: ""Yeah? Well I'm sorry for your troubles, but that ship and crew were my life. I have nothing without them. Now I'm stranded here in this damn village with no way to return home. All I know how to do is navigate and chart maps; I have no other skill and so there is no work for me here.""\n\n""To add to my sorrow, I lost my father's sextant in the shipwreck. It was an antique that his father gave to him and he to me. It was a priceless family heirloom. If it's not at the bottom of the sea then it is most certainly in the hands of the thieves that control the Salted Coast area. Either way it's lost forever.""\n\nGarrett turns away and takes a long drink from his bottle. Apparently he is done talking to you.","Garrett looks at you for a moment, then speaks with a gritty voice: ""Yeah? Well I'm sorry for your troubles, but that ship and crew were my life. I have nothing without them. Now I'm stranded here in this damn village with no way to return home. All I know how to do is navigate and chart maps; I have no other skill and so there is no work for me here.""\n\n""To add to my sorrow, I lost my father's sextant in the shipwreck. It was an antique that his father gave to him and he to me. It was a priceless family heirloom. If it's not at the bottom of the sea then it is most certainly in the hands of the thieves that control the Salted Coast area. Either way it's lost forever.""\n\nGarrett turns away and takes a long drink from his bottle. Apparently he is done talking to you.",pending,existing_corpus
"""If you're going to drink yourself to death, do it somewhere else. No one cares about your problems.""i","""If you're going to drink yourself to death, do it somewhere else. No one cares about your problems.""i",pending,existing_corpus
"""I'd like to learn more about Cartography now.""M","""I'd like to learn more about Cartography now.""M",pending,existing_corpus
"""If you train in Cartography enough, you'll be able to create detailed maps!""","""If you train in Cartography enough, you'll be able to create detailed maps!""",pending,existing_corpus
teach_skill (Garrett) 7,teach_skill (Garrett) 7,pending,existing_corpus
"""I think found your sextant. Is this it?"" [Show Antique Sextant to Garrett]","""I think found your sextant. Is this it?"" [Show Antique Sextant to Garrett]",pending,existing_corpus
"Garrett stops half way through a drink and draws the bottle away from his lips. He sees the sextant that you are handing to him and is suddenly overcome with emotion.\n\n""By the gods! It is a miracle that you were able to find it. I have absolutely nothing I can give you in exchange for this but my eternal gratitude.""","Garrett stops half way through a drink and draws the bottle away from his lips. He sees the sextant that you are handing to him and is suddenly overcome with emotion.\n\n""By the gods! It is a miracle that you were able to find it. I have absolutely nothing I can give you in exchange for this but my eternal gratitude.""",pending,existing_corpus
"""How about you teach me what you know of Cartography?""","""How about you teach me what you know of Cartography?""",pending,existing_corpus
"""Really? You want me to teach you Cartography? I might be able to do that for you.""\n\nGarrett sets the bottle down and rubs his chin. ""Yeah, I think I can do that. Hey, this can be the start of a new career for me! Of course I'll have to charge you the standard fee for training which is 100 gold per skill level. I feel bad asking you to pay after what you've just done for me, but I must make a living too. I am nearly out of gold and soon even the owner of this tavern will toss me to the street. I can't teach you anything if I am starving and homeless.""","""Really? You want me to teach you Cartography? I might be able to do that for you.""\n\nGarrett sets the bottle down and rubs his chin. ""Yeah, I think I can do that. Hey, this can be the start of a new career for me! Of course I'll have to charge you the standard fee for training which is 100 gold per skill level. I feel bad asking you to pay after what you've just done for me, but I must make a living too. I am nearly out of gold and soon even the owner of this tavern will toss me to the street. I can't teach you anything if I am starving and homeless.""",pending,existing_corpus
"""Oh thank you! You've shown me that there are still kind people left in this world. Just return to me when you are ready to learn Cartography.""","""Oh thank you! You've shown me that there are still kind people left in this world. Just return to me when you are ready to learn Cartography.""",pending,existing_corpus
"""Well, I regret that is your decision. I haven't had a decent bite to eat nor a warm place to sleep in days. Although I am grateful that you found my sextant, I would probably have to sell it just to keep myself alive.""","""Well, I regret that is your decision. I haven't had a decent bite to eat nor a warm place to sleep in days. Although I am grateful that you found my sextant, I would probably have to sell it just to keep myself alive.""",pending,existing_corpus
"""If you can't afford to give me a little gold for my troubles, I'll have to just sell it myself."" [Keep sextant]h","""If you can't afford to give me a little gold for my troubles, I'll have to just sell it myself."" [Keep sextant]h",pending,existing_corpus
"""Oh, well you're no better than the thieves in Salted Coast then. Be gone. The sight of you sickens me.""","""Oh, well you're no better than the thieves in Salted Coast then. Be gone. The sight of you sickens me.""",pending,existing_corpus
"""I must be going."" [END]","""I must be going."" [END]",pending,existing_corpus
"""Hail! Welcome to the Owl's Roost Tavern. I'm Porter, the owner. Have a seat! What can I get for you?""","""Hail! Welcome to the Owl's Roost Tavern. I'm Porter, the owner. Have a seat! What can I get for you?""",pending,existing_corpus
"""So, what can I get for you?"" Porter asks.","""So, what can I get for you?"" Porter asks.",pending,existing_corpus
"""What have you got for sale?"">","""What have you got for sale?"">",pending,existing_corpus
"""Thanks for spending money at the Owl's Roost Tavern, friend!""","""Thanks for spending money at the Owl's Roost Tavern, friend!""",pending,existing_corpus
init_trade(porter),init_trade(porter),pending,existing_corpus
"""Not much news makes it out this way anymore"" Porter says, tossing the washrag over his sholder. ""In fact, I was kinda hoping maybe you had some news for us, you know, with you being from out of town and all.""","""Not much news makes it out this way anymore"" Porter says, tossing the washrag over his sholder. ""In fact, I was kinda hoping maybe you had some news for us, you know, with you being from out of town and all.""",pending,existing_corpus
"""I'd like to rent a room for the night.""","""I'd like to rent a room for the night.""",pending,existing_corpus
"""I'm sorry to hear that, my friend. Why don't you have a drink, or stay for the night here in the Owl's Roost? I might also recommend that you talk to Father Michael over at the Bethel; perhaps you are suffering from an injury that he can help you with.""","""I'm sorry to hear that, my friend. Why don't you have a drink, or stay for the night here in the Owl's Roost? I might also recommend that you talk to Father Michael over at the Bethel; perhaps you are suffering from an injury that he can help you with.""",pending,existing_corpus
"""What's with the sulking man over at the table?""","""What's with the sulking man over at the table?""",pending,existing_corpus
"""Oh, him? His name is Garrett. Poor guy came in here a month ago and hasn't left. He was a navigator on a ship that was attacked and sank south of Thaermore. He was found unconcious on a beach on Salty Coast. As far as he can tell, he's the only one who made it off the ship alive. He's still in shock about it. He just sits here day and night drinking to forget, I guess.""","""Oh, him? His name is Garrett. Poor guy came in here a month ago and hasn't left. He was a navigator on a ship that was attacked and sank south of Thaermore. He was found unconcious on a beach on Salty Coast. As far as he can tell, he's the only one who made it off the ship alive. He's still in shock about it. He just sits here day and night drinking to forget, I guess.""",pending,existing_corpus
"""Fascinating.""  [BACK]","""Fascinating.""  [BACK]",pending,existing_corpus
"""Thanks for your time, I must be going."" [END]","""Thanks for your time, I must be going."" [END]",pending,existing_corpus
"Before you lies a man dressed in field armor. Blood trickles from the corners of his mouth and he seems to be gasping for breath.\n\n""Thank the gods you've arrived! I'm afraid the offensive failed, sir.""\n\nThe man coughs again, flinching as if the pain is unbearable.","Before you lies a man dressed in field armor. Blood trickles from the corners of his mouth and he seems to be gasping for breath.\n\n""Thank the gods you've arrived! I'm afraid the offensive failed, sir.""\n\nThe man coughs again, flinching as if the pain is unbearable.",pending,existing_corpus
"""What are you talking about?""","""What are you talking about?""",pending,existing_corpus
"He looks at your face and struggles to focus. ""You are not with the Commonwealth Guard! Wh..where are our reinforcements?""\n\nThe man clenches his jaw and squeezes his eyes shut. In this moment he seems to realize that whatever reinforcements he was expecting is not coming.\n\nHe opens his eyes again and looks up at you. ""You must leave. This place is crawling with Goblins. If you make it to Bastion Spire you need to tell them that our attempt to reclaim Grimmhold has failed. The gates remain closed and Grimmhold is not passable.""","He looks at your face and struggles to focus. ""You are not with the Commonwealth Guard! Wh..where are our reinforcements?""\n\nThe man clenches his jaw and squeezes his eyes shut. In this moment he seems to realize that whatever reinforcements he was expecting is not coming.\n\nHe opens his eyes again and looks up at you. ""You must leave. This place is crawling with Goblins. If you make it to Bastion Spire you need to tell them that our attempt to reclaim Grimmhold has failed. The gates remain closed and Grimmhold is not passable.""",pending,existing_corpus
"""Is there any way to make Grimmhold passable again?""","""Is there any way to make Grimmhold passable again?""",pending,existing_corpus
"""Perhaps, but you can't do it on your own. <cough> The Goblins destroyed the lever that retracts the gates barricading the Eastern Gap. The only way to open the gates now is to activate the secondary water gate beneath Grimmhold which will...<cough>...will force the gates open. But they infest that area as well. We tried to clear them out but their numbers were too great.""\n\nThe man's eyes seem to fill with despair. ""You'll need to take the northern route west.""","""Perhaps, but you can't do it on your own. <cough> The Goblins destroyed the lever that retracts the gates barricading the Eastern Gap. The only way to open the gates now is to activate the secondary water gate beneath Grimmhold which will...<cough>...will force the gates open. But they infest that area as well. We tried to clear them out but their numbers were too great.""\n\nThe man's eyes seem to fill with despair. ""You'll need to take the northern route west.""",pending,existing_corpus
"""I'm going to open this water gate and take back Grimmhold myself. Goblins be damned!""","""I'm going to open this water gate and take back Grimmhold myself. Goblins be damned!""",pending,existing_corpus
"""Don't be a fool! Six of my Guardsmen couldn't accomplish this feat...I...[cough]""\n\nWith that last cough, the soldier appears to lack the strength needed for another breath. He gasps and shakes as blood spurts from his mouth. As his eyes roll back into his head, his body goes limp.\n\nHe is at rest.","""Don't be a fool! Six of my Guardsmen couldn't accomplish this feat...I...[cough]""\n\nWith that last cough, the soldier appears to lack the strength needed for another breath. He gasps and shakes as blood spurts from his mouth. As his eyes roll back into his head, his body goes limp.\n\nHe is at rest.",pending,existing_corpus
"""Godspeed to you.""\n\nSeemingly content that he clung to life long enough to get a message to someone, he lays his head down and exhales for the last time. His body goes limp and he is at rest.","""Godspeed to you.""\n\nSeemingly content that he clung to life long enough to get a message to someone, he lays his head down and exhales for the last time. His body goes limp and he is at rest.",pending,existing_corpus
"""I have been though Grimmhold and have opened the secondary water gates below. Grimmhold is passible again.""","""I have been though Grimmhold and have opened the secondary water gates below. Grimmhold is passible again.""",pending,existing_corpus
"""You...you did this on your own? Six of my men failed to do this!""\n\nThe man's eyes seem to fill with despair. ""I am afraid I do not believe you. You are a fool if you think you can clear the goblins from Grimmhold by yourself. You'll need to take the northern route through Thaermore to go west of here...I...[cough]""\n\nWith that last cough, the soldier appears to lack the strength needed for another breath. He gasps and shakes as blood spurts from his mouth. As his eyes roll back into his head, his body goes limp. He is at rest.","""You...you did this on your own? Six of my men failed to do this!""\n\nThe man's eyes seem to fill with despair. ""I am afraid I do not believe you. You are a fool if you think you can clear the goblins from Grimmhold by yourself. You'll need to take the northern route through Thaermore to go west of here...I...[cough]""\n\nWith that last cough, the soldier appears to lack the strength needed for another breath. He gasps and shakes as blood spurts from his mouth. As his eyes roll back into his head, his body goes limp. He is at rest.",pending,existing_corpus
"Lilith seems pleased to have a visitor. ""What else can I do for you?""","Lilith seems pleased to have a visitor. ""What else can I do for you?""",pending,existing_corpus
"""I am exploring this area. Is there anything you can tell me about this region?""q","""I am exploring this area. Is there anything you can tell me about this region?""q",pending,existing_corpus
"""I know a lot about this area as I've lived here for many years. Is there anything specific you are looking for?""","""I know a lot about this area as I've lived here for many years. Is there anything specific you are looking for?""",pending,existing_corpus
"""I am here to rob you, wench! Pray I do not take your life as well as your gold.""","""I am here to rob you, wench! Pray I do not take your life as well as your gold.""",pending,existing_corpus
"""Oh really? I find it humorous that a pathetic mongrel such as yourself has accidentally chosen to threaten me!"" Lilith draws a rather nasty looking straight razor from the sash around her waist and flips it quickly through her fingers, displaying impressive skill. You suddenly feel as though you may have made a very bad mistake.\n\n""I hope you have enjoyed the life that you've led up 'till now, because it is about to end.""","""Oh really? I find it humorous that a pathetic mongrel such as yourself has accidentally chosen to threaten me!"" Lilith draws a rather nasty looking straight razor from the sash around her waist and flips it quickly through her fingers, displaying impressive skill. You suddenly feel as though you may have made a very bad mistake.\n\n""I hope you have enjoyed the life that you've led up 'till now, because it is about to end.""",pending,existing_corpus
"""I have been told to locate you and show you this amulet."" [Show Lilith the amulet]","""I have been told to locate you and show you this amulet."" [Show Lilith the amulet]",pending,existing_corpus
"Lilith looks at the amulet in your hand and then reaches for it, pausing for a moment to ensure you agree to her actions. She carefully takes it from your hand and holds it to the light, slowly rotating it to enhance the contrast of shadows across the front and back surfaces. There, ever so faint, strange and nearly invisible markings reveal themselves across the face of the amulet.\n\n""This is indeed authentic. Do you not know what this is?""","Lilith looks at the amulet in your hand and then reaches for it, pausing for a moment to ensure you agree to her actions. She carefully takes it from your hand and holds it to the light, slowly rotating it to enhance the contrast of shadows across the front and back surfaces. There, ever so faint, strange and nearly invisible markings reveal themselves across the face of the amulet.\n\n""This is indeed authentic. Do you not know what this is?""",pending,existing_corpus
"""No, I don't. I received a mysterious note telling me that you could identify it for me.""","""No, I don't. I received a mysterious note telling me that you could identify it for me.""",pending,existing_corpus
"""I guess I have little choice. Tell me what you need done.""","""I guess I have little choice. Tell me what you need done.""",pending,existing_corpus
"""Very good! I knew you were a man of quality judgment.""\n\nLilith tosses a rag covered in berry stains over her sholder. ""Well, during your travels through Tangletree you may have noticed unusually large wasps flying about. They are called Hive Drones and they are very aggressive. Their numbers have increased and I believe it is because a Hive Queen has settled somewhere in this area. I need you to find the hive and kill the Hive Queen. When she is gone the Drones will leave this area and search for a new queen. Under any other circumstance my skills with a blade would be more than enough to do the job myself, but it turns out I am extremely allergic to bee stings.""\n\n""Do this job for me and I will tell you everything you need to know about your amulet.""","""Very good! I knew you were a man of quality judgment.""\n\nLilith tosses a rag covered in berry stains over her sholder. ""Well, during your travels through Tangletree you may have noticed unusually large wasps flying about. They are called Hive Drones and they are very aggressive. Their numbers have increased and I believe it is because a Hive Queen has settled somewhere in this area. I need you to find the hive and kill the Hive Queen. When she is gone the Drones will leave this area and search for a new queen. Under any other circumstance my skills with a blade would be more than enough to do the job myself, but it turns out I am extremely allergic to bee stings.""\n\n""Do this job for me and I will tell you everything you need to know about your amulet.""",pending,existing_corpus
"""I don't play games like this. You will tell me what I need to know or I will force it out of you."" [Threaten]","""I don't play games like this. You will tell me what I need to know or I will force it out of you."" [Threaten]",pending,existing_corpus
"""Ha! Really? My, you certainly are intimidating, aren't you? Do you have any idea who I am? Of course you don't or you would realize that you are heading towards an ending that I promise you do not want to experience. I'll tell you what- I'll let this one mistake of yours slide and give you another chance to accept my offer.""","""Ha! Really? My, you certainly are intimidating, aren't you? Do you have any idea who I am? Of course you don't or you would realize that you are heading towards an ending that I promise you do not want to experience. I'll tell you what- I'll let this one mistake of yours slide and give you another chance to accept my offer.""",pending,existing_corpus
"""Yes, okay. I'll take your offer. What is it you want me to do?""","""Yes, okay. I'll take your offer. What is it you want me to do?""",pending,existing_corpus
"""I will do this task for you.""","""I will do this task for you.""",pending,existing_corpus
"""Excellent! A fews days ago I was searching for mushrooms near Whistling Cave south of here and I ran across a large number Drones. I'm sure the hive is in there.""\n\n""Return to me with the Queen's stinger and I'll know the task has been completed. Then we will have a talk.""","""Excellent! A fews days ago I was searching for mushrooms near Whistling Cave south of here and I ran across a large number Drones. I'm sure the hive is in there.""\n\n""Return to me with the Queen's stinger and I'll know the task has been completed. Then we will have a talk.""",pending,existing_corpus
"""I am not wasting my time killing wasps for you. I grow weary of this conversation. Tell me now what I need to know or there will be hell to pay!""","""I am not wasting my time killing wasps for you. I grow weary of this conversation. Tell me now what I need to know or there will be hell to pay!""",pending,existing_corpus
"You see a woman who is busy cooking; the smell of sweetberry pie fills this quaint cottage deep in the woods. She looks up at you when you enter.\n\n""Well hello, what a surprise! I get very few visitors way out here so deep in Tangletree. My name is Lilith. What can I do for you?""","You see a woman who is busy cooking; the smell of sweetberry pie fills this quaint cottage deep in the woods. She looks up at you when you enter.\n\n""Well hello, what a surprise! I get very few visitors way out here so deep in Tangletree. My name is Lilith. What can I do for you?""",pending,existing_corpus
"""I have killed the Hive Queen. Here is her stinger.""","""I have killed the Hive Queen. Here is her stinger.""",pending,existing_corpus
"""Congratulations! That was no easy task, for sure. Any remaining Hive Drones in the area will move on eventually, in search of another Queen. As for the stinger itself, you can keep it. I only needed to see it as proof of your actions.""\n\n""Now on to the business at hand. Do you still have that amulet with you?""","""Congratulations! That was no easy task, for sure. Any remaining Hive Drones in the area will move on eventually, in search of another Queen. As for the stinger itself, you can keep it. I only needed to see it as proof of your actions.""\n\n""Now on to the business at hand. Do you still have that amulet with you?""",pending,existing_corpus
"""Yes, here it is. [Show the amulet to Lilith]""","""Yes, here it is. [Show the amulet to Lilith]""",pending,existing_corpus
"You pull out the strange amulet and hold it up, showing her that you still possess it. ""Alright then"" Lilith says, ""here's what I can tell you about your amulet: it is actually a key. A very special key.""\n\nAs Lilith speaks, you rotate the amulet in the light and examine its design. Across it's face you see finely etched characters, but they seem foreign to you. \n\n""That key of yours will unlock a box in a place called the 'Underground Repository'. Have you heard of it?""","You pull out the strange amulet and hold it up, showing her that you still possess it. ""Alright then"" Lilith says, ""here's what I can tell you about your amulet: it is actually a key. A very special key.""\n\nAs Lilith speaks, you rotate the amulet in the light and examine its design. Across it's face you see finely etched characters, but they seem foreign to you. \n\n""That key of yours will unlock a box in a place called the 'Underground Repository'. Have you heard of it?""",pending,existing_corpus
"""Well, it is a special vault designed for people who need a place to store their valuables with no questions asked. It is also very secure. In more than two hundred years since it was built the security of the Repository has never been compromised.""","""Well, it is a special vault designed for people who need a place to store their valuables with no questions asked. It is also very secure. In more than two hundred years since it was built the security of the Repository has never been compromised.""",pending,existing_corpus
"""So it's just a bank?""","""So it's just a bank?""",pending,existing_corpus
"""It's more than just a bank. The Underground Repository is a service that provides uncompromised security and anonymity to its members. People who use the Repository are considered part of a secret society who protect other members by upholding a set of strict policies. These people all share two things; the Repository and the code of conduct that goes with it. It is even rumored that the Chancellor himself uses the Repository, though you'll never find anyone who will confirm or deny that.""","""It's more than just a bank. The Underground Repository is a service that provides uncompromised security and anonymity to its members. People who use the Repository are considered part of a secret society who protect other members by upholding a set of strict policies. These people all share two things; the Repository and the code of conduct that goes with it. It is even rumored that the Chancellor himself uses the Repository, though you'll never find anyone who will confirm or deny that.""",pending,existing_corpus
"""And this 'amulet key' unlocks a box there?""","""And this 'amulet key' unlocks a box there?""",pending,existing_corpus
"""Yes. This key is paired with a security vault in the Repository. Vault number 26 to be exact, according to the marks across its face. Just show the Vault Master your amulet and you will be allowed to enter and retrieve whatever is stored in the vault. I will warn you now, the management of the Repository have zero tolerance for trespassing or snooping around in general, so do your business and leave.""","""Yes. This key is paired with a security vault in the Repository. Vault number 26 to be exact, according to the marks across its face. Just show the Vault Master your amulet and you will be allowed to enter and retrieve whatever is stored in the vault. I will warn you now, the management of the Repository have zero tolerance for trespassing or snooping around in general, so do your business and leave.""",pending,existing_corpus
"""And where exactly is this Underground Repository located?""","""And where exactly is this Underground Repository located?""",pending,existing_corpus
"""Well, unfortunately I can't tell you its exact location, but just go to the town of Blackwater and snoop around a bit. Don't bother to ask anyone about it because nobody there knows anything- well, at least they'll act like they don't know anything. In fact, just talking about it can get you killed, so do the right thing and stay quiet. If you look around long enough, you'll find what you are searching for.""","""Well, unfortunately I can't tell you its exact location, but just go to the town of Blackwater and snoop around a bit. Don't bother to ask anyone about it because nobody there knows anything- well, at least they'll act like they don't know anything. In fact, just talking about it can get you killed, so do the right thing and stay quiet. If you look around long enough, you'll find what you are searching for.""",pending,existing_corpus
"""Could you tell me where I could get some supplies?""","""Could you tell me where I could get some supplies?""",pending,existing_corpus
"""Personally, I get all my supplies from Bordertown. It's a small camp just half-a-day walk north of here, right outside of Darkford. It's nothing more than a refugee camp, but the merchants there always have what I need.""\n\n""Southwest of here, outside the forest, is an old mining town called Blackwater. It's a longer walk but worth the journey as the merchants are always well stocked. However, they don't take kindly to refugees and transients, and they require visitors to pay a gate tax to enter the town. They use the money to support their own militia and because of this, Blackwater has fared better than most towns in Thaermore.""\n\n""That's about it other than Aridell, but that is a couple days walk east of here. The capital, Bastion Spire, has been closed off for quite some time now.""","""Personally, I get all my supplies from Bordertown. It's a small camp just half-a-day walk north of here, right outside of Darkford. It's nothing more than a refugee camp, but the merchants there always have what I need.""\n\n""Southwest of here, outside the forest, is an old mining town called Blackwater. It's a longer walk but worth the journey as the merchants are always well stocked. However, they don't take kindly to refugees and transients, and they require visitors to pay a gate tax to enter the town. They use the money to support their own militia and because of this, Blackwater has fared better than most towns in Thaermore.""\n\n""That's about it other than Aridell, but that is a couple days walk east of here. The capital, Bastion Spire, has been closed off for quite some time now.""",pending,existing_corpus
"""How do you know so much about all this? Have we met before?""","""How do you know so much about all this? Have we met before?""",pending,existing_corpus
"""No, I have never met you before. However, because you possess that amulet, we share a comradeship."" Lilith touches an unseen object hanging from her neck which is tucked inside her blouse. ""During my previous profession I acquired several 'assets' which I now store at the Repository. That is all I will say about that. As I said, people who use the Repository share this code of silence. Don't ask about other people's deposits and don't tell others of yours.""","""No, I have never met you before. However, because you possess that amulet, we share a comradeship."" Lilith touches an unseen object hanging from her neck which is tucked inside her blouse. ""During my previous profession I acquired several 'assets' which I now store at the Repository. That is all I will say about that. As I said, people who use the Repository share this code of silence. Don't ask about other people's deposits and don't tell others of yours.""",pending,existing_corpus
"""I don't have it. I'll get it and bring it back to you.""","""I don't have it. I'll get it and bring it back to you.""",pending,existing_corpus
"""Thank you for your time, Lilith."" [END]","""Thank you for your time, Lilith."" [END]",pending,existing_corpus
"""Are there any areas in or around Tanglewood that would be wise for me to know about?""","""Are there any areas in or around Tanglewood that would be wise for me to know about?""",pending,existing_corpus
"""Yes, a word of caution: due west of here is a very dangerous area called Baron's Thicket. There was once a hunting camp owned by Lord Thorndike located there. He kept it stocked with Carniraptors- bipedal reptiles that can strip flesh from bone in seconds. No one tended to the camp after the war began and the Carniraptors have escaped, and they now roam freely throughout Baron's Thicket. I recommend that you do not travel straight west from here.""\n\n""Beyond Baron's Thicket is a abandoned town named Vela, on the shores of Bottomless Lake. It fell to a Goblin raid over a year ago and is nothing more than a flooded ghost town now. Word is that Goblins still reside there, but I don't travel that way, and the Carniraptors of Baron's Thicket seems to deter them from making their way east.""","""Yes, a word of caution: due west of here is a very dangerous area called Baron's Thicket. There was once a hunting camp owned by Lord Thorndike located there. He kept it stocked with Carniraptors- bipedal reptiles that can strip flesh from bone in seconds. No one tended to the camp after the war began and the Carniraptors have escaped, and they now roam freely throughout Baron's Thicket. I recommend that you do not travel straight west from here.""\n\n""Beyond Baron's Thicket is a abandoned town named Vela, on the shores of Bottomless Lake. It fell to a Goblin raid over a year ago and is nothing more than a flooded ghost town now. Word is that Goblins still reside there, but I don't travel that way, and the Carniraptors of Baron's Thicket seems to deter them from making their way east.""",pending,existing_corpus
"""There's not much south of here. Miles of forest eventually ending on the shores of the Salted Coast. Just a bit southeast of here is Grimmhold, the fortress that once connected the eastern shores with the rest of Thaermore. I've not visited it in more than a year since the guards have abandoned it. Last I heard, it is no longer safe, overrun with Goblins who made their way up from the south along the eastern rift.""\n\n""If you are interested in a bit of historical sightseeing, there is a preserve just north of here built to protect an old tree. People say the tree is the offspring of the first tree of Tanglewood. I've visited it a couple of times, but I've never seen anything special about it. It just looks like an old tree to me.""","""There's not much south of here. Miles of forest eventually ending on the shores of the Salted Coast. Just a bit southeast of here is Grimmhold, the fortress that once connected the eastern shores with the rest of Thaermore. I've not visited it in more than a year since the guards have abandoned it. Last I heard, it is no longer safe, overrun with Goblins who made their way up from the south along the eastern rift.""\n\n""If you are interested in a bit of historical sightseeing, there is a preserve just north of here built to protect an old tree. People say the tree is the offspring of the first tree of Tanglewood. I've visited it a couple of times, but I've never seen anything special about it. It just looks like an old tree to me.""",pending,existing_corpus
"""I think I've heard enough. Thank you."" [BACK]","""I think I've heard enough. Thank you."" [BACK]",pending,existing_corpus
"""I've heard enough. Thank you."" [BACK]","""I've heard enough. Thank you."" [BACK]",pending,existing_corpus
"""I must be going. Thanks for your time."" [END]","""I must be going. Thanks for your time."" [END]",pending,existing_corpus
"""What can you tell me about this war?""","""What can you tell me about this war?""",pending,existing_corpus
"""What can I tell you? I think it is very suspicious, that's what I can tell you. A couple years ago this gem, the 'Crux of Ages', supposedly disappears and the Chancellor declared war with these Orakur creatures that no one seems to know anything about. Soon after that most of Thaermore is overrun with Goblins and all sorts of vermin from the underground. The Chancellor, rather than defend this region, just closes off the all the exit points and leaves everyone here to defend themselves. What kind of war plan is that?""\n\n""I am one of the lucky ones. I can take care of myself and this forest has protected me fairly well, but the rest of Thaermore may never recover from this war.""","""What can I tell you? I think it is very suspicious, that's what I can tell you. A couple years ago this gem, the 'Crux of Ages', supposedly disappears and the Chancellor declared war with these Orakur creatures that no one seems to know anything about. Soon after that most of Thaermore is overrun with Goblins and all sorts of vermin from the underground. The Chancellor, rather than defend this region, just closes off the all the exit points and leaves everyone here to defend themselves. What kind of war plan is that?""\n\n""I am one of the lucky ones. I can take care of myself and this forest has protected me fairly well, but the rest of Thaermore may never recover from this war.""",pending,existing_corpus
"You are surprised to see a scrawny goblin standing in the center of the this chamber, walled off from the rest of the cave. It is apparent that he has made this place his home for some time.\n\n""Oh human! No harm Gruzz! Me not make war, me be friend!""","You are surprised to see a scrawny goblin standing in the center of the this chamber, walled off from the rest of the cave. It is apparent that he has made this place his home for some time.\n\n""Oh human! No harm Gruzz! Me not make war, me be friend!""",pending,existing_corpus
"""Greets to you human! Be kind to Gruzz, me be friend!""","""Greets to you human! Be kind to Gruzz, me be friend!""",pending,existing_corpus
"""I do not speak to filth! I am the enemy of all goblins!"" [Attack]","""I do not speak to filth! I am the enemy of all goblins!"" [Attack]",pending,existing_corpus
"""Ohh, because Gruzz friend of humans. Gruzz not want to be with other goblins when they make war. Something bad going to happen. Gruzz hide here until war end. Spare Gruzz life and he be your friend! Gruzz tell you all he knows!""","""Ohh, because Gruzz friend of humans. Gruzz not want to be with other goblins when they make war. Something bad going to happen. Gruzz hide here until war end. Spare Gruzz life and he be your friend! Gruzz tell you all he knows!""",pending,existing_corpus
"""Tell me what you can about this place.""","""Tell me what you can about this place.""",pending,existing_corpus
"""Oh, this place was for mining. Great gemstone found here! You still find some if you have good eye for hidden things! Gruzz finds lots of gems 'cause Gruzz has good eyes. Now cave filled with giant wasps, they called Hive Drones. Hive Queen is further back. They not bother Gruzz here because Gruzz keep smoky fire. They not like smoke. Gruzz safe.""\n\nThe goblin throws a handful of tiny bones in the fire which smolder and crack. ""Gruzz hide here until war over.""","""Oh, this place was for mining. Great gemstone found here! You still find some if you have good eye for hidden things! Gruzz finds lots of gems 'cause Gruzz has good eyes. Now cave filled with giant wasps, they called Hive Drones. Hive Queen is further back. They not bother Gruzz here because Gruzz keep smoky fire. They not like smoke. Gruzz safe.""\n\nThe goblin throws a handful of tiny bones in the fire which smolder and crack. ""Gruzz hide here until war over.""",pending,existing_corpus
"""Tell me what you know of this war, goblin.""","""Tell me what you know of this war, goblin.""",pending,existing_corpus
"""Humans make war with Orakur but something not right. Why human leader let Goblins run around and make trouble? Goblins make war on humans and human leader just ignore them. Something bad going to happen. Gruzz not want to die. Gruzz hide here until all over.""\n\nGruzz lowers his voice. ""Powerful shaman named Gramuk is leading goblin clans now. Clans move across Thaermore looking for great gemstone. Not know what happens next.""","""Humans make war with Orakur but something not right. Why human leader let Goblins run around and make trouble? Goblins make war on humans and human leader just ignore them. Something bad going to happen. Gruzz not want to die. Gruzz hide here until all over.""\n\nGruzz lowers his voice. ""Powerful shaman named Gramuk is leading goblin clans now. Clans move across Thaermore looking for great gemstone. Not know what happens next.""",pending,existing_corpus
"""What do you know of these Orakur?""","""What do you know of these Orakur?""",pending,existing_corpus
"""Gruzz knows nothing! Gruzz never see Orakur. Human soldiers far away chasing shadows. Goblin shaman Gramuk spreading vermin to weaken humans. Humans blame Orakur for this, not Goblins! Gruzz not be part of war. Great suffering coming to all.""\n\nSuddenly Gruzz places his hands over his mouth and looks around, then whispers: ""Shhh, Gramuk may be listening! Gramuk see people with his mind. Maybe Gruzz say too much. No more talk or Gramuk may find Gruzz and human.""","""Gruzz knows nothing! Gruzz never see Orakur. Human soldiers far away chasing shadows. Goblin shaman Gramuk spreading vermin to weaken humans. Humans blame Orakur for this, not Goblins! Gruzz not be part of war. Great suffering coming to all.""\n\nSuddenly Gruzz places his hands over his mouth and looks around, then whispers: ""Shhh, Gramuk may be listening! Gramuk see people with his mind. Maybe Gruzz say too much. No more talk or Gramuk may find Gruzz and human.""",pending,existing_corpus
"""Thank you for your help, Gruzz.""","""Thank you for your help, Gruzz.""",pending,existing_corpus
"""Gruzz say you welcome. Gruzz thank human for not harming Gruzz, so Gruzz tell you secret! Gruzz used to be in charge of cleaning weapons in Goblin Citadel. If you ever get captured and taken to Citadel, maybe you can escape! Maybe you can use powerful weapon for help.""\n\n""There be a lock box in Citadel, near where Goblins keep prisoners. The box lock need be set to 66 and then box open. Powerful weapon there!""","""Gruzz say you welcome. Gruzz thank human for not harming Gruzz, so Gruzz tell you secret! Gruzz used to be in charge of cleaning weapons in Goblin Citadel. If you ever get captured and taken to Citadel, maybe you can escape! Maybe you can use powerful weapon for help.""\n\n""There be a lock box in Citadel, near where Goblins keep prisoners. The box lock need be set to 66 and then box open. Powerful weapon there!""",pending,existing_corpus
"""I have no further use for you, goblin. Prepare to die!""","""I have no further use for you, goblin. Prepare to die!""",pending,existing_corpus
"""No! No! Human have mercy!""","""No! No! Human have mercy!""",pending,existing_corpus
"""What can you tell me of this war, goblin?""","""What can you tell me of this war, goblin?""",pending,existing_corpus
"""Thank you. Perhaps that information may be useful to me someday.""","""Thank you. Perhaps that information may be useful to me someday.""",pending,existing_corpus
"""Sounds fair. Here is 100 gold pieces.""X","""Sounds fair. Here is 100 gold pieces.""X",pending,existing_corpus
"""Open the gates. I have business to do in your town.""'","""Open the gates. I have business to do in your town.""'",pending,existing_corpus
"""Is that right? Have you been cleared?""","""Is that right? Have you been cleared?""",pending,existing_corpus
"""Let me pass, I have been cleared.""","""Let me pass, I have been cleared.""",pending,existing_corpus
"""Yes sir. Safe travels to you.""","""Yes sir. Safe travels to you.""",pending,existing_corpus
"""Cleared? What do you mean?""","""Cleared? What do you mean?""",pending,existing_corpus
"""As a way of maintaining security here in our fine city and to keep out riffraff and vagrants,  the mayor requires a one time gate tax of 100 gold pieces. Pay the tax and the gates to Blackwater will always be open to you. If you can't pay the tax, you cannot enter the town.""","""As a way of maintaining security here in our fine city and to keep out riffraff and vagrants,  the mayor requires a one time gate tax of 100 gold pieces. Pay the tax and the gates to Blackwater will always be open to you. If you can't pay the tax, you cannot enter the town.""",pending,existing_corpus
"""Sounds fair. Here's is 100 gold pieces.""","""Sounds fair. Here's is 100 gold pieces.""",pending,existing_corpus
"Gatekeeper: ""Thank you. You may enter the city.","Gatekeeper: ""Thank you. You may enter the city.",pending,existing_corpus
"cond_gold 100 ; remove_gold 100 ; quest 10 2 ; Message (Gatekeeper: ""Thank you. You may enter the city."") ; toggle_port 9271 ; toggle_port 14274","cond_gold 100 ; remove_gold 100 ; quest 10 2 ; Message (Gatekeeper: ""Thank you. You may enter the city."") ; toggle_port 9271 ; toggle_port 14274",pending,existing_corpus
"""No way. I will not pay your toll!""@","""No way. I will not pay your toll!""@",pending,existing_corpus
"""Then you will not pass. Be gone before I gut you like a fish.""","""Then you will not pass. Be gone before I gut you like a fish.""",pending,existing_corpus
"You see a slender man with beady eyes and foreign features, probably of mixed descent rather than pure human.\n\n""Greetings to you, guest of Blackwater. I am Eeru, owner of The Lonely Spirits Tavern. Relax and have a drink! I have a room available if you need a bed for the night.""","You see a slender man with beady eyes and foreign features, probably of mixed descent rather than pure human.\n\n""Greetings to you, guest of Blackwater. I am Eeru, owner of The Lonely Spirits Tavern. Relax and have a drink! I have a room available if you need a bed for the night.""",pending,existing_corpus
"Eeru smiles as you approach him. His piercing eyes make you uncomfortable.\n\n""What can I do for you?""","Eeru smiles as you approach him. His piercing eyes make you uncomfortable.\n\n""What can I do for you?""",pending,existing_corpus
"""I'd like to see what you have for sale.""+","""I'd like to see what you have for sale.""+",pending,existing_corpus
"""Thank you very much for shopping with us.""","""Thank you very much for shopping with us.""",pending,existing_corpus
"""Certainly! I have a fine room available."" Eeru reaches behind the bar and pulls out an old, dusty registry. ""What name will you be staying under?""","""Certainly! I have a fine room available."" Eeru reaches behind the bar and pulls out an old, dusty registry. ""What name will you be staying under?""",pending,existing_corpus
"""That's really none of your business.""","""That's really none of your business.""",pending,existing_corpus
"""Ah, yes. Let me escort you personally to your room. When you are finshed resting, just pull the lever to ring the bell. I will come and get you again.""","""Ah, yes. Let me escort you personally to your room. When you are finshed resting, just pull the lever to ring the bell. I will come and get you again.""",pending,existing_corpus
screen_fade_out ; move_player 8357 ; screen_fade_in,screen_fade_out ; move_player 8357 ; screen_fade_in,pending,existing_corpus
"""I must be on my way. Thank you."" [END]","""I must be on my way. Thank you."" [END]",pending,existing_corpus
"You see a blacksmith wielding a large hammer. He looks up towards you as you approach.\n\n""Hail traveler! Come here! My name is Erik and this is my metalshop here in Bordertown. Please, let me to show you some of my stock.""","You see a blacksmith wielding a large hammer. He looks up towards you as you approach.\n\n""Hail traveler! Come here! My name is Erik and this is my metalshop here in Bordertown. Please, let me to show you some of my stock.""",pending,existing_corpus
"Erik stands near his anvil, a dented piece of armor in the process of being hammered out.\n\n""You want to see what else I have for sale? You'll find no better selection than mine.""","Erik stands near his anvil, a dented piece of armor in the process of being hammered out.\n\n""You want to see what else I have for sale? You'll find no better selection than mine.""",pending,existing_corpus
"""Yes, I'd like to look at your inventory.""","""Yes, I'd like to look at your inventory.""",pending,existing_corpus
"""Can you tell me a bit about this village?""","""Can you tell me a bit about this village?""",pending,existing_corpus
"""We've been calling this camp 'Bordertown'. Most of the people here, myself included, were forced to leave their homes elsewhere in Thaermore because of this damn war. We've all traveled north, hoping to pass through Darkford and reach the western lands. Unfortunately, Darkford has been closed by the Chancellor and the guards are not letting anyone through. So, we've all just made temporarily homes here waiting for the Chancellor to allow people to pass west again. It's been over a year now and we're still waiting.""","""We've been calling this camp 'Bordertown'. Most of the people here, myself included, were forced to leave their homes elsewhere in Thaermore because of this damn war. We've all traveled north, hoping to pass through Darkford and reach the western lands. Unfortunately, Darkford has been closed by the Chancellor and the guards are not letting anyone through. So, we've all just made temporarily homes here waiting for the Chancellor to allow people to pass west again. It's been over a year now and we're still waiting.""",pending,existing_corpus
"""Unfortuantely I am a bit short on gold. Do you have any work for me?""","""Unfortuantely I am a bit short on gold. Do you have any work for me?""",pending,existing_corpus
"""I might have something for you but the job is really tough! Gunther, the metal smith down in Blackwater, has ordered a smelting crucible from me and I have not found any way to deliver it to him. See, the problem is that it weighs 70 pounds!""\n\n""After the war began all the horses in Thaermore were gathered up to be used in military service, so there's really no other way to get this down to him other than for someone to carry it. I figured that someone a strong back or perhaps a keen sense of magick could think up with an ingenious way of transporting it down there. Maybe you're just the guy I am looking for.""\n\n""Before you just agree to it, remember that it weighs 70 pounds. If you sucessfully get it to Gunther, he will pay you 600 gold. It's a big job with big pay!""","""I might have something for you but the job is really tough! Gunther, the metal smith down in Blackwater, has ordered a smelting crucible from me and I have not found any way to deliver it to him. See, the problem is that it weighs 70 pounds!""\n\n""After the war began all the horses in Thaermore were gathered up to be used in military service, so there's really no other way to get this down to him other than for someone to carry it. I figured that someone a strong back or perhaps a keen sense of magick could think up with an ingenious way of transporting it down there. Maybe you're just the guy I am looking for.""\n\n""Before you just agree to it, remember that it weighs 70 pounds. If you sucessfully get it to Gunther, he will pay you 600 gold. It's a big job with big pay!""",pending,existing_corpus
"""What is Darkford?""","""What is Darkford?""",pending,existing_corpus
"""Darkford is the stronghold that secures Azure pass through Barrier Range, which separates the eastern and western lands of Thaermore. It's really the quickest and safest route west towards Bastion Spire, the capital of Thaermore."" Erik wipes the sweat from his brow with his soot covered glove. ""Until Darkford is opened or this war comes to an end, we are all just stuck here.""","""Darkford is the stronghold that secures Azure pass through Barrier Range, which separates the eastern and western lands of Thaermore. It's really the quickest and safest route west towards Bastion Spire, the capital of Thaermore."" Erik wipes the sweat from his brow with his soot covered glove. ""Until Darkford is opened or this war comes to an end, we are all just stuck here.""",pending,existing_corpus
"""You seem to be making the best of your situation here.""","""You seem to be making the best of your situation here.""",pending,existing_corpus
"""What happened to Vela?""","""What happened to Vela?""",pending,existing_corpus
"""The same thing that has happened to many of the other towns and villages across Thaermore. After the start of the war, we began defending ourselves against Salamanders and Bloodsippers, supposedly sent from the underworld by the Orakur. This wasn't much more than a nuisance to us, but then the Goblins showed up. They came from Crakamir; made their way up the Nimmia River in huge numbers. We held them off as long as possible, but then those bastards broke the levee that held back the waters of Bottomless Lake. Vela was flooded and the survivors fled.""\n\n""The Chancellor says the Goblins are not a concern, but he obviously has no idea what we're up against out here.""","""The same thing that has happened to many of the other towns and villages across Thaermore. After the start of the war, we began defending ourselves against Salamanders and Bloodsippers, supposedly sent from the underworld by the Orakur. This wasn't much more than a nuisance to us, but then the Goblins showed up. They came from Crakamir; made their way up the Nimmia River in huge numbers. We held them off as long as possible, but then those bastards broke the levee that held back the waters of Bottomless Lake. Vela was flooded and the survivors fled.""\n\n""The Chancellor says the Goblins are not a concern, but he obviously has no idea what we're up against out here.""",pending,existing_corpus
"""Great! The crucible is over in the chest next to the furnace. It's not very big, but it is made of dense ceramic and it is very heavy. Remember to lift with your legs when you pick it up or you'll throw your back out! Good luck!""","""Great! The crucible is over in the chest next to the furnace. It's not very big, but it is made of dense ceramic and it is very heavy. Remember to lift with your legs when you pick it up or you'll throw your back out! Good luck!""",pending,existing_corpus
"""I am interested in the job, but I must prepare myself first. When I am capable of carrying 70 pounds for that distance, I will return to you.""W","""I am interested in the job, but I must prepare myself first. When I am capable of carrying 70 pounds for that distance, I will return to you.""W",pending,existing_corpus
"""That's the spirit! Just come back and ask me about the job again when you are ready.""","""That's the spirit! Just come back and ask me about the job again when you are ready.""",pending,existing_corpus
"""That's okay. I didn't think you had it in you but I figured I'd tell you about the job anyways. If you have any friends that can do it, send 'em my way.""","""That's okay. I didn't think you had it in you but I figured I'd tell you about the job anyways. If you have any friends that can do it, send 'em my way.""",pending,existing_corpus
"""Show me your writ from the Chancellor and I'll let you pass. If you have no writ then I suggest you leave or there will be hell to pay.""","""Show me your writ from the Chancellor and I'll let you pass. If you have no writ then I suggest you leave or there will be hell to pay.""",pending,existing_corpus
"""Do you now? Well, that sounds really important. I guess the Captain should just put this entire war on hold so you can show him your little letter!""\n\nThe other guard chuckles.","""Do you now? Well, that sounds really important. I guess the Captain should just put this entire war on hold so you can show him your little letter!""\n\nThe other guard chuckles.",pending,existing_corpus
"The guard laughs. ""We have been horribly short of toiletry paper, so yes, I'd gladly take your letter and put it to good use. Hand it over then!""","The guard laughs. ""We have been horribly short of toiletry paper, so yes, I'd gladly take your letter and put it to good use. Hand it over then!""",pending,existing_corpus
"""Here it is."" [Hand the incriminating letter to him.]","""Here it is."" [Hand the incriminating letter to him.]",pending,existing_corpus
"""Oh, why thank you!"" The guard crumples the letter up and stuffs it underneath his armor. ""We had beans again for breakfast and I'm going to be needing this a bit later!""\n\nBoth guards laugh loudly before regaining their posture and then ignoring you as if you weren't there.","""Oh, why thank you!"" The guard crumples the letter up and stuffs it underneath his armor. ""We had beans again for breakfast and I'm going to be needing this a bit later!""\n\nBoth guards laugh loudly before regaining their posture and then ignoring you as if you weren't there.",pending,existing_corpus
remove_item (Incriminating Letter),remove_item (Incriminating Letter),pending,existing_corpus
screen_fade_out ; map_port (Darkford) ; updatezones ; areacheck ; screen_fade_in,screen_fade_out ; map_port (Darkford) ; updatezones ; areacheck ; screen_fade_in,pending,existing_corpus
"Before you stands a man covered in soot and sweat. He is older than most smiths and looks tired, as if the years of pounding metal have worn on him,  and yet he carries with him a large hammer as if it weighed nothing at all.\n\n""Hail my friend! Come in, come in. My name is Gunther, owner of this here metal shop. I buy and sell weapons and armor so please feel free to have a look at my inventory. It truly is the best you'll find in all of Thaermore.""","Before you stands a man covered in soot and sweat. He is older than most smiths and looks tired, as if the years of pounding metal have worn on him,  and yet he carries with him a large hammer as if it weighed nothing at all.\n\n""Hail my friend! Come in, come in. My name is Gunther, owner of this here metal shop. I buy and sell weapons and armor so please feel free to have a look at my inventory. It truly is the best you'll find in all of Thaermore.""",pending,existing_corpus
remove_item (Divine Ore) ; quest 62 9,remove_item (Divine Ore) ; quest 62 9,pending,existing_corpus
"""You needin' any weapons or armor? Gunther will help you out!""","""You needin' any weapons or armor? Gunther will help you out!""",pending,existing_corpus
"""Yes, I'd like to have a look at your inventory.""","""Yes, I'd like to have a look at your inventory.""",pending,existing_corpus
"""Thanks for your patronage""","""Thanks for your patronage""",pending,existing_corpus
init_trade (gunther),init_trade (gunther),pending,existing_corpus
"""What can you tell me of this area?""","""What can you tell me of this area?""",pending,existing_corpus
"""Well, we're fairly secure here in our town, but outside the city walls it's rather dangerous from what I hear. For example, Vela, a port city just north of here, fell to a Goblin raid a while back. Criminals and creatures of all sorts run wild out there.""\n\n""I've even heard rumors that the Goblins have brought in Taurax from the far south to help them overtake Thaermore! Do you know what a Taurax is, son? It's a seven foot tall half-bull, half man abomination! They say that a few were spotted just a mile away at the site of the old Loneloft ruins! I think we can defend ourselves against almost anything but an army of Taurax and a throng of Goblins may be too much!""\n\nGunther sighs. ""I hope it doesn't come to that. I hope the Chancellor sends troops soon to help us with security.""","""Well, we're fairly secure here in our town, but outside the city walls it's rather dangerous from what I hear. For example, Vela, a port city just north of here, fell to a Goblin raid a while back. Criminals and creatures of all sorts run wild out there.""\n\n""I've even heard rumors that the Goblins have brought in Taurax from the far south to help them overtake Thaermore! Do you know what a Taurax is, son? It's a seven foot tall half-bull, half man abomination! They say that a few were spotted just a mile away at the site of the old Loneloft ruins! I think we can defend ourselves against almost anything but an army of Taurax and a throng of Goblins may be too much!""\n\nGunther sighs. ""I hope it doesn't come to that. I hope the Chancellor sends troops soon to help us with security.""",pending,existing_corpus
"""Do you have any work that needs done? I'm always looking to put a bit more gold in my pocket.""","""Do you have any work that needs done? I'm always looking to put a bit more gold in my pocket.""",pending,existing_corpus
"""Well, yes, I do need something but it isn't going to be an easy task. You see, I had purchased a bit of Divine Ore from Farwick in Aridell a few months ago. On route for delivery, it was stolen by a band of Mercenaries who have a hideout somewhere east of here. I don't know if they still have it or if they sold it, but if you are as tough as you look, maybe you could 'convince' them to do the right thing and give it back""\n\n""I paid a lot of money for that little bit of Ore. If you find it, I'll pay you the full value of what it's worth to have it back."">","""Well, yes, I do need something but it isn't going to be an easy task. You see, I had purchased a bit of Divine Ore from Farwick in Aridell a few months ago. On route for delivery, it was stolen by a band of Mercenaries who have a hideout somewhere east of here. I don't know if they still have it or if they sold it, but if you are as tough as you look, maybe you could 'convince' them to do the right thing and give it back""\n\n""I paid a lot of money for that little bit of Ore. If you find it, I'll pay you the full value of what it's worth to have it back."">",pending,existing_corpus
"""I have with me a ceramic crucible that Erik of Bordertown asked me to bring you."" [Give ceramic crucible]","""I have with me a ceramic crucible that Erik of Bordertown asked me to bring you."" [Give ceramic crucible]",pending,existing_corpus
"""Good god son! You carried this damn thing all the way from Bordertown on your back!?"" Gunther helps you set it on the ground. It reaches the floor with a deep thud, raising the dust that had long settled between the floorboards.\n\n""Well, Erik had set the delivery charge on this thing at 600 gold, so I guess you're the man who gets it. Here you go, you deserve every bit of it!""","""Good god son! You carried this damn thing all the way from Bordertown on your back!?"" Gunther helps you set it on the ground. It reaches the floor with a deep thud, raising the dust that had long settled between the floorboards.\n\n""Well, Erik had set the delivery charge on this thing at 600 gold, so I guess you're the man who gets it. Here you go, you deserve every bit of it!""",pending,existing_corpus
"""Yes, I will find this Divine Ore for you.""l","""Yes, I will find this Divine Ore for you.""l",pending,existing_corpus
"""You are quite the adventurous type! Well, I wish you the very best success! I'll be here when you find it.""","""You are quite the adventurous type! Well, I wish you the very best success! I'll be here when you find it.""",pending,existing_corpus
"""No, I don't mess around with Mercenaries.""J","""No, I don't mess around with Mercenaries.""J",pending,existing_corpus
"""Heh, I don't blame you! Oh well, I guess I should just get over my loss.""","""Heh, I don't blame you! Oh well, I guess I should just get over my loss.""",pending,existing_corpus
"""I have brought back your Divine Ore."" [Give Divine Ore to Gunther]","""I have brought back your Divine Ore."" [Give Divine Ore to Gunther]",pending,existing_corpus
"""Yep, that's it! Thank you very much! Now then, I believe I owe you 500 gold for this, don't I?""\n\nGunther goes behind his counter and opens a small cash box. After fumbling around with a bunch of coins, he finally hands you 500 gold. ""There you go! And thanks again, you've been a real help!"">","""Yep, that's it! Thank you very much! Now then, I believe I owe you 500 gold for this, don't I?""\n\nGunther goes behind his counter and opens a small cash box. After fumbling around with a bunch of coins, he finally hands you 500 gold. ""There you go! And thanks again, you've been a real help!"">",pending,existing_corpus
"You see a tall, thin man. Almost immediately you notice that his right eye is missing and in its place is just a fleshy hole; the other eye is sunken and dark. His skin is pale and sickly as if he hasn't seen sunlight in years.\n\n""Greetings to you! My name is Leurik. I am the director of Eversleep Cemetery. I assume you have come to inquire about funeral services for a loved one, or perhaps you wish to make arrangements for yourself?""\n\nLeurik smiles at you politely which you find creepier than if he had not smiled at all.","You see a tall, thin man. Almost immediately you notice that his right eye is missing and in its place is just a fleshy hole; the other eye is sunken and dark. His skin is pale and sickly as if he hasn't seen sunlight in years.\n\n""Greetings to you! My name is Leurik. I am the director of Eversleep Cemetery. I assume you have come to inquire about funeral services for a loved one, or perhaps you wish to make arrangements for yourself?""\n\nLeurik smiles at you politely which you find creepier than if he had not smiled at all.",pending,existing_corpus
"Leurik smiles when he sees you. ""Are you ready to make arrangements for yourself and your love ones for when that unfortunate day comes?""","Leurik smiles when he sees you. ""Are you ready to make arrangements for yourself and your love ones for when that unfortunate day comes?""",pending,existing_corpus
"""Perhaps. Could you tell me more about Eversleep Cemetery?""","""Perhaps. Could you tell me more about Eversleep Cemetery?""",pending,existing_corpus
"""Certainly! Eversleep Cemetery is located due west of here and it is the finest resting grounds in all of eastern Thaermore. We handle all the details of the funeral and have an assortment of coffins, caskets, and private vaults to suit your needs. We offer traditional ground burials as well as internment within our private crypt where your loved ones can rest safely until the very end of time. Do you desire cremation? No problem! Embalmment? Our pleasure! I'll personally see to it that the needs of you and your family are taken care of.""\n\n""Why don't we begin the paperwork now to secure a spot for you and your loved ones?""","""Certainly! Eversleep Cemetery is located due west of here and it is the finest resting grounds in all of eastern Thaermore. We handle all the details of the funeral and have an assortment of coffins, caskets, and private vaults to suit your needs. We offer traditional ground burials as well as internment within our private crypt where your loved ones can rest safely until the very end of time. Do you desire cremation? No problem! Embalmment? Our pleasure! I'll personally see to it that the needs of you and your family are taken care of.""\n\n""Why don't we begin the paperwork now to secure a spot for you and your loved ones?""",pending,existing_corpus
"""I need to retrieve something that belongs to me.""","""I need to retrieve something that belongs to me.""",pending,existing_corpus
"""I find that a bit hard to believe. You look as though you're nothing more than a common adventurer, and people such as yourself think nothing of looting the dead. Life is just a big adventure to you, isn't it? Well I...""\n\nLeurik stops in mid sentance, as if an ingenious idea suddenly comes to him. ""I'll tell you what. This is not something I would normally do, but these are not normal times now, are they? I happen to have a bit of a problem downstairs in my basement. It is full of Salamanders. If you were to go down there and clear the basement out, I would gladly give you a key to the crypt as payment for your services. Deal?""","""I find that a bit hard to believe. You look as though you're nothing more than a common adventurer, and people such as yourself think nothing of looting the dead. Life is just a big adventure to you, isn't it? Well I...""\n\nLeurik stops in mid sentance, as if an ingenious idea suddenly comes to him. ""I'll tell you what. This is not something I would normally do, but these are not normal times now, are they? I happen to have a bit of a problem downstairs in my basement. It is full of Salamanders. If you were to go down there and clear the basement out, I would gladly give you a key to the crypt as payment for your services. Deal?""",pending,existing_corpus
"""My business is my own. Give me the key.""j","""My business is my own. Give me the key.""j",pending,existing_corpus
"""Well with that I do believe you've exhausted your welcome. Please remove yourself from my house at once!""","""Well with that I do believe you've exhausted your welcome. Please remove yourself from my house at once!""",pending,existing_corpus
"""That sounds fair.""","""That sounds fair.""",pending,existing_corpus
"""Splendid! Just head into the basement and get to work. Be careful! Don't let them surround you or you'll be in trouble. You can always come back upstairs if you need to take a break; they won't follow you. When there's nothing left down there, come talk to me again.""","""Splendid! Just head into the basement and get to work. Be careful! Don't let them surround you or you'll be in trouble. You can always come back upstairs if you need to take a break; they won't follow you. When there's nothing left down there, come talk to me again.""",pending,existing_corpus
"""I've given you a very generous offer and this is how you respond? You have exhausted your welcome. Please leave my house at once!""","""I've given you a very generous offer and this is how you respond? You have exhausted your welcome. Please leave my house at once!""",pending,existing_corpus
"""About that salamander problem in your basement...""","""About that salamander problem in your basement...""",pending,existing_corpus
"""Have you finished the job?""","""Have you finished the job?""",pending,existing_corpus
"""Ah, not right now. Thanks for your time."" [END]","""Ah, not right now. Thanks for your time."" [END]",pending,existing_corpus
"""I'd like to check out the quality of your crypt before committing to anything. An eternity is a very long time to have to lie in an unsatisfactory tomb. May I have a key to unlock the crypt so I may take a peek inside?""","""I'd like to check out the quality of your crypt before committing to anything. An eternity is a very long time to have to lie in an unsatisfactory tomb. May I have a key to unlock the crypt so I may take a peek inside?""",pending,existing_corpus
"""I'm sorry but we have had quite a problem with vandalism recently and I cannot give a key to just anyone. Perhaps with a small non-refundable deposit put towards your intent to purchase a plot I will know you are serious, and then I will give you a key to the vault. 200 gold pieces would be a sufficient deposit I suppose.""","""I'm sorry but we have had quite a problem with vandalism recently and I cannot give a key to just anyone. Perhaps with a small non-refundable deposit put towards your intent to purchase a plot I will know you are serious, and then I will give you a key to the vault. 200 gold pieces would be a sufficient deposit I suppose.""",pending,existing_corpus
"""Thank you! We appreciate your interest in our services. Please, go look at our facilities and come back when you are ready to make your arrangements.""","""Thank you! We appreciate your interest in our services. Please, go look at our facilities and come back when you are ready to make your arrangements.""",pending,existing_corpus
"""I'm sorry to hear that. Well, we do offer pauper burials as well. There is no shame in putting yourself or your dear mother in a leaky pine box if that is all you can afford.""","""I'm sorry to hear that. Well, we do offer pauper burials as well. There is no shame in putting yourself or your dear mother in a leaky pine box if that is all you can afford.""",pending,existing_corpus
"""Why it appears they are! Well, a deal is a deal. Take this key. You may retrieve whatever object you claim is yours and then promptly leave.""","""Why it appears they are! Well, a deal is a deal. Take this key. You may retrieve whatever object you claim is yours and then promptly leave.""",pending,existing_corpus
"""No, I'm still working on it.""Y","""No, I'm still working on it.""Y",pending,existing_corpus
"""Well keep at it. You'll get no key from me if you can't clean up my problem downstairs!""","""Well keep at it. You'll get no key from me if you can't clean up my problem downstairs!""",pending,existing_corpus
"""Oh, really now? What reason would a person such as yourself have to enter my private crypt except to rob the dead of their valuables?""","""Oh, really now? What reason would a person such as yourself have to enter my private crypt except to rob the dead of their valuables?""",pending,existing_corpus
"""No thanks. I don't plan on dying anytime soon."" [END]","""No thanks. I don't plan on dying anytime soon."" [END]",pending,existing_corpus
You wake laying upon cold dirt. The smell of death is all around you...,You wake laying upon cold dirt. The smell of death is all around you...,pending,existing_corpus
screen_fade_out ; move_player 5753 ; strip_items ; message (You wake laying upon cold dirt. The smell of death is all around you...) ; screen_fade_in,screen_fade_out ; move_player 5753 ; strip_items ; message (You wake laying upon cold dirt. The smell of death is all around you...) ; screen_fade_in,pending,existing_corpus
"""Here is my key."" [Show him the Amulet Passkey 26]","""Here is my key."" [Show him the Amulet Passkey 26]",pending,existing_corpus
Amulet Passkey 26\ntoggle_port 3573,Amulet Passkey 26\ntoggle_port 3573,pending,existing_corpus
"""Perhaps this is what you are looking for?"" [Show him the Strange Amulet]","""Perhaps this is what you are looking for?"" [Show him the Strange Amulet]",pending,existing_corpus
"""I have this key."" [Show him the Amulet Passkey 15]","""I have this key."" [Show him the Amulet Passkey 15]",pending,existing_corpus
Amulet Passkey 15\ntoggle_port 3573,Amulet Passkey 15\ntoggle_port 3573,pending,existing_corpus
"""Um, I think I will just show myself out."" [END]","""Um, I think I will just show myself out."" [END]",pending,existing_corpus
"You see a withered man in dirty clothes. His skin is covered in open wounds and the smell of infection hangs in the air. He seems to have been caught off guard by your presences.\n\n""Oh, you startled me! I thought you were one of those wretched cutpurse thugs that are always trying to sneak in here. My name is Paul. I don't know who you are or what you want, but I warn you- I am sick. You best not stay long or you're likely to catch what I've got.""","You see a withered man in dirty clothes. His skin is covered in open wounds and the smell of infection hangs in the air. He seems to have been caught off guard by your presences.\n\n""Oh, you startled me! I thought you were one of those wretched cutpurse thugs that are always trying to sneak in here. My name is Paul. I don't know who you are or what you want, but I warn you- I am sick. You best not stay long or you're likely to catch what I've got.""",pending,existing_corpus
"""Greetings. I am just passing through and hoped that you could chat with me a bit about this region.""","""Greetings. I am just passing through and hoped that you could chat with me a bit about this region.""",pending,existing_corpus
"""Sure. I don't see many travelers pass through here anymore so I'll be happy to chat for a bit. This area is called the Salted Coast because twice per year the tides rise extra high and floods most of the lowlands south of here. The soil along the shoreline is so salted that nothing grows well.""\n\n""It used to be quite a nice place to live, actually. Just a few years ago I spent my days gathering salt and growing herbs to sell in Elderhollow. Then the war came and any sense of law and order disappeared. Now I spend what days I have left just defending my home from the thieves that roam this area. That's what my 'blast barrier' is for, so if any of those bastards try to get near here I'll send 'em all to their grave!""","""Sure. I don't see many travelers pass through here anymore so I'll be happy to chat for a bit. This area is called the Salted Coast because twice per year the tides rise extra high and floods most of the lowlands south of here. The soil along the shoreline is so salted that nothing grows well.""\n\n""It used to be quite a nice place to live, actually. Just a few years ago I spent my days gathering salt and growing herbs to sell in Elderhollow. Then the war came and any sense of law and order disappeared. Now I spend what days I have left just defending my home from the thieves that roam this area. That's what my 'blast barrier' is for, so if any of those bastards try to get near here I'll send 'em all to their grave!""",pending,existing_corpus
"""I am here to rob you. Hand over your valuables!""m","""I am here to rob you. Hand over your valuables!""m",pending,existing_corpus
"Paul chuckles. ""My valuables? Are you serious? Yeah, sure have at it. Take all the 'valuables' you can find.""","Paul chuckles. ""My valuables? Are you serious? Yeah, sure have at it. Take all the 'valuables' you can find.""",pending,existing_corpus
"""What has happened to your skin?""","""What has happened to your skin?""",pending,existing_corpus
"""I've gotten infected with a disease called Fleshrot. It'll kill me eventually, if the murderous thugs in the area don't get me first.""\n\nPaul pulls the sleaves down over the sores on his arms. ""I don't think there is anything I can do about it. I've tried countless remedies and potions, but the disease has progressed too far. I am just trying to stay comfortable for what time I have left.""","""I've gotten infected with a disease called Fleshrot. It'll kill me eventually, if the murderous thugs in the area don't get me first.""\n\nPaul pulls the sleaves down over the sores on his arms. ""I don't think there is anything I can do about it. I've tried countless remedies and potions, but the disease has progressed too far. I am just trying to stay comfortable for what time I have left.""",pending,existing_corpus
"""What can you tell me about the war?""","""What can you tell me about the war?""",pending,existing_corpus
"""I really don't know anything about it. One day everything is fine, the next day all hell broke loose! The Commonwealth Guards who are supposed to be maintaining law just up and disappeared. I guess they were called into service to fight the war with the Orakur, but in their absence this place has fallen into chaos. I even heard that Grimmhold was overrun by Goblins! Well, with my illness I am not long for this world, so I guess I really don't care much about what happens, honestly.""","""I really don't know anything about it. One day everything is fine, the next day all hell broke loose! The Commonwealth Guards who are supposed to be maintaining law just up and disappeared. I guess they were called into service to fight the war with the Orakur, but in their absence this place has fallen into chaos. I even heard that Grimmhold was overrun by Goblins! Well, with my illness I am not long for this world, so I guess I really don't care much about what happens, honestly.""",pending,existing_corpus
"""Blast barrier? Nice.""c","""Blast barrier? Nice.""c",pending,existing_corpus
"""Heh, yeah. I've used it a couple times too. Doesn't leave much to clean up but fragments of bone.""","""Heh, yeah. I've used it a couple times too. Doesn't leave much to clean up but fragments of bone.""",pending,existing_corpus
"""I have been asked by Father Michael at the Bethel in Aridell to give you this potion. It will cure your disease. [give him the Potion of Absolute Restoration].","""I have been asked by Father Michael at the Bethel in Aridell to give you this potion. It will cure your disease. [give him the Potion of Absolute Restoration].",pending,existing_corpus
"""Father Michael, you say?""\n\nYou hand him the potion. He takes it and examines the contents of the flask by swirling it around and then smelling the dark liquid. Suddenly he walks to a window and throws it out, smashing it upon a the ground.\n\n""You damn fool! That was not a healing elixir! When have you ever known a healing elixir to look and smell like boiled-down Noximander venom?""","""Father Michael, you say?""\n\nYou hand him the potion. He takes it and examines the contents of the flask by swirling it around and then smelling the dark liquid. Suddenly he walks to a window and throws it out, smashing it upon a the ground.\n\n""You damn fool! That was not a healing elixir! When have you ever known a healing elixir to look and smell like boiled-down Noximander venom?""",pending,existing_corpus
"""I was just trying to help. I didn't know.""","""I was just trying to help. I didn't know.""",pending,existing_corpus
"""What do you mean?""","""What do you mean?""",pending,existing_corpus
"""Well, a few months ago there was a messenger passing through the Salted Coast area heading to Aridell. He was attacked by thugs down near the shoreline and was killed, and when I found his body there was a letter floating in the water nearby. The saltwater had broken the seal on the letter and I saw that it was for Father Michael from a Goblin named 'Gramuk'. It was instructions for finishing a portal to allow Goblins to travel to the Darkford region.""\n\n""When Father Michael heard that I recovered his 'sealed letter' he sent someone to retrieve it. He also sent me a whole salted ham to show his appreciation for my efforts in securing the letter. But within a day of eating some of the meat I was stricken with this horrible disease. Apparently the Father wanted to make sure I hadn't accidently read anything that might incrimiate him.""","""Well, a few months ago there was a messenger passing through the Salted Coast area heading to Aridell. He was attacked by thugs down near the shoreline and was killed, and when I found his body there was a letter floating in the water nearby. The saltwater had broken the seal on the letter and I saw that it was for Father Michael from a Goblin named 'Gramuk'. It was instructions for finishing a portal to allow Goblins to travel to the Darkford region.""\n\n""When Father Michael heard that I recovered his 'sealed letter' he sent someone to retrieve it. He also sent me a whole salted ham to show his appreciation for my efforts in securing the letter. But within a day of eating some of the meat I was stricken with this horrible disease. Apparently the Father wanted to make sure I hadn't accidently read anything that might incrimiate him.""",pending,existing_corpus
"""So why would father Michael be involved with Goblins?""","""So why would father Michael be involved with Goblins?""",pending,existing_corpus
"""I don't know. All I know is that I actually kept the original letter. What I sent back to him was something I copied by hand and, well, changed a few of the instructions around."" Paul smiles. ""I was able to restick the wax seal on the fake letter so that it looked legitimate. There's no way the portal will ever work with the instructions I gave him!""\n\n""Look, if you really want to help me, take this original letter to someone in charge, someone who has the power to bring father Michael to justice. Don't show this to anyone in Aridell; they all think Father Michael is some sort of damned saint. They won't believe what I've told you. Take it north to Darkford and show it to the Captain who oversees operations there. He's probably the highest in authority remaining in this area of Thaermore.""","""I don't know. All I know is that I actually kept the original letter. What I sent back to him was something I copied by hand and, well, changed a few of the instructions around."" Paul smiles. ""I was able to restick the wax seal on the fake letter so that it looked legitimate. There's no way the portal will ever work with the instructions I gave him!""\n\n""Look, if you really want to help me, take this original letter to someone in charge, someone who has the power to bring father Michael to justice. Don't show this to anyone in Aridell; they all think Father Michael is some sort of damned saint. They won't believe what I've told you. Take it north to Darkford and show it to the Captain who oversees operations there. He's probably the highest in authority remaining in this area of Thaermore.""",pending,existing_corpus
"""Yes, I believe you. I will do this task.""","""Yes, I believe you. I will do this task.""",pending,existing_corpus
"""Thank you! I am glad to have this off my shoulders. Take the note and give it to the Captain at Darkford. You may need to convince the Guards to let you in, but I'm sure he will be very interested to hear about Father Michael's actions.""\n\n""By the way, I think the portal Father Michael is working on is somewhere near Darkford. I've heard that he owns a cottage up there where he frequently visits, spending many hours engaged in 'theological study'.""","""Thank you! I am glad to have this off my shoulders. Take the note and give it to the Captain at Darkford. You may need to convince the Guards to let you in, but I'm sure he will be very interested to hear about Father Michael's actions.""\n\n""By the way, I think the portal Father Michael is working on is somewhere near Darkford. I've heard that he owns a cottage up there where he frequently visits, spending many hours engaged in 'theological study'.""",pending,existing_corpus
"""Whether or not I believe you is irrelevant. I really don't care either way and I've got better things to do with my time. [END]""","""Whether or not I believe you is irrelevant. I really don't care either way and I've got better things to do with my time. [END]""",pending,existing_corpus
"""I'll be on my way."" [END]","""I'll be on my way."" [END]",pending,existing_corpus
"As you enter the small tavern, you realize how temporary it feels. The walls are simple bricks held with mud and the floors are just fragments of stone pressed into the ground.\n\nA young woman greets you. ""Hello traveler. I am Krista, owner of this make-shift tavern here in Bordertown. I have a few items to eat or drink if you're hungry and I offer many other items for sale that that I've acquired from people passing through.""\n\n""What can I get for you?""","As you enter the small tavern, you realize how temporary it feels. The walls are simple bricks held with mud and the floors are just fragments of stone pressed into the ground.\n\nA young woman greets you. ""Hello traveler. I am Krista, owner of this make-shift tavern here in Bordertown. I have a few items to eat or drink if you're hungry and I offer many other items for sale that that I've acquired from people passing through.""\n\n""What can I get for you?""",pending,existing_corpus
"Krista appears happy to have a customer in her tiny tavern.\n\n""What can I get for you?""","Krista appears happy to have a customer in her tiny tavern.\n\n""What can I get for you?""",pending,existing_corpus
"""Please show me your inventory.""#","""Please show me your inventory.""#",pending,existing_corpus
"""Thank you, please come back soon!""","""Thank you, please come back soon!""",pending,existing_corpus
init_trade krista,init_trade krista,pending,existing_corpus
"""Hmm, yes, I know of Lilith. She comes here every few weeks to pick up supplies. She lives just south of here, near Lake Atria, not more than half-a-day's walk.""","""Hmm, yes, I know of Lilith. She comes here every few weeks to pick up supplies. She lives just south of here, near Lake Atria, not more than half-a-day's walk.""",pending,existing_corpus
"""I'm not completely familiar with this area actually; I'm just a refugee like everyone else here. I know that just east of here is a huge stronghold that people call Shadowmirk. It's a centuries old refuge for a cult of eclectic Mages. No one really knows much about them but I am always fascinated by the structure when I am out that way gathering herbs from the swamps.""\n\n""Which reminds me: stay clear of that area unless you know what you are doing. It is infested with Fungal Slimes!""","""I'm not completely familiar with this area actually; I'm just a refugee like everyone else here. I know that just east of here is a huge stronghold that people call Shadowmirk. It's a centuries old refuge for a cult of eclectic Mages. No one really knows much about them but I am always fascinated by the structure when I am out that way gathering herbs from the swamps.""\n\n""Which reminds me: stay clear of that area unless you know what you are doing. It is infested with Fungal Slimes!""",pending,existing_corpus
"""I'm looking for some work. Got anything?""","""I'm looking for some work. Got anything?""",pending,existing_corpus
"""Well, perhaps. I have been hoping to find someone who would be willing to go to Grimmhold and retrieve an item for me. You see, my brother was once a soldier stationed at Grimmhold; he was a lieutenant actually. He kept with him a family locket that our mother had given to him for good luck while he was serving in the Commonwealth Guard.""\n\n""When the Chancellor called all the available guards into service, he packed up and shipped out within hours. He left behind a few belongings, the locket being one of them. Now, it isn't worth much, but it has significant sentimental value to both of us. Since Grimmhold has been overrun with Goblins, I am more concerned than ever that we may never get it back. I would pay you a couple hundred gold if you are able to find the locket and bring it back to me.""?","""Well, perhaps. I have been hoping to find someone who would be willing to go to Grimmhold and retrieve an item for me. You see, my brother was once a soldier stationed at Grimmhold; he was a lieutenant actually. He kept with him a family locket that our mother had given to him for good luck while he was serving in the Commonwealth Guard.""\n\n""When the Chancellor called all the available guards into service, he packed up and shipped out within hours. He left behind a few belongings, the locket being one of them. Now, it isn't worth much, but it has significant sentimental value to both of us. Since Grimmhold has been overrun with Goblins, I am more concerned than ever that we may never get it back. I would pay you a couple hundred gold if you are able to find the locket and bring it back to me.""?",pending,existing_corpus
"""Sure, I can look for it.""","""Sure, I can look for it.""",pending,existing_corpus
"""Really? That's great! Okay then, I have something to give you. It is a key to my brother's quarters; he left it with me when passing through on his way west hopeful that I may have the chance to retrieve it in case he never returned. The locket should be in a chest or cabinet in his room. I don't know where his quarters where located, but you'll obviously know it when you find the lock that this key fits.""","""Really? That's great! Okay then, I have something to give you. It is a key to my brother's quarters; he left it with me when passing through on his way west hopeful that I may have the chance to retrieve it in case he never returned. The locket should be in a chest or cabinet in his room. I don't know where his quarters where located, but you'll obviously know it when you find the lock that this key fits.""",pending,existing_corpus
"""That's okay, I'll keep searching for someone. Perhaps even I could buy some equipment from Erik the blacksmith and head down there myself.""","""That's okay, I'll keep searching for someone. Perhaps even I could buy some equipment from Erik the blacksmith and head down there myself.""",pending,existing_corpus
"""Oh, yes it is! Thank you, thank you, thank you! I can't express how happy I am to see this locket again.""\n\n""Well, as promised, here is 200 gold. Thank you again!""?","""Oh, yes it is! Thank you, thank you, thank you! I can't express how happy I am to see this locket again.""\n\n""Well, as promised, here is 200 gold. Thank you again!""?",pending,existing_corpus
"""Interesting."" [BACK]","""Interesting."" [BACK]",pending,existing_corpus
"""No problem."" [BACK]","""No problem."" [BACK]",pending,existing_corpus
"""Hail stranger! My name is Gamfari. I am a herbalist and alchemist here in Bordertown. I spend most of my free time walking the countryside gathering rare reagents. I can promise you that you'll find no better assortment of alchemy supplies north of Darkwater!""\n\n""Care to see my stock, or how about a lesson in Alchemy?""","""Hail stranger! My name is Gamfari. I am a herbalist and alchemist here in Bordertown. I spend most of my free time walking the countryside gathering rare reagents. I can promise you that you'll find no better assortment of alchemy supplies north of Darkwater!""\n\n""Care to see my stock, or how about a lesson in Alchemy?""",pending,existing_corpus
"""Needing any herbs or alchemy supplies? Or how about a quick lesson in mixing techniques?""","""Needing any herbs or alchemy supplies? Or how about a quick lesson in mixing techniques?""",pending,existing_corpus
"""Yes, show me your inventory.""","""Yes, show me your inventory.""",pending,existing_corpus
init_trade (gamfari),init_trade (gamfari),pending,existing_corpus
"""I would like to learn a bit about Alchemy.""0","""I would like to learn a bit about Alchemy.""0",pending,existing_corpus
"""Thank you for inquiring about Alchemy lessons.""","""Thank you for inquiring about Alchemy lessons.""",pending,existing_corpus
teach_skill (Gamfari) 1,teach_skill (Gamfari) 1,pending,existing_corpus
"""No thank you."" [END]","""No thank you."" [END]",pending,existing_corpus
"""Come and see me anytime you need Alchemy supplies. I have the best stock in Thaermore!""","""Come and see me anytime you need Alchemy supplies. I have the best stock in Thaermore!""",pending,existing_corpus
"You see a beaten, bloodied man hanging from a rack device. As you approach him, he slowly lifts his head and tries to look at you. His eyes are mostly swollen shut but he manages to force them open enough to catch a glimps of your face.\n\n""Brother? Brother! Is...is that you?""","You see a beaten, bloodied man hanging from a rack device. As you approach him, he slowly lifts his head and tries to look at you. His eyes are mostly swollen shut but he manages to force them open enough to catch a glimps of your face.\n\n""Brother? Brother! Is...is that you?""",pending,existing_corpus
"""I'm sorry. I don't know who you are.""","""I'm sorry. I don't know who you are.""",pending,existing_corpus
"The man lowers his head and weeps.\n\n""You did it. You drank the serum and you've forgotten who I am. I am thankful you did it brother or you would be hanging in the rack next to me already.""\n\nThe man moans quietly. His arms are pulled tight and it looks as if his entire weight is supported by the toothed, steel bands around his wrists. There appears to be no way of opening the seamless manacles; you surmise that the severing of the arms is the only way a detainee can be released from such a horrible device.\n\n""I am sorry you do not remember me brother. You did what you had to do to protect yourself, but since you are here I must tell you what I've overheard the goblins talking about. Listen to me now before life escapes me,""","The man lowers his head and weeps.\n\n""You did it. You drank the serum and you've forgotten who I am. I am thankful you did it brother or you would be hanging in the rack next to me already.""\n\nThe man moans quietly. His arms are pulled tight and it looks as if his entire weight is supported by the toothed, steel bands around his wrists. There appears to be no way of opening the seamless manacles; you surmise that the severing of the arms is the only way a detainee can be released from such a horrible device.\n\n""I am sorry you do not remember me brother. You did what you had to do to protect yourself, but since you are here I must tell you what I've overheard the goblins talking about. Listen to me now before life escapes me,""",pending,existing_corpus
"""Yes, it is me. I drank a serum and lost my memory, but I left myself a note to find you!""]","""Yes, it is me. I drank a serum and lost my memory, but I left myself a note to find you!""]",pending,existing_corpus
"""Brother, you...you shouldn't have written yourself a note. We discussed the dangers of that! What if they find you?""\n\nThe man moans quietly. His arms are pulled tight and it looks as if his entire weight is supported by the toothed, steel bands around his wrists. There appears to be no way of opening the seamless manacles; you surmise that the severing of the arms is the only way a detainee can be released from such a horrible device.\n\n""Brother, I wish our final meeting could have been under other circumstances, but before life escapes me I must tell you what I've heard the goblins talking about.""","""Brother, you...you shouldn't have written yourself a note. We discussed the dangers of that! What if they find you?""\n\nThe man moans quietly. His arms are pulled tight and it looks as if his entire weight is supported by the toothed, steel bands around his wrists. There appears to be no way of opening the seamless manacles; you surmise that the severing of the arms is the only way a detainee can be released from such a horrible device.\n\n""Brother, I wish our final meeting could have been under other circumstances, but before life escapes me I must tell you what I've heard the goblins talking about.""",pending,existing_corpus
"""I am listening. What have you heard?""","""I am listening. What have you heard?""",pending,existing_corpus
"""The goblins are scheming something big. I've heard them speak of taking over all of Thaermore. They speak of a goblin shaman named Gramuk. He has taken control of the Chancellor's mind which is why Thaermore is undefended.""\n\nHe takes a deep breath and gnashes his teeth, forcing himself to ignore the pain that must be unbearable. ""Brother, they will find you soon. Whether you posses the Crux or not, they are going to find you and your fate will be the same as mine.""\n\n""There is little time left. The goblins speak of destroying Shadowmirk, the Mage Citadel to the north. There's a wizard who resides there named Erubor. They fear him and want him eliminated. Go to Shadowmirk and find Erubor. Tell him what I've told you. If Shadowmirk falls, so shall the remainder of Thaermore.""","""The goblins are scheming something big. I've heard them speak of taking over all of Thaermore. They speak of a goblin shaman named Gramuk. He has taken control of the Chancellor's mind which is why Thaermore is undefended.""\n\nHe takes a deep breath and gnashes his teeth, forcing himself to ignore the pain that must be unbearable. ""Brother, they will find you soon. Whether you posses the Crux or not, they are going to find you and your fate will be the same as mine.""\n\n""There is little time left. The goblins speak of destroying Shadowmirk, the Mage Citadel to the north. There's a wizard who resides there named Erubor. They fear him and want him eliminated. Go to Shadowmirk and find Erubor. Tell him what I've told you. If Shadowmirk falls, so shall the remainder of Thaermore.""",pending,existing_corpus
"""What of the Crux of Ages? What are they saying about it?""","""What of the Crux of Ages? What are they saying about it?""",pending,existing_corpus
"He coughs up blood which drips from his chin. ""Th...the Crux? Please brother, say not another word! If you possess it, do not tell me. Anything you say to me may be heard by Gramuk. If you do have it, keep it close to you for it may offer some sort of protection. It was the removal of the Crux from Bastion Spire that allowed Gramuk to gain control of the Chancellor's mind. I do not know what else to tell you of it. Perhaps you can seek Erudor advice on the matter, but only if you trust him.""\n\n""Now, there is one thing I must ask of you, brother,""","He coughs up blood which drips from his chin. ""Th...the Crux? Please brother, say not another word! If you possess it, do not tell me. Anything you say to me may be heard by Gramuk. If you do have it, keep it close to you for it may offer some sort of protection. It was the removal of the Crux from Bastion Spire that allowed Gramuk to gain control of the Chancellor's mind. I do not know what else to tell you of it. Perhaps you can seek Erudor advice on the matter, but only if you trust him.""\n\n""Now, there is one thing I must ask of you, brother,""",pending,existing_corpus
"""What have you heard?""","""What have you heard?""",pending,existing_corpus
"""What would you have of me?""","""What would you have of me?""",pending,existing_corpus
"""Brother, end my life. I...I am broken. Even with the most powerful of medicines I cannot recover from this. I will be dead in a few hours...please do not allow me to suffer that long.""\n\nYou notice a single tear run down your brother's face, creating a clean path through the blood and sweat and dirt. ""I am sorry you do not remember me brother, but I am glad the amnesia will spare you the pain of my passing.""\n\nHe lowers his head and takes a long slow breath.","""Brother, end my life. I...I am broken. Even with the most powerful of medicines I cannot recover from this. I will be dead in a few hours...please do not allow me to suffer that long.""\n\nYou notice a single tear run down your brother's face, creating a clean path through the blood and sweat and dirt. ""I am sorry you do not remember me brother, but I am glad the amnesia will spare you the pain of my passing.""\n\nHe lowers his head and takes a long slow breath.",pending,existing_corpus
"""I will do this for you. Goodbye, brother."" [End his life]","""I will do this for you. Goodbye, brother."" [End his life]",pending,existing_corpus
"""I'm not here to rob you. Do you need any help?""","""I'm not here to rob you. Do you need any help?""",pending,existing_corpus
"""Yes, I could try to locate him for you.""","""Yes, I could try to locate him for you.""",pending,existing_corpus
"""Oh thank you so much! As I said, my husband's name is Bradon. Please tell him to hurry back here even if he has not found the wagon parts yet. At this point we have no more belongings to haul and I'm starting to use the wagon for firewood.""\n\nMary pauses as if trying to find the words to continue. ""If you find...I mean, if something has happened to him, you may be able to identify him by his wedding band. We were married just last spring and it has not left his finger since that day. It's just a simple gold ring inscribed with my name.""","""Oh thank you so much! As I said, my husband's name is Bradon. Please tell him to hurry back here even if he has not found the wagon parts yet. At this point we have no more belongings to haul and I'm starting to use the wagon for firewood.""\n\nMary pauses as if trying to find the words to continue. ""If you find...I mean, if something has happened to him, you may be able to identify him by his wedding band. We were married just last spring and it has not left his finger since that day. It's just a simple gold ring inscribed with my name.""",pending,existing_corpus
"""I'll do my best."" [END]","""I'll do my best."" [END]",pending,existing_corpus
"""I found a dead man with this ring in his possession. I'm sorry."" [Give wedding ring to Mary.]","""I found a dead man with this ring in his possession. I'm sorry."" [Give wedding ring to Mary.]",pending,existing_corpus
"""Thank you. I will look for this chest.""","""Thank you. I will look for this chest.""",pending,existing_corpus
"""You're welcome. Stay safe.""","""You're welcome. Stay safe.""",pending,existing_corpus
"""Greetings, greetings! Please, come on in and have a look around. My name is Vekkar and I am the proprietor of this shop of magicks. \n\nVekkar appears to be an older man, slight of build with crooked legs. He seems to be supporting most of his weight on a staff which he clings to.","""Greetings, greetings! Please, come on in and have a look around. My name is Vekkar and I am the proprietor of this shop of magicks. \n\nVekkar appears to be an older man, slight of build with crooked legs. He seems to be supporting most of his weight on a staff which he clings to.",pending,existing_corpus
"Vekkar smiles. ""How can I serve you?""","Vekkar smiles. ""How can I serve you?""",pending,existing_corpus
"""Please show me your inventory.""B","""Please show me your inventory.""B",pending,existing_corpus
"""Thank you very much for your patronage."" Vekkar says with a wink.","""Thank you very much for your patronage."" Vekkar says with a wink.",pending,existing_corpus
init_trade (vekkar),init_trade (vekkar),pending,existing_corpus
"""I'm looking to earn some gold. Do you have any tasks that I could do for you?""","""I'm looking to earn some gold. Do you have any tasks that I could do for you?""",pending,existing_corpus
"""As a matter of fact, I do have something that you could help me with. I was just speaking to the town council head and we were discussing the disappearance of the Burley Oak tree from this region. It used to grow plentiful in the southern area of Tangletree Forest, but it seems that the spreading population of Acid Grubbs has taken to stripping the bark from the trees which has killed them all.""\n\n""I've heard that there is a single tree left somewhere in the far southern area of Tangletree Forest. I would like to get an acorn from this Burley Oak before it is killed as well. We will then try to cultivate it here in Blackwater and save the species from extinction.""\n\n""I can pay you a small fee for your service if you were to bring this acorn back."":","""As a matter of fact, I do have something that you could help me with. I was just speaking to the town council head and we were discussing the disappearance of the Burley Oak tree from this region. It used to grow plentiful in the southern area of Tangletree Forest, but it seems that the spreading population of Acid Grubbs has taken to stripping the bark from the trees which has killed them all.""\n\n""I've heard that there is a single tree left somewhere in the far southern area of Tangletree Forest. I would like to get an acorn from this Burley Oak before it is killed as well. We will then try to cultivate it here in Blackwater and save the species from extinction.""\n\n""I can pay you a small fee for your service if you were to bring this acorn back."":",pending,existing_corpus
"""Great! Just bring the acorn back to me when you find it.""","""Great! Just bring the acorn back to me when you find it.""",pending,existing_corpus
"""You want me to gather nuts? No way.""N","""You want me to gather nuts? No way.""N",pending,existing_corpus
"""Oh, okay. Well you asked if I had any jobs and that is all I have right now.""","""Oh, okay. Well you asked if I had any jobs and that is all I have right now.""",pending,existing_corpus
"""I must be leaving. Thanks."" [END]","""I must be leaving. Thanks."" [END]",pending,existing_corpus
"""I must be going. Thanks."" [END]","""I must be going. Thanks."" [END]",pending,existing_corpus
"""Thank you so much! We will get this acorn planted right away. It may take 30 years, but eventually this tree will produce acorns of its own.""\n\n""Oh, and here is a bit of gold for your reward."":","""Thank you so much! We will get this acorn planted right away. It may take 30 years, but eventually this tree will produce acorns of its own.""\n\n""Oh, and here is a bit of gold for your reward."":",pending,existing_corpus
"""Welcome back, blessed traveler. What can I do for you?""","""Welcome back, blessed traveler. What can I do for you?""",pending,existing_corpus
"""I am in need of healing.""5","""I am in need of healing.""5",pending,existing_corpus
"""Thank you for inquiring about our healing services.""","""Thank you for inquiring about our healing services.""",pending,existing_corpus
"""I am cursed and need spiritual restoration.""<","""I am cursed and need spiritual restoration.""<",pending,existing_corpus
"""Thank you for inquiring about our dehexification services.""","""Thank you for inquiring about our dehexification services.""",pending,existing_corpus
cleric_dehex,cleric_dehex,pending,existing_corpus | exe:blitz_string@0x1AF30C
"""Yes, ah, you don't know about this war with the Orakur? Maybe you had better talk to Eleanor, Aridell's Council Head about that.""\n\n""And don't forget the potion on your way out!""","""Yes, ah, you don't know about this war with the Orakur? Maybe you had better talk to Eleanor, Aridell's Council Head about that.""\n\n""And don't forget the potion on your way out!""",pending,existing_corpus
"""I would like to know more about Divination.""","""I would like to know more about Divination.""",pending,existing_corpus
teach_skill (Jonathon) 2,teach_skill (Jonathon) 2,pending,existing_corpus
"""I must be on my way."" [END]","""I must be on my way."" [END]",pending,existing_corpus
"You see a shadowy individual standing in the corner of the tavern. He has watched you ever since you entered,  sipping on a pint of ale. As you near him, he motions to you.\n\n""Psst! Come over here. I would like to have a word with you.""","You see a shadowy individual standing in the corner of the tavern. He has watched you ever since you entered,  sipping on a pint of ale. As you near him, he motions to you.\n\n""Psst! Come over here. I would like to have a word with you.""",pending,existing_corpus
"""What have you to say?""","""What have you to say?""",pending,existing_corpus
"""You look like just the type of person I've been searching for. I have a job offer for you. It's a simple job with a big paycheck.""\n\nWhile he talks, the man's eyes never leave yours. His gaze is piercing, like a viper preparing to strike. ""I am looking for someone to help me with a problem. There is an individual who has become troublesome to me and must be eliminated. Are you interested in the job?""/","""You look like just the type of person I've been searching for. I have a job offer for you. It's a simple job with a big paycheck.""\n\nWhile he talks, the man's eyes never leave yours. His gaze is piercing, like a viper preparing to strike. ""I am looking for someone to help me with a problem. There is an individual who has become troublesome to me and must be eliminated. Are you interested in the job?""/",pending,existing_corpus
"""Perhaps. Tell me more.""","""Perhaps. Tell me more.""",pending,existing_corpus
"The man smiles at your response. ""There is a woman who resides in Tangletree Forest. Her name is Lilith and she lives in a cottage on Lake Atria. The reasons I want her killed are my own and do not concern you.""\n\n""Hear this, for it is most important: she wears an amulet around her neck. It is just a worthless trinket and is of no importance to me, of course. However, I need that amulet returned to me to prove you have completed the task. I can assure you she won't part with it while she is still breathing.""\n\n""If you do this job, I will pay you 500 gold and may have other work for you. So, are you interested?""","The man smiles at your response. ""There is a woman who resides in Tangletree Forest. Her name is Lilith and she lives in a cottage on Lake Atria. The reasons I want her killed are my own and do not concern you.""\n\n""Hear this, for it is most important: she wears an amulet around her neck. It is just a worthless trinket and is of no importance to me, of course. However, I need that amulet returned to me to prove you have completed the task. I can assure you she won't part with it while she is still breathing.""\n\n""If you do this job, I will pay you 500 gold and may have other work for you. So, are you interested?""",pending,existing_corpus
"""Very well. I thought you looked as if this was your type of job."" He sips his ale keeping his eyes locked on you. ""So this conversation never took place then, right?""\n\nHe finally looks away from you, acting as if he has never met you before.","""Very well. I thought you looked as if this was your type of job."" He sips his ale keeping his eyes locked on you. ""So this conversation never took place then, right?""\n\nHe finally looks away from you, acting as if he has never met you before.",pending,existing_corpus
"""That's the spirit! I will wait here for you. Remember, you get the money only when you bring back the amulet.""\n\n""Oh yes, and be careful. She is very dangerous. Don't toy with her, just end her life as quickly as possible.""","""That's the spirit! I will wait here for you. Remember, you get the money only when you bring back the amulet.""\n\n""Oh yes, and be careful. She is very dangerous. Don't toy with her, just end her life as quickly as possible.""",pending,existing_corpus
"""I know of Lilith and I consider her to be a friend! I will not let you carry out this job. Prepare to die!"" [Attack]","""I know of Lilith and I consider her to be a friend! I will not let you carry out this job. Prepare to die!"" [Attack]",pending,existing_corpus
"""I have killed Lilith. Here is her amulet. [Give him the Amulet Passkey 15]","""I have killed Lilith. Here is her amulet. [Give him the Amulet Passkey 15]",pending,existing_corpus
"""Well, well. I wasn't sure you would be capable of completing this task,""\n\nHe looks around to ensure no one is watching before taking the amulet from your hand and stuffing it into his shirt pocket. He then draws out a large pouch of coins.\n\n""A deal is a deal, even among us unscrupulous."" He places the coin bag in your hand. ""Now leave. We never had this conversation.""0","""Well, well. I wasn't sure you would be capable of completing this task,""\n\nHe looks around to ensure no one is watching before taking the amulet from your hand and stuffing it into his shirt pocket. He then draws out a large pouch of coins.\n\n""A deal is a deal, even among us unscrupulous."" He places the coin bag in your hand. ""Now leave. We never had this conversation.""0",pending,existing_corpus
"""Do you have any other work for me?""""","""Do you have any other work for me?""""",pending,existing_corpus
"""Not right now. Check back later.""/","""Not right now. Check back later.""/",pending,existing_corpus
"Oolasepf senses your approach. ""Greetings again, human. How goes your quest?""","Oolasepf senses your approach. ""Greetings again, human. How goes your quest?""",pending,existing_corpus
"As you approach the old and crooked little tree, you begin to feel a voice speak to you from within your mind: ""Human, please approach! I am Oolaseph and I am the direct descendant of the very first tree to take root here more than ten millennia past. That tree, my greatest grandfather, was the first tree in what your people would later call Tanglewood Forest.""\n\n""I feel grave times are approaching for our kind, both the race of men and trees. I have seen goblins moving through the moonlight. I have heard my brethren speak of the coming war. I speak to you now because I would like to offer you help.""","As you approach the old and crooked little tree, you begin to feel a voice speak to you from within your mind: ""Human, please approach! I am Oolaseph and I am the direct descendant of the very first tree to take root here more than ten millennia past. That tree, my greatest grandfather, was the first tree in what your people would later call Tanglewood Forest.""\n\n""I feel grave times are approaching for our kind, both the race of men and trees. I have seen goblins moving through the moonlight. I have heard my brethren speak of the coming war. I speak to you now because I would like to offer you help.""",pending,existing_corpus
"""A talking tree wants to help me? How do you know of me?""","""A talking tree wants to help me? How do you know of me?""",pending,existing_corpus
"""My brethren- my fellow tree kin- have spoken of you. They have seen your travels. They have seen you smite that which is attacking the land. They have told me you can help defeat this engine of destruction, this coming storm.""\n\n""I have not seen this for myself because my roots are not connected with theirs. I have been isolated here on this small parcel of earth so that I am protected from plague and fire if it were to overtake my brethren. It is critical that my lineage does not end, least it be the end of all trees in Thaermore.""\n\n""And so for my continued protection and that of my brethren, I would like to offer you help in the form of a gift. However, before I could give this gift to you, you must first prove your worth. If you can perform a difficult task for me, I will grant you one gift of the tree kin to aid you in your efforts. What say you?""","""My brethren- my fellow tree kin- have spoken of you. They have seen your travels. They have seen you smite that which is attacking the land. They have told me you can help defeat this engine of destruction, this coming storm.""\n\n""I have not seen this for myself because my roots are not connected with theirs. I have been isolated here on this small parcel of earth so that I am protected from plague and fire if it were to overtake my brethren. It is critical that my lineage does not end, least it be the end of all trees in Thaermore.""\n\n""And so for my continued protection and that of my brethren, I would like to offer you help in the form of a gift. However, before I could give this gift to you, you must first prove your worth. If you can perform a difficult task for me, I will grant you one gift of the tree kin to aid you in your efforts. What say you?""",pending,existing_corpus
"""I will not listen to these voices in my head! Be gone!""","""I will not listen to these voices in my head! Be gone!""",pending,existing_corpus
"""How am I to prove my worth to a tree?""","""How am I to prove my worth to a tree?""",pending,existing_corpus
"""In northwest Crakamir, the barren lands far to the south, there is a small oasis. Located there is a well, and within the well is water so pure it is unlike anything else in this world. It is water that has filtered through sand and rocks for a thousand years, and it percolates up from the cool underground to that very spot. But now the goblins have captured the oasis and they have placed terrible beasts there to guard it. Their plan is to pollute the water source which will have far reaching effects on every plant and animal and person in Thaermore.""\n\n""I ask that you bring me a flask of water from the oasis. If we can keep just one vial of Purest Water from being polluted we can use it to restore the oasis when the Goblin scourge ends.""","""In northwest Crakamir, the barren lands far to the south, there is a small oasis. Located there is a well, and within the well is water so pure it is unlike anything else in this world. It is water that has filtered through sand and rocks for a thousand years, and it percolates up from the cool underground to that very spot. But now the goblins have captured the oasis and they have placed terrible beasts there to guard it. Their plan is to pollute the water source which will have far reaching effects on every plant and animal and person in Thaermore.""\n\n""I ask that you bring me a flask of water from the oasis. If we can keep just one vial of Purest Water from being polluted we can use it to restore the oasis when the Goblin scourge ends.""",pending,existing_corpus
"""I will do this. I will return with your water.""","""I will do this. I will return with your water.""",pending,existing_corpus
"""Very good. I do not wish for you to be sent to your death, so please be confident that you are skilled enough to endure the dangers of Crakamir before undertaking my quest. This task is not for the weak nor ill prepared. Many before you have died attempting to reach this oasis.""","""Very good. I do not wish for you to be sent to your death, so please be confident that you are skilled enough to endure the dangers of Crakamir before undertaking my quest. This task is not for the weak nor ill prepared. Many before you have died attempting to reach this oasis.""",pending,existing_corpus
"""I need not prove my worth to a tree, and I will certainly not fetch you water as if I were your gardener!""q","""I need not prove my worth to a tree, and I will certainly not fetch you water as if I were your gardener!""q",pending,existing_corpus
"""That is regretful, human. I have made a poor choice to offer help to the race of men. It will not happen again.""","""That is regretful, human. I have made a poor choice to offer help to the race of men. It will not happen again.""",pending,existing_corpus
"""I have returned with your water!"" [Give Purest Water to Oolaseph]","""I have returned with your water!"" [Give Purest Water to Oolaseph]",pending,existing_corpus
"""Very good, human! I am pleased that you have completed this task. You have proven your worth to me and I will now give you the gift that I spoke of.""\n\n""One hundred years ago a great Ranger named Lorus of Eastleaf died after a lifetime of protecting this forest. His legendary bow was made from one of my branches and was buried with him. You have my permission to retrieve his bow and use it towards your crusade. If you are unskilled in archery, you may sell it to acquire funds to purchase items that will help you.""\n\n""His tomb is located in Tangletree Ossuary. His vault is secured with a sliding lock. To release the lock set the slider to 98. Be warned, anything else will trigger a deadly trap!""\n\n""Go now, human. Fight the Goblins and end this scourge!""","""Very good, human! I am pleased that you have completed this task. You have proven your worth to me and I will now give you the gift that I spoke of.""\n\n""One hundred years ago a great Ranger named Lorus of Eastleaf died after a lifetime of protecting this forest. His legendary bow was made from one of my branches and was buried with him. You have my permission to retrieve his bow and use it towards your crusade. If you are unskilled in archery, you may sell it to acquire funds to purchase items that will help you.""\n\n""His tomb is located in Tangletree Ossuary. His vault is secured with a sliding lock. To release the lock set the slider to 98. Be warned, anything else will trigger a deadly trap!""\n\n""Go now, human. Fight the Goblins and end this scourge!""",pending,existing_corpus
"""Thank you, Oolaseph.""","""Thank you, Oolaseph.""",pending,existing_corpus
"Without warning, several men jump from the shadows of the nearby wood line and surround you. One of them, presumably the leader,  approaches you and speaks up:\n\n""Well, well! What 'ave we here? Looks to me like this rat was trying to pass through our forest without paying the road tax. Don't you know this 'ere road belongs to us, rat? We don't take kindly to filthy varmin who think they can just walk anywhere they want.""","Without warning, several men jump from the shadows of the nearby wood line and surround you. One of them, presumably the leader,  approaches you and speaks up:\n\n""Well, well! What 'ave we here? Looks to me like this rat was trying to pass through our forest without paying the road tax. Don't you know this 'ere road belongs to us, rat? We don't take kindly to filthy varmin who think they can just walk anywhere they want.""",pending,existing_corpus
"[Threaten] ""Stand back you pathetic mongrels, least I deliver all of you to your fates!""","[Threaten] ""Stand back you pathetic mongrels, least I deliver all of you to your fates!""",pending,existing_corpus
"The leader of the thugs releases an obnoxious laugh, flashing a grotesque mouth of jagged, rotting teeth. ""Ha ha! You hear that boys?! This foul little rat is threatening our lives, and I don't believe he 'as any intention of paying the tax."" The other thugs laugh similarly, closing in on you. ""This one needs to learn some respect, he does. What do ya say we open this varmin's gut right 'ere and hang 'em from a tree, eh?""","The leader of the thugs releases an obnoxious laugh, flashing a grotesque mouth of jagged, rotting teeth. ""Ha ha! You hear that boys?! This foul little rat is threatening our lives, and I don't believe he 'as any intention of paying the tax."" The other thugs laugh similarly, closing in on you. ""This one needs to learn some respect, he does. What do ya say we open this varmin's gut right 'ere and hang 'em from a tree, eh?""",pending,existing_corpus
"""After him, boys! Cut the rat's throat!""","""After him, boys! Cut the rat's throat!""",pending,existing_corpus
"""If this is your land then it is only proper that I should pay a tax for passing through.""","""If this is your land then it is only proper that I should pay a tax for passing through.""",pending,existing_corpus
"""Ah! There, you see boys? This one knows what's good for him."" The gang leader steps forward and places the tip of his blade on your stomach, pressing on it with uncomfortable force. He smiles revealing a sparcly filled mouth of rotting teeth. ""The tax for using our road is 75 gold. You pay this and you can be on your merry little way. If you don't 'ave it...well, eh, lets just 'ope you do!""\n\nThe other thugs encircling you chuckle menecingly. You find the stench of filth and rum almost unbearable.","""Ah! There, you see boys? This one knows what's good for him."" The gang leader steps forward and places the tip of his blade on your stomach, pressing on it with uncomfortable force. He smiles revealing a sparcly filled mouth of rotting teeth. ""The tax for using our road is 75 gold. You pay this and you can be on your merry little way. If you don't 'ave it...well, eh, lets just 'ope you do!""\n\nThe other thugs encircling you chuckle menecingly. You find the stench of filth and rum almost unbearable.",pending,existing_corpus
"""Yes, 75 gold is a resonable tax. Here you go."" [Give 75 gold]","""Yes, 75 gold is a resonable tax. Here you go."" [Give 75 gold]",pending,existing_corpus
"""I will not pay this ridiclous 'road tax'. It is time I be on my way.""","""I will not pay this ridiclous 'road tax'. It is time I be on my way.""",pending,existing_corpus
"You see an odd mage walking aimlessly around the atrium. He seems to be talking to himself before noticing you.\n\n""Oh, uh, you startled me! My name is Walter. I have just joined the acolytes here in Shadowmirk and I'm working on my first assignment. Are you an initiate here too?""","You see an odd mage walking aimlessly around the atrium. He seems to be talking to himself before noticing you.\n\n""Oh, uh, you startled me! My name is Walter. I have just joined the acolytes here in Shadowmirk and I'm working on my first assignment. Are you an initiate here too?""",pending,existing_corpus
"""Yes, that's what I am. I am an initiate like you. What is your first assignment?","""Yes, that's what I am. I am an initiate like you. What is your first assignment?",pending,existing_corpus
"""Well, I guess we have the same first assignment: finding out how to get up to level two of the tower.""\n\nWalter adjusts his robe and hat, realizing that he may have made a mistake by talking to another initiate. ""Look, I don't want to get into any trouble so stop talking to me. And where is your robe and hat? I wouldn't want to be in your shoes if a senior acolyte catches you walking around in that attire! Now please leave me alone. If we try to help each other we will both fail and be thrown out!""","""Well, I guess we have the same first assignment: finding out how to get up to level two of the tower.""\n\nWalter adjusts his robe and hat, realizing that he may have made a mistake by talking to another initiate. ""Look, I don't want to get into any trouble so stop talking to me. And where is your robe and hat? I wouldn't want to be in your shoes if a senior acolyte catches you walking around in that attire! Now please leave me alone. If we try to help each other we will both fail and be thrown out!""",pending,existing_corpus
"""No, I am just an adventurer. I found my way inside and am just looking around.""","""No, I am just an adventurer. I found my way inside and am just looking around.""",pending,existing_corpus
"""Really? And you made it past the Dimensional Eye that guards the front gates? I am impressed! Still, you're probably not going to find much here other than a lot of trouble. The senior acolytes above don't take kindly to outsiders wandering through Shadowmirk!""","""Really? And you made it past the Dimensional Eye that guards the front gates? I am impressed! Still, you're probably not going to find much here other than a lot of trouble. The senior acolytes above don't take kindly to outsiders wandering through Shadowmirk!""",pending,existing_corpus
"""I am not an initiate. I must speak to a mage named Erubor. Heard of him?""","""I am not an initiate. I must speak to a mage named Erubor. Heard of him?""",pending,existing_corpus
"Walter looks at you as if your question strikes him humorously. ""Ha! Erubor? Of course I've heard of him. He is the headmaster here at Shadowmirk. I mean, I've never actually talked to him or even seen him, but I know he lives at the top of this tower. Good luck getting to talk to him. Most acolytes study for years in this place before they get to speak with the headmaster...and you're not even an initiate!"" Walter blurts out an annoyingly laugh which sounds like a mule braying.","Walter looks at you as if your question strikes him humorously. ""Ha! Erubor? Of course I've heard of him. He is the headmaster here at Shadowmirk. I mean, I've never actually talked to him or even seen him, but I know he lives at the top of this tower. Good luck getting to talk to him. Most acolytes study for years in this place before they get to speak with the headmaster...and you're not even an initiate!"" Walter blurts out an annoyingly laugh which sounds like a mule braying.",pending,existing_corpus
"""Can you tell me a bit about Shadowmirk?""","""Can you tell me a bit about Shadowmirk?""",pending,existing_corpus
"""Shadowmirk is a puzzling tower of tricks and riddles and traps, as well as a school and research library for all acolytes looking to become grand mages. Generally you are only allowed in by invitation.""\n\nWalter reaches up and pats the hat on his head, smiling. ""I was just recently admitted to Shadowmirk and so I am called an initiate. I am here on the lowest level and must find a way to level two, which is a test that shows I am ready for further training. However, at the moment I am not doing so well. I was just in the Arachnid chamber and I dropped the key to the Necrotic studies lab while trying to collect silk from an egg sack. I'm too drained right now to retrieve it so I am just going to rest for a while before going back in.""\n\n""If you're going to be wandering around Shadowmirk you had better have your wits about you!""","""Shadowmirk is a puzzling tower of tricks and riddles and traps, as well as a school and research library for all acolytes looking to become grand mages. Generally you are only allowed in by invitation.""\n\nWalter reaches up and pats the hat on his head, smiling. ""I was just recently admitted to Shadowmirk and so I am called an initiate. I am here on the lowest level and must find a way to level two, which is a test that shows I am ready for further training. However, at the moment I am not doing so well. I was just in the Arachnid chamber and I dropped the key to the Necrotic studies lab while trying to collect silk from an egg sack. I'm too drained right now to retrieve it so I am just going to rest for a while before going back in.""\n\n""If you're going to be wandering around Shadowmirk you had better have your wits about you!""",pending,existing_corpus
"""I would appreciate some advice.""","""I would appreciate some advice.""",pending,existing_corpus
"""Well, I can't help you with any of the puzzles you may encounter because I haven't seen them myself yet, but I've heard they range from simple riddles to certain death! They are designed to test your intelligence and skills with magick.""\n\nWalter laughs nervously. ""Now then, I am sorry if I sound rude, but I must get back to the assignment. If you continue to walk around here and get caught, don't mention my name or I could get thrown out. In fact, please don't bother me again!""","""Well, I can't help you with any of the puzzles you may encounter because I haven't seen them myself yet, but I've heard they range from simple riddles to certain death! They are designed to test your intelligence and skills with magick.""\n\nWalter laughs nervously. ""Now then, I am sorry if I sound rude, but I must get back to the assignment. If you continue to walk around here and get caught, don't mention my name or I could get thrown out. In fact, please don't bother me again!""",pending,existing_corpus
"""What can you tell me about this place?""","""What can you tell me about this place?""",pending,existing_corpus
"Another guard stands just inside the gates of Darkford.\n\n""Are you prepared to leave?""","Another guard stands just inside the gates of Darkford.\n\n""Are you prepared to leave?""",pending,existing_corpus
screen_fade_out ; map_port 14 ; screen_fade_in,screen_fade_out ; map_port 14 ; screen_fade_in,pending,existing_corpus
"Standing before you is a man in field armor that has a special crest imprinted on the breastplate, presumably to distinguish rank. He looks disheveled and inebriated, and the room smells of rum. He seems taken by surprise to see you.\n\n""Ehem. Good day, citizen! I am Captain Morgan, head of Darkford. I'm not sure what reason the guards had to let you in but I'll tell you I'm not too pleased. We have a strict policy against any non-military personnel in Darkford. So tell me, what is this reason you are here, citizen?""","Standing before you is a man in field armor that has a special crest imprinted on the breastplate, presumably to distinguish rank. He looks disheveled and inebriated, and the room smells of rum. He seems taken by surprise to see you.\n\n""Ehem. Good day, citizen! I am Captain Morgan, head of Darkford. I'm not sure what reason the guards had to let you in but I'll tell you I'm not too pleased. We have a strict policy against any non-military personnel in Darkford. So tell me, what is this reason you are here, citizen?""",pending,existing_corpus
"""Captain, I have a letter I must give you. It is incriminating evidence that the priest in Aridell is plotting something with the goblins."" [Give the Incriminating Letter to Captain Morgan]","""Captain, I have a letter I must give you. It is incriminating evidence that the priest in Aridell is plotting something with the goblins."" [Give the Incriminating Letter to Captain Morgan]",pending,existing_corpus
"""Here, let me take a look at that."" The Captain takes the note and opens it, holding it to the torch light.\n\nHe squints his eyes and then widens them trying to focus on the letter, bringing the paper closer and closer to face. After a moment you realize that the Captain has apparently given up trying to read it altogether and instead has just closed his eyes.\n\nYou clear you throat loudly, startling him. He lowers the paper and tosses it somewhere amongst the clutter already piled on his desk.\n\n""Yes. I see what you mean. Well then, very good citizen. I will forward this to the office of the Chancellor and they will investigate your claim post haste. This will be all we will need of you. I trust you can find your way out.""","""Here, let me take a look at that."" The Captain takes the note and opens it, holding it to the torch light.\n\nHe squints his eyes and then widens them trying to focus on the letter, bringing the paper closer and closer to face. After a moment you realize that the Captain has apparently given up trying to read it altogether and instead has just closed his eyes.\n\nYou clear you throat loudly, startling him. He lowers the paper and tosses it somewhere amongst the clutter already piled on his desk.\n\n""Yes. I see what you mean. Well then, very good citizen. I will forward this to the office of the Chancellor and they will investigate your claim post haste. This will be all we will need of you. I trust you can find your way out.""",pending,existing_corpus
"""Thank you, Captain. Good day.""","""Thank you, Captain. Good day.""",pending,existing_corpus
"""Wait. That's your response? Something must be done about this immediately!""","""Wait. That's your response? Something must be done about this immediately!""",pending,existing_corpus
"""I am simply here exploring. I don't know anything about you and I certainly was not looking for you.""","""I am simply here exploring. I don't know anything about you and I certainly was not looking for you.""",pending,existing_corpus
"""Is that really all you are doing? Well, then, please continue. I happen to be a very powerful mage and I can view the past and the present, though the future is harder to see. However, I have forseen your arrival. I know there are things much greater than you realize happening to you. You must continue the journey you are on and I will not stand in your way, so long as your actions are peaceful.""","""Is that really all you are doing? Well, then, please continue. I happen to be a very powerful mage and I can view the past and the present, though the future is harder to see. However, I have forseen your arrival. I know there are things much greater than you realize happening to you. You must continue the journey you are on and I will not stand in your way, so long as your actions are peaceful.""",pending,existing_corpus
"""Erubor, I've come here to tell you that Shadowmirk is in danger.""","""Erubor, I've come here to tell you that Shadowmirk is in danger.""",pending,existing_corpus
"""Yes, yes. This I know. The goblins, they are on the move. I have seen these events unfold. Like the ancient Mystics, I can view the past and the present, though the future is harder to see. I have forseen your arrival and I have seen the goblins plotting against Shadowmirk, but the outcome of these events I cannot predict.""","""Yes, yes. This I know. The goblins, they are on the move. I have seen these events unfold. Like the ancient Mystics, I can view the past and the present, though the future is harder to see. I have forseen your arrival and I have seen the goblins plotting against Shadowmirk, but the outcome of these events I cannot predict.""",pending,existing_corpus
"""What will happen if Shadowmirk falls to the goblins?""","""What will happen if Shadowmirk falls to the goblins?""",pending,existing_corpus
"""If Shadowmirk falls, so shall the rest of Thaermore. Shadowmirk is Thaermore's last defense since the Chancellor is no longer well. He is under a wicked spell placed upon him by the Goblin shaman Gramuk. He believes the Orakur stole the Crux of Ages and so he has sent his men-at-arms far away, deep underground, to chase shadows. This has left the goblins free to run amok, unchallenged.""\n\n""The hex that has befallen the Chancellor occured because the Crux was removed from Bastion Spire. The Crux grants wisdom to those who are in its presence, and without that protection the Chancellor has had his thoughts twisted upon the lies that Gramuk has fed him.""","""If Shadowmirk falls, so shall the rest of Thaermore. Shadowmirk is Thaermore's last defense since the Chancellor is no longer well. He is under a wicked spell placed upon him by the Goblin shaman Gramuk. He believes the Orakur stole the Crux of Ages and so he has sent his men-at-arms far away, deep underground, to chase shadows. This has left the goblins free to run amok, unchallenged.""\n\n""The hex that has befallen the Chancellor occured because the Crux was removed from Bastion Spire. The Crux grants wisdom to those who are in its presence, and without that protection the Chancellor has had his thoughts twisted upon the lies that Gramuk has fed him.""",pending,existing_corpus
"""What are we to do?""","""What are we to do?""",pending,existing_corpus
"""We must see to it that the Crux of Ages is recovered and returned to Bastion Spire; it is the only way to break Gramuk's hold on the Chancellor's mind. Unfortunately, I can't say where the Crux is located, but I know that you are connected to it in some way. You must keep searching if you are to find it. Look for clues in your past and it may lead you to the Crux.""\n\n""Even after you recover the Crux, returning it to Bastion Spire will not be as easy as walking it up to the front gates.""","""We must see to it that the Crux of Ages is recovered and returned to Bastion Spire; it is the only way to break Gramuk's hold on the Chancellor's mind. Unfortunately, I can't say where the Crux is located, but I know that you are connected to it in some way. You must keep searching if you are to find it. Look for clues in your past and it may lead you to the Crux.""\n\n""Even after you recover the Crux, returning it to Bastion Spire will not be as easy as walking it up to the front gates.""",pending,existing_corpus
"""Erudor, I have the Crux of Ages.""","""Erudor, I have the Crux of Ages.""",pending,existing_corpus
"""Yes, $, this I know as well. It offers you the protection that it once offered the Chancellor. Keep it with you at all cost. You are its caretaker until it can be returned to Bastion Spire, which is a task you must undertake. It is the only way to break Gramuk's hold on the Chancellor's mind.""","""Yes, $, this I know as well. It offers you the protection that it once offered the Chancellor. Keep it with you at all cost. You are its caretaker until it can be returned to Bastion Spire, which is a task you must undertake. It is the only way to break Gramuk's hold on the Chancellor's mind.""",pending,existing_corpus
"""How am I to do this?""","""How am I to do this?""",pending,existing_corpus
"""This will be difficult because there is no way into Bastion Spire. All entrances and exits have been sealed off, except for one: a portal within the Goblin Citadel which was originally used to steal the Crux. Gramuk keeps the portal secure for when the Commonwealth Guard is too weakened to challenge him, then he will invade Bastion Spire with full force.""\n\n""$, against all odds, you must go to the Goblin Citadel and use this portal to return the Crux to Bastion Spire. Unfortunately, you have few other options. You are a hunted man. Gramuk is using all his agents to locate you because of your involvement with the Crux.""\n\n""Listen carefully, for now I will tell you how to enter the Goblin Citadel.""","""This will be difficult because there is no way into Bastion Spire. All entrances and exits have been sealed off, except for one: a portal within the Goblin Citadel which was originally used to steal the Crux. Gramuk keeps the portal secure for when the Commonwealth Guard is too weakened to challenge him, then he will invade Bastion Spire with full force.""\n\n""$, against all odds, you must go to the Goblin Citadel and use this portal to return the Crux to Bastion Spire. Unfortunately, you have few other options. You are a hunted man. Gramuk is using all his agents to locate you because of your involvement with the Crux.""\n\n""Listen carefully, for now I will tell you how to enter the Goblin Citadel.""",pending,existing_corpus
"""There are four Goblin Keys needed to enter the Citadel. They were placed in the ownership of four Goblin warlords, and only with all four keys recovered can you enter the Citadel. Fortunately, these warlords have done a poor job protecting them and I know of two keys that have already slipped from their possession.""\n\n""I have one of these keys which I will give to you now. This key was recently recovered by a Ranger Lord of Tanglewood and given to me to protect. It is certainly one of the reasons Gramuk wants to see Shadowmirk torn apart brick by brick. The key is in the chest next to my bed,""","""There are four Goblin Keys needed to enter the Citadel. They were placed in the ownership of four Goblin warlords, and only with all four keys recovered can you enter the Citadel. Fortunately, these warlords have done a poor job protecting them and I know of two keys that have already slipped from their possession.""\n\n""I have one of these keys which I will give to you now. This key was recently recovered by a Ranger Lord of Tanglewood and given to me to protect. It is certainly one of the reasons Gramuk wants to see Shadowmirk torn apart brick by brick. The key is in the chest next to my bed,""",pending,existing_corpus
"""And what of the other keys?""","""And what of the other keys?""",pending,existing_corpus
"""I know the location of only one other key. It is with the Giants of the Timberland Plains. Not long ago a goblin scout party, led by a warlord, made the mistake of sneaking into the Giant's village. They were brutally crushed and the Giants recovered the warlord's key. You must go to them and ask for it. While they are not trusting of humans, I have gained the friendship of Omar, their leader, and I will send word that you are coming for the key. $, do what you can to earn their trust. The Giants may prove to be our greatest allies against the Goblins.\n\n""As for the other two keys, they are still somewhere in Thaermore. Perhaps you have even recovered them already. If not, look for where the goblins have begun to gather and most likely a warlord is leading them. Kill the warlord and recover the key. When you have recovered all four keys and the Crux, it is time to enter the Citadel and deal with Gramuk.""","""I know the location of only one other key. It is with the Giants of the Timberland Plains. Not long ago a goblin scout party, led by a warlord, made the mistake of sneaking into the Giant's village. They were brutally crushed and the Giants recovered the warlord's key. You must go to them and ask for it. While they are not trusting of humans, I have gained the friendship of Omar, their leader, and I will send word that you are coming for the key. $, do what you can to earn their trust. The Giants may prove to be our greatest allies against the Goblins.\n\n""As for the other two keys, they are still somewhere in Thaermore. Perhaps you have even recovered them already. If not, look for where the goblins have begun to gather and most likely a warlord is leading them. Kill the warlord and recover the key. When you have recovered all four keys and the Crux, it is time to enter the Citadel and deal with Gramuk.""",pending,existing_corpus
"""Can you offer me any other help?""","""Can you offer me any other help?""",pending,existing_corpus
"""Yes, of course. You may take anything else that is in my bedroom chest that you find helpful. As well, I will do my best to keep the goblins preoccupied. As long as they are fixated on Shadowmirk and myself, they will not be expecting a lone person to enter the Citadel.""\n\n""I have faith in you, my boy. Together we may be able to stop this goblin scourge. Go now without further delay. When you are ready to leave Shadowmirk, exit through the portal in the southwest room.""","""Yes, of course. You may take anything else that is in my bedroom chest that you find helpful. As well, I will do my best to keep the goblins preoccupied. As long as they are fixated on Shadowmirk and myself, they will not be expecting a lone person to enter the Citadel.""\n\n""I have faith in you, my boy. Together we may be able to stop this goblin scourge. Go now without further delay. When you are ready to leave Shadowmirk, exit through the portal in the southwest room.""",pending,existing_corpus
"""Why would this be such a difficult task?""","""Why would this be such a difficult task?""",pending,existing_corpus
"""Erubor, what can you tell me about this war?""","""Erubor, what can you tell me about this war?""",pending,existing_corpus
"""It's a complicated matter really. You see, the Chancellor of Thaermore has been bewitched. He is under a powerful spell set by the Goblin shaman Gramuk. Gramuk has fooled the Chancellor into thinking that the Orakur have taken the Crux of Ages, but it is the Goblins who have stolen the gem and subsequently lost it. Now the Goblins are looking for it once again, and the Commonwealth Guards have been sent far away to fight the Orakur.""","""It's a complicated matter really. You see, the Chancellor of Thaermore has been bewitched. He is under a powerful spell set by the Goblin shaman Gramuk. Gramuk has fooled the Chancellor into thinking that the Orakur have taken the Crux of Ages, but it is the Goblins who have stolen the gem and subsequently lost it. Now the Goblins are looking for it once again, and the Commonwealth Guards have been sent far away to fight the Orakur.""",pending,existing_corpus
"""I know very little about them actually. I do know that they exist, but I doubt they are a threat to anyone. Gramuk has planted this idea in the Chancellor's mind that the Orakur are responsible for the theft of the Crux. Because so little is known about the Orakur it was easy for the people of Thaermore to rally behind the false accusation, even when no evidence supports it. To the common person the Orakur represents all that is dark and sinister. People fear what they do not know, and so the mystery of the Orakur appears to be a far greater threat than the ongoing Goblin scourge.""","""I know very little about them actually. I do know that they exist, but I doubt they are a threat to anyone. Gramuk has planted this idea in the Chancellor's mind that the Orakur are responsible for the theft of the Crux. Because so little is known about the Orakur it was easy for the people of Thaermore to rally behind the false accusation, even when no evidence supports it. To the common person the Orakur represents all that is dark and sinister. People fear what they do not know, and so the mystery of the Orakur appears to be a far greater threat than the ongoing Goblin scourge.""",pending,existing_corpus
"""I must be on my way."" [EXIT]","""I must be on my way."" [EXIT]",pending,existing_corpus
"You see an older man who is inspecting the hull of a small boat on the shore. He puffs on a pipe and can be heard humming a tune to himself before you approach.\n\n""Hail to thee, stranger! I am Phillip. I hope you're not here looking for passage to Aridell because I've temporarily shut that service down. It's far too dangerous to be making that run anymore.""","You see an older man who is inspecting the hull of a small boat on the shore. He puffs on a pipe and can be heard humming a tune to himself before you approach.\n\n""Hail to thee, stranger! I am Phillip. I hope you're not here looking for passage to Aridell because I've temporarily shut that service down. It's far too dangerous to be making that run anymore.""",pending,existing_corpus
"""Hey there!"" Phillip says enthusiastically. ""What can I do for you?""","""Hey there!"" Phillip says enthusiastically. ""What can I do for you?""",pending,existing_corpus
"""What do you do here?""","""What do you do here?""",pending,existing_corpus
"""I am a boatman. I use my small skiff here to run goods for people to various ports around Thaermore, but I've been forced to end routes because it has become too dangerous.""\n\n""Traveling by boat is much faster than walking, really. I was making a good living just making short runs between here and Aridell, but even that has become too dangerous. All I can do now is wait for peace to return so that I can get back to work.""-","""I am a boatman. I use my small skiff here to run goods for people to various ports around Thaermore, but I've been forced to end routes because it has become too dangerous.""\n\n""Traveling by boat is much faster than walking, really. I was making a good living just making short runs between here and Aridell, but even that has become too dangerous. All I can do now is wait for peace to return so that I can get back to work.""-",pending,existing_corpus
"""Well I cannot thank you enough! Here, take this bit of gold. It's not much, but it is all I have. I'll soon be earning more now that I can resume my route to Aridell."".","""Well I cannot thank you enough! Here, take this bit of gold. It's not much, but it is all I have. I'll soon be earning more now that I can resume my route to Aridell."".",pending,existing_corpus
"""What makes the route to Aridell so dangerous?""","""What makes the route to Aridell so dangerous?""",pending,existing_corpus
"""Well, as you see I use a very small boat. I don't take her far out to sea because she isn't built for that kind of travel, but she does very well at running the rip currents near the shoreline."" While he talks, Phillip uses his hand to simulate the movement of his boat navigating the shoreline.\n\n""I used to be able to run the rip currents all the way to Aridell when the tides were coming in, then back here to Bordertown on the outgoing tides. But then the marshes east of here became infested with Fungal Slimes. They would spit at me from the shoreline, and a few times they damn near sunk my boat with their corrosive sludge! However, if I ran my boat far enough from shore to avoid their attacks, I risked getting swept out to sea! So, I just decided to stop doing the route altogether.""","""Well, as you see I use a very small boat. I don't take her far out to sea because she isn't built for that kind of travel, but she does very well at running the rip currents near the shoreline."" While he talks, Phillip uses his hand to simulate the movement of his boat navigating the shoreline.\n\n""I used to be able to run the rip currents all the way to Aridell when the tides were coming in, then back here to Bordertown on the outgoing tides. But then the marshes east of here became infested with Fungal Slimes. They would spit at me from the shoreline, and a few times they damn near sunk my boat with their corrosive sludge! However, if I ran my boat far enough from shore to avoid their attacks, I risked getting swept out to sea! So, I just decided to stop doing the route altogether.""",pending,existing_corpus
"Phillip chuckles with delight at the thought of being able to run his routes again. ""Why yes, it would! I'd happily pay you a reward for your efforts if you were to eliminate those horrid slimes!""","Phillip chuckles with delight at the thought of being able to run his routes again. ""Why yes, it would! I'd happily pay you a reward for your efforts if you were to eliminate those horrid slimes!""",pending,existing_corpus
"""It sounds like you are suffering just like everyone else is. Good luck to you.""","""It sounds like you are suffering just like everyone else is. Good luck to you.""",pending,existing_corpus
"""That sounds like a deal. I'll let you know when all the Slimes are destroyed.""","""That sounds like a deal. I'll let you know when all the Slimes are destroyed.""",pending,existing_corpus
"""I'm still working on cleaning all the Fungal Slimes out of the Marshes of Boradan.""","""I'm still working on cleaning all the Fungal Slimes out of the Marshes of Boradan.""",pending,existing_corpus
"You approach the immense being with caution. His size seems almost unbelievable, at least 9 feet tall if you were to guess. He has unique tattoo markings on his chest and arms unlike any that the other Giants possess, and he wears a necklace made of bones and shells.\n\nHe speaks with a deep, booming voice as you approach. ""You, human! Why come you to our village? Giants crush trespassers!""\n\nAlthough he appears guarded about your presence, he shows no sign of fear.","You approach the immense being with caution. His size seems almost unbelievable, at least 9 feet tall if you were to guess. He has unique tattoo markings on his chest and arms unlike any that the other Giants possess, and he wears a necklace made of bones and shells.\n\nHe speaks with a deep, booming voice as you approach. ""You, human! Why come you to our village? Giants crush trespassers!""\n\nAlthough he appears guarded about your presence, he shows no sign of fear.",pending,existing_corpus
"Omar looks down at you as you near him.\n\n""Yes?""","Omar looks down at you as you near him.\n\n""Yes?""",pending,existing_corpus
"""I am looking for the tribal leader, Omar. Are you him?""f","""I am looking for the tribal leader, Omar. Are you him?""f",pending,existing_corpus
"He raises an eyebrow as if suspicious of your intent.\n\n""Yes, I keep that name. What wants you, human?""","He raises an eyebrow as if suspicious of your intent.\n\n""Yes, I keep that name. What wants you, human?""",pending,existing_corpus
"""I am a slayer of Giants! Prepare to die!""","""I am a slayer of Giants! Prepare to die!""",pending,existing_corpus
You have threatened the Giant's Tribal Leader!,You have threatened the Giant's Tribal Leader!,pending,existing_corpus
"message (""You have threatened the Giant's Tribal Leader!) ; commit_crime","message (""You have threatened the Giant's Tribal Leader!) ; commit_crime",pending,existing_corpus
"""I am $. I have been sent here by Erubor of Shadowmirk to retrieve a Goblin key. Do you know of what I speak?""","""I am $. I have been sent here by Erubor of Shadowmirk to retrieve a Goblin key. Do you know of what I speak?""",pending,existing_corpus
"Omar takes a deep breath and crosses his arms, thick as tree trunks.\n\n""Yes human, I know of key. Giants retrieved it after Goblins sneaked into camp. We crushed them into jelly and find key. We keep it.""\n\n""Erubor be friend of Giants. He send word you would come for key. Why you seek this key? What have you with the Goblins?""","Omar takes a deep breath and crosses his arms, thick as tree trunks.\n\n""Yes human, I know of key. Giants retrieved it after Goblins sneaked into camp. We crushed them into jelly and find key. We keep it.""\n\n""Erubor be friend of Giants. He send word you would come for key. Why you seek this key? What have you with the Goblins?""",pending,existing_corpus
"""I am going to use the key to enter the Goblin Citadel and destroy Gramuk. The Goblin scourge must end!""","""I am going to use the key to enter the Goblin Citadel and destroy Gramuk. The Goblin scourge must end!""",pending,existing_corpus
"Omar smiles, flaring his nostrils wide.\n\n""All goblins enemies of Giants. We support your quest. I will give you Goblin key as Erubor request, but first you do task for Giants. You must show friendship to Giants and then we give you key, and we also help you fight Goblins. Together we crush them little green maggots!""","Omar smiles, flaring his nostrils wide.\n\n""All goblins enemies of Giants. We support your quest. I will give you Goblin key as Erubor request, but first you do task for Giants. You must show friendship to Giants and then we give you key, and we also help you fight Goblins. Together we crush them little green maggots!""",pending,existing_corpus
"""This business does not concern the race of Giants. You would do wise to give me the key as Erubor requested.""","""This business does not concern the race of Giants. You would do wise to give me the key as Erubor requested.""",pending,existing_corpus
"""What task will you ask of me?""","""What task will you ask of me?""",pending,existing_corpus
"""Great Giant chieftain named Thorus was killed many seasons ago. Human named Thorndike killed him, hunted him like he were animal. Thorndike was much hated Giant slayer. He take chieftain skull back to his hunting camp in the north and display as trophy. Now Chieftain soul cannot rest until skull has been returned.""\n\n""You retrieve chieftain's skull from Thorndike camp and return with it so we can lay great chieftain to rest. You do this for Giants and then we know you are friend. Then we give you goblin key and help you fight goblins!""","""Great Giant chieftain named Thorus was killed many seasons ago. Human named Thorndike killed him, hunted him like he were animal. Thorndike was much hated Giant slayer. He take chieftain skull back to his hunting camp in the north and display as trophy. Now Chieftain soul cannot rest until skull has been returned.""\n\n""You retrieve chieftain's skull from Thorndike camp and return with it so we can lay great chieftain to rest. You do this for Giants and then we know you are friend. Then we give you goblin key and help you fight goblins!""",pending,existing_corpus
"""Yes, I will do this task.""\","""Yes, I will do this task.""\",pending,existing_corpus
"""Omar thanks you. When you return we will trade and then discuss plan to crush the Goblins!""","""Omar thanks you. When you return we will trade and then discuss plan to crush the Goblins!""",pending,existing_corpus
"""No, I will not do this task. Consider this your death sentence, for I will now take this key from you by force, giant!""","""No, I will not do this task. Consider this your death sentence, for I will now take this key from you by force, giant!""",pending,existing_corpus
"""Of what task do you speak?""","""Of what task do you speak?""",pending,existing_corpus
"""Great Giant chieftain named Thorus was killed many seasons ago. Human named Thorndike killed him, hunted him like he were animal. Thorndike was much hated Giant slayer. He take chieftain skull back to his hunting camp in the north and display as trophy. Now Chieftain soul cannot rest until skull has been returned.""\n\n""You retrieve chieftain's skull from Thorndike camp and return with it so we can lay great chieftain to rest. You do this for Giants and then we give you key. If you no do task, we not give key. Giants do not trust humans, even if friend Erubor says so.""","""Great Giant chieftain named Thorus was killed many seasons ago. Human named Thorndike killed him, hunted him like he were animal. Thorndike was much hated Giant slayer. He take chieftain skull back to his hunting camp in the north and display as trophy. Now Chieftain soul cannot rest until skull has been returned.""\n\n""You retrieve chieftain's skull from Thorndike camp and return with it so we can lay great chieftain to rest. You do this for Giants and then we give you key. If you no do task, we not give key. Giants do not trust humans, even if friend Erubor says so.""",pending,existing_corpus
"""Fine. I will do this task and return.""u","""Fine. I will do this task and return.""u",pending,existing_corpus
"""When you return with skull, we will trade. Then you will leave our village and never return or we break you, human.""","""When you return with skull, we will trade. Then you will leave our village and never return or we break you, human.""",pending,existing_corpus
"""I am tired of performing favors for everyone. Instead I will just take what I need by force! Prepare to die, giant!""","""I am tired of performing favors for everyone. Instead I will just take what I need by force! Prepare to die, giant!""",pending,existing_corpus
"""May we now discuss the key?""","""May we now discuss the key?""",pending,existing_corpus
"Standing in the center of the room is a goblin who appears as if he's been waiting for you to arrive for quite some time. His shimmering clothing and jeweled staff suggests he is a practitioner of magick. He has a face that is wrinkled and scarred, with eyes black and piercing. He looks very old for a goblin, and his frail frame dismisses any threatening appearance he may possess. In fact, his wizened face seems almost trusting.\n\nNo introduction needed. You already know this creature is Gramuk, the goblin shaman you've been looking for. As you approach, he speaks: ""Human! Come closer, we have much to discuss.""","Standing in the center of the room is a goblin who appears as if he's been waiting for you to arrive for quite some time. His shimmering clothing and jeweled staff suggests he is a practitioner of magick. He has a face that is wrinkled and scarred, with eyes black and piercing. He looks very old for a goblin, and his frail frame dismisses any threatening appearance he may possess. In fact, his wizened face seems almost trusting.\n\nNo introduction needed. You already know this creature is Gramuk, the goblin shaman you've been looking for. As you approach, he speaks: ""Human! Come closer, we have much to discuss.""",pending,existing_corpus
"""Gramuk! I have come to destroy you and right that which has been wronged.""","""Gramuk! I have come to destroy you and right that which has been wronged.""",pending,existing_corpus
"""So you have. Well then, let us not delay this inevitable confrontation. I have much to do and the sooner I deal with you, the better.""\n\nThe frail old goblin raises his hands and utters a strange incantation. As his hands drop, the room fills with flashes of light...","""So you have. Well then, let us not delay this inevitable confrontation. I have much to do and the sooner I deal with you, the better.""\n\nThe frail old goblin raises his hands and utters a strange incantation. As his hands drop, the room fills with flashes of light...",pending,existing_corpus
"""Human, I have watched you. I have witnessed all your deeds and I know the quest that you have undertaken. Before you foolishly attempt something that you will regret, let us talk. Certainly there is a solution to all this that we may both benefit from.""","""Human, I have watched you. I have witnessed all your deeds and I know the quest that you have undertaken. Before you foolishly attempt something that you will regret, let us talk. Certainly there is a solution to all this that we may both benefit from.""",pending,existing_corpus
"""I will listen for just a moment. Do not try anything foolish.""","""I will listen for just a moment. Do not try anything foolish.""",pending,existing_corpus
"""Human, let me inquire: are you trying to be the savior of all of Thaermore, or are you simply trying to save yourself? The difference means everything.""\n\nAs Gramuk speaks he paces in a small circle, tapping his staff on the marble floor. ""You see human, you are merely a pawn. Erubor has convinced you that you must destroy me to ensure your own survival, but that is not the case. He is not concerned for your wellbeing. He is only concerned for Shadowmirk and Thaermore. He will readily sacrifice you in hopes of protecting these lands. After all, it was he who sent you foolishly into the heart of the Goblin lands all alone. It is only by my lenience that you stand here now, and it is my overwhelming generosity that persuades me to make you an offer.""","""Human, let me inquire: are you trying to be the savior of all of Thaermore, or are you simply trying to save yourself? The difference means everything.""\n\nAs Gramuk speaks he paces in a small circle, tapping his staff on the marble floor. ""You see human, you are merely a pawn. Erubor has convinced you that you must destroy me to ensure your own survival, but that is not the case. He is not concerned for your wellbeing. He is only concerned for Shadowmirk and Thaermore. He will readily sacrifice you in hopes of protecting these lands. After all, it was he who sent you foolishly into the heart of the Goblin lands all alone. It is only by my lenience that you stand here now, and it is my overwhelming generosity that persuades me to make you an offer.""",pending,existing_corpus
"""It is a simple offer really, one that you can ill afford to turn down: you give me the Crux of Ages and I will let you leave the Citadel unharmed with enough gold to last you the rest of your life. Then you must leave Thaermore and never return. Thaermore will continue to fall into Goblin controll as our insurgency spreads. If you ever return to Thaermore we will look upon you as our enemy, just as all humans are.""\n\n""Take but a moment to think about it, human. Do you really care that much about Thaermore? Would you sacrafice yourself for people you don't know and for a land you don't remember?","""It is a simple offer really, one that you can ill afford to turn down: you give me the Crux of Ages and I will let you leave the Citadel unharmed with enough gold to last you the rest of your life. Then you must leave Thaermore and never return. Thaermore will continue to fall into Goblin controll as our insurgency spreads. If you ever return to Thaermore we will look upon you as our enemy, just as all humans are.""\n\n""Take but a moment to think about it, human. Do you really care that much about Thaermore? Would you sacrafice yourself for people you don't know and for a land you don't remember?",pending,existing_corpus
"""Sure. Please continue, I want to hear more..."" [BLUFF, attack Gramuk by surprise]","""Sure. Please continue, I want to hear more..."" [BLUFF, attack Gramuk by surprise]",pending,existing_corpus
Gramuk continues to talk but you are no longer listening to his words...,Gramuk continues to talk but you are no longer listening to his words...,pending,existing_corpus
message (Gramuk continues to talk but you are no longer listening to his words...) ; npc_disp_change 87 2,message (Gramuk continues to talk but you are no longer listening to his words...) ; npc_disp_change 87 2,pending,existing_corpus
"""Well then, let us not delay this confrontation. I have much to do and the sooner I deal with you, the better.""\n\nThe frail old goblin raises his hands and utters a strange incantation. As his hands drop, the room fills with flashes of light...","""Well then, let us not delay this confrontation. I have much to do and the sooner I deal with you, the better.""\n\nThe frail old goblin raises his hands and utters a strange incantation. As his hands drop, the room fills with flashes of light...",pending,existing_corpus
"""Well then, let us not delay this inevitable confrontation. I have much to do and the sooner I deal with you, the better.""\n\nThe frail old goblin raises his hands and utters a strange incantation. As his hands drop, the room fills with flashes of light...","""Well then, let us not delay this inevitable confrontation. I have much to do and the sooner I deal with you, the better.""\n\nThe frail old goblin raises his hands and utters a strange incantation. As his hands drop, the room fills with flashes of light...",pending,existing_corpus
"""I agree to your offer, but I do not possess the Crux of Ages.""","""I agree to your offer, but I do not possess the Crux of Ages.""",pending,existing_corpus
"""What?! You have not recovered the Crux?"" Gramuk appears momentarily confused before a scowl forms upon his face. ""Well then, human, I withdraw my offer.""\n\nThe frail old goblin raises his hands and utters a strange incantation. As his hands drop, the room fills with flashes of light...","""What?! You have not recovered the Crux?"" Gramuk appears momentarily confused before a scowl forms upon his face. ""Well then, human, I withdraw my offer.""\n\nThe frail old goblin raises his hands and utters a strange incantation. As his hands drop, the room fills with flashes of light...",pending,existing_corpus
Gramuk stands there with his hand extended. He is initially unaware of your intentions...,Gramuk stands there with his hand extended. He is initially unaware of your intentions...,pending,existing_corpus
message (Gramuk stands there with his hand extended. He is initially unaware of your intentions...) ; npc_disp_change 87 2,message (Gramuk stands there with his hand extended. He is initially unaware of your intentions...) ; npc_disp_change 87 2,pending,existing_corpus
"Without warning, a group of mercenaries appear from a dense patch of shrubs along side the road. They quickly surround you cutting off your escape. One of the men approaches you.\n\n""Well hello there, friend. Do you remember me? I'm the guy back in Blackwater who paid you to bring me back a pendant from Lilith. Do you know what I just discovered? I just discovered that you helped yourself to some property down in the Repository that belonged to me.""\n\nThe man raises the tip of his sword to your chest. ""There is really no need to lie about it because the Vault Master has already identified you as the person who opened vault 15. That vault, and everything in it, belongs to me.""","Without warning, a group of mercenaries appear from a dense patch of shrubs along side the road. They quickly surround you cutting off your escape. One of the men approaches you.\n\n""Well hello there, friend. Do you remember me? I'm the guy back in Blackwater who paid you to bring me back a pendant from Lilith. Do you know what I just discovered? I just discovered that you helped yourself to some property down in the Repository that belonged to me.""\n\nThe man raises the tip of his sword to your chest. ""There is really no need to lie about it because the Vault Master has already identified you as the person who opened vault 15. That vault, and everything in it, belongs to me.""",pending,existing_corpus
"""No I didn't take anything! I only looked in the vault!""","""No I didn't take anything! I only looked in the vault!""",pending,existing_corpus
"""Are you calling me stupid? Do you think I believe that? Unfortunately for you I don't know what the contents of the vault were before you decided to take a peek, so I have to assume that took something. After all, you are a murderer so how can I trust you?""\n\nThe group of assassins moves in closer. ""This isn't going to be very pleasant for you, friend.""","""Are you calling me stupid? Do you think I believe that? Unfortunately for you I don't know what the contents of the vault were before you decided to take a peek, so I have to assume that took something. After all, you are a murderer so how can I trust you?""\n\nThe group of assassins moves in closer. ""This isn't going to be very pleasant for you, friend.""",pending,existing_corpus
"""Yep, that was me. That equipment is mine now.""","""Yep, that was me. That equipment is mine now.""",pending,existing_corpus
"The man laughs. ""Well, at least he is honest about it!"" he yells to the other mercenaries who chuckle in response.\n\n""Unfortunately for you, I will be taking back my property now."" The group of assassins moves in closer. ""This isn't going to be very pleasant for you, friend.""","The man laughs. ""Well, at least he is honest about it!"" he yells to the other mercenaries who chuckle in response.\n\n""Unfortunately for you, I will be taking back my property now."" The group of assassins moves in closer. ""This isn't going to be very pleasant for you, friend.""",pending,existing_corpus
"""Groveling is so pathetic, especially coming from a murderer. Besides, our negotiations ended in Blackwater."" The group of mercenaries moves in closer. ""This isn't going to be very pleasant for you, friend.""","""Groveling is so pathetic, especially coming from a murderer. Besides, our negotiations ended in Blackwater."" The group of mercenaries moves in closer. ""This isn't going to be very pleasant for you, friend.""",pending,existing_corpus
"As the old man looks at you,  the haze that clouds his thoughts fades away. He begins to look around, taking in his surroundings as if a blindfold had just been removed from his eyes.\n\n""Dear boy, who are you?""","As the old man looks at you,  the haze that clouds his thoughts fades away. He begins to look around, taking in his surroundings as if a blindfold had just been removed from his eyes.\n\n""Dear boy, who are you?""",pending,existing_corpus
"""$, I am Chancellor Malcolm. I...I am sorry. I am a bit confused right now. I feel as though I have just awoken from a very long sleep.""\n\nThe Chancellor looks around the room examining everything carefully. With each passing moment you see that he is regaining memories, his thoughts becoming clearer. ""I can remember...something about the Orakur. But that is not right. The Orakur had nothing to do with..."" He pauses in mid sentence and turns back to you.\n\n""The Crux of Ages. It has been returned, has it not? I feel its presence here in the Spire. My boy, are you responsible for returning it?""","""$, I am Chancellor Malcolm. I...I am sorry. I am a bit confused right now. I feel as though I have just awoken from a very long sleep.""\n\nThe Chancellor looks around the room examining everything carefully. With each passing moment you see that he is regaining memories, his thoughts becoming clearer. ""I can remember...something about the Orakur. But that is not right. The Orakur had nothing to do with..."" He pauses in mid sentence and turns back to you.\n\n""The Crux of Ages. It has been returned, has it not? I feel its presence here in the Spire. My boy, are you responsible for returning it?""",pending,existing_corpus
"The Chancellor smiles. ""I don't know where to begin. There are many questions that will need answered. However, I am sure of one thing: the people of Thaermore owe you everything.""\n\n""While the Crux was missing, I felt an evil presence here in the Spire. There was something influencing me from afar. I can't quite...remember, but I feel as though I had no control of my own thoughts. I have done a great many wrongs to the people of Thaermore. We have much rebuilding to do.""\n\n""No more delays! I must summon the Council at once! $, we will have many questions for you. I'm afraid you will be sequestered here in the Spire for a time, but I will see to it that your stay is comfortable.""","The Chancellor smiles. ""I don't know where to begin. There are many questions that will need answered. However, I am sure of one thing: the people of Thaermore owe you everything.""\n\n""While the Crux was missing, I felt an evil presence here in the Spire. There was something influencing me from afar. I can't quite...remember, but I feel as though I had no control of my own thoughts. I have done a great many wrongs to the people of Thaermore. We have much rebuilding to do.""\n\n""No more delays! I must summon the Council at once! $, we will have many questions for you. I'm afraid you will be sequestered here in the Spire for a time, but I will see to it that your stay is comfortable.""",pending,existing_corpus
screen_fade_out ; cond_special 8,screen_fade_out ; cond_special 8,pending,existing_corpus
"When you prod him, he suddenly yells out: ""Send more troops. Send all we have. Now is not the time to question my authority or judgement!""","When you prod him, he suddenly yells out: ""Send more troops. Send all we have. Now is not the time to question my authority or judgement!""",pending,existing_corpus
"You see a tall woman who looks to be very athletic in build.\n\n""Hello there, welcome to my House of Pain! My name is Sonya and I am a certified Weapons Master.  Are you looking to train in a particular field of weaponry? I teach people the schools of Swordsmanship, Cleaving weapons and Bludgeoning weapons.""","You see a tall woman who looks to be very athletic in build.\n\n""Hello there, welcome to my House of Pain! My name is Sonya and I am a certified Weapons Master.  Are you looking to train in a particular field of weaponry? I teach people the schools of Swordsmanship, Cleaving weapons and Bludgeoning weapons.""",pending,existing_corpus
"Sonya smiles politely at you. ""Looking to increase your knowledge in weapon use?""","Sonya smiles politely at you. ""Looking to increase your knowledge in weapon use?""",pending,existing_corpus
"""I am interested in Sword training.""","""I am interested in Sword training.""",pending,existing_corpus
"""I am interested in Cleaving weapon training.""","""I am interested in Cleaving weapon training.""",pending,existing_corpus
"""I am interested in Bludgeoning weapon training.""","""I am interested in Bludgeoning weapon training.""",pending,existing_corpus
"""Not now, thanks."" [END]","""Not now, thanks."" [END]",pending,existing_corpus
"You see a slender man that looks as if he may be of elvish descent; if not half-blooded at least a quarter. When he sees you make eye contact with him he motions to you.\n\n""Greetings! My name is Aaron. Perhaps I could interest you in a lesson in archery or thrown weapons? I am a certified Range Master, so you'll be learning from the best! In these hard times, you really should know a little something about protecting yourself from danger at a distance.""","You see a slender man that looks as if he may be of elvish descent; if not half-blooded at least a quarter. When he sees you make eye contact with him he motions to you.\n\n""Greetings! My name is Aaron. Perhaps I could interest you in a lesson in archery or thrown weapons? I am a certified Range Master, so you'll be learning from the best! In these hard times, you really should know a little something about protecting yourself from danger at a distance.""",pending,existing_corpus
"Aaron is stringing a bow. ""Hey there! Anytime you want a lesson in ranged combat, just let me know!""","Aaron is stringing a bow. ""Hey there! Anytime you want a lesson in ranged combat, just let me know!""",pending,existing_corpus
"""Yes, I'd like to learn a bit more about thrown weapons.""","""Yes, I'd like to learn a bit more about thrown weapons.""",pending,existing_corpus
"""Yes, I'd like to know more about archery.""","""Yes, I'd like to know more about archery.""",pending,existing_corpus
"In this house you see a young woman. She seem a bit startled by your presence.\n\n""Oh, hello. My name is Penelope. Can I help you with something?""","In this house you see a young woman. She seem a bit startled by your presence.\n\n""Oh, hello. My name is Penelope. Can I help you with something?""",pending,existing_corpus
"""Please, I am not in the mood for visitors so do not stay long"" Penelope says. ""Is there something I can help you with?""","""Please, I am not in the mood for visitors so do not stay long"" Penelope says. ""Is there something I can help you with?""",pending,existing_corpus
"""No thanks, I'll just help myself."" [Hostile]","""No thanks, I'll just help myself."" [Hostile]",pending,existing_corpus
"""Leave now, you cutpurse!""","""Leave now, you cutpurse!""",pending,existing_corpus
"""Penelope, I found a letter that I believe was meant for you."" [Give her the Letter for Penelope]{","""Penelope, I found a letter that I believe was meant for you."" [Give her the Letter for Penelope]{",pending,existing_corpus
"Penelope takes the letter and opens it. She is silent for a few moments as she reads the words.\n\n""Where did you find this?""=","Penelope takes the letter and opens it. She is silent for a few moments as she reads the words.\n\n""Where did you find this?""=",pending,existing_corpus
"""I am new in town. I was hoping maybe you could tell me a bit about Blackwater.""","""I am new in town. I was hoping maybe you could tell me a bit about Blackwater.""",pending,existing_corpus
"""Blackwater is an old mining town, but not much mining is done in these parts anymore. We are mostly just a stronghold now; the city has been locked down to protect us from marauding goblins and such.""\n\n""I came here just before the start of the war. I was going to learn to be a gem cutter but since the mining has stopped, I have had to find other work. Now I am just a seamstress and I barely make enough to afford clothes of my own. I haven't even left the walls of this city for over a year.""\n\n""I just stay here in my house most days, which has become difficult because of the horrible stench coming from across the street. I have complained to the city officials but no one has looked into yet.""","""Blackwater is an old mining town, but not much mining is done in these parts anymore. We are mostly just a stronghold now; the city has been locked down to protect us from marauding goblins and such.""\n\n""I came here just before the start of the war. I was going to learn to be a gem cutter but since the mining has stopped, I have had to find other work. Now I am just a seamstress and I barely make enough to afford clothes of my own. I haven't even left the walls of this city for over a year.""\n\n""I just stay here in my house most days, which has become difficult because of the horrible stench coming from across the street. I have complained to the city officials but no one has looked into yet.""",pending,existing_corpus
"""In Crakamir. There was a destroyed caravan strewn about the desert. I found this letter among human remains.""","""In Crakamir. There was a destroyed caravan strewn about the desert. I found this letter among human remains.""",pending,existing_corpus
"""Oh my...my poor brother! I hadn't heard from him for such a long time. Nearly a month ago he wrote me and said he would be coming to Blackwater soon, but that was all he said. I assumed he hadn't even left Tarel yet."" Penelope begins to crumple the letter up as if she is going to dispose of it, but then she stops herself and folds it properly.\n\nShe wipes her eyes and collects herself, unwilling to show any emotion in front of you. ""Well, that does it. I have no more family left. With brother gone I am now all alone."" She slips the letter into her pocket and pulls out a few coins.\n\n""Thank you for you efforts to bring me this letter. Here is 10 gold, well more postage than is needed for the delivery of a single letter, but you deserve it.""","""Oh my...my poor brother! I hadn't heard from him for such a long time. Nearly a month ago he wrote me and said he would be coming to Blackwater soon, but that was all he said. I assumed he hadn't even left Tarel yet."" Penelope begins to crumple the letter up as if she is going to dispose of it, but then she stops herself and folds it properly.\n\nShe wipes her eyes and collects herself, unwilling to show any emotion in front of you. ""Well, that does it. I have no more family left. With brother gone I am now all alone."" She slips the letter into her pocket and pulls out a few coins.\n\n""Thank you for you efforts to bring me this letter. Here is 10 gold, well more postage than is needed for the delivery of a single letter, but you deserve it.""",pending,existing_corpus
"""Thank you. Given your loss, this is more than generous."" [END]","""Thank you. Given your loss, this is more than generous."" [END]",pending,existing_corpus
"""But sir, I have no more! You look as if you are doing very well for yourself, so why do you want to take from someone who has so little. I am a seamstress and make no more than 2 gold a day!""","""But sir, I have no more! You look as if you are doing very well for yourself, so why do you want to take from someone who has so little. I am a seamstress and make no more than 2 gold a day!""",pending,existing_corpus
"""I am sorry. Thank you for the gold."" [END}","""I am sorry. Thank you for the gold."" [END}",pending,existing_corpus
"""Look, I don't care. I have problems way bigger than what you are experiencing. I expect a bigger payment and I will gladly find something here in your house worth taking."" [END]","""Look, I don't care. I have problems way bigger than what you are experiencing. I expect a bigger payment and I will gladly find something here in your house worth taking."" [END]",pending,existing_corpus
"""I will leave now."" [END]","""I will leave now."" [END]",pending,existing_corpus
"""So what is it I can do for you?"" asks Siam.","""So what is it I can do for you?"" asks Siam.",pending,existing_corpus
"""What do you have for sale?""0","""What do you have for sale?""0",pending,existing_corpus
"""Thanks for shopping here at the Magicks Guild.""","""Thanks for shopping here at the Magicks Guild.""",pending,existing_corpus
init_trade siam,init_trade siam,pending,existing_corpus
"""I'd like to know more about Elemental magick."";","""I'd like to know more about Elemental magick."";",pending,existing_corpus
"""Thank you for inquiring about training here at the guild.""","""Thank you for inquiring about training here at the guild.""",pending,existing_corpus
"""What has happened to the Magick Guild?""","""What has happened to the Magick Guild?""",pending,existing_corpus
"""The Magick Guild used to be headquartered in Shadowmirk, the great Mage Hall of the North. After the war began, most of the guild members fled Thaermore. Erubor, head of Shadowmirk, locked down the tower to protect the acolytes who remained there. The defense of Shadowmirk is in their hands now.""\n\n""It's not that the guild has formally disbanded, we just have no structure at the moment. There is almost no communication with Shadowmirk now, and the guilds located in Vela and Elderhollow are gone. Here in Blackwater, I sell supplies and training to keep this guild branch open until we can reestablish ourselves.""","""The Magick Guild used to be headquartered in Shadowmirk, the great Mage Hall of the North. After the war began, most of the guild members fled Thaermore. Erubor, head of Shadowmirk, locked down the tower to protect the acolytes who remained there. The defense of Shadowmirk is in their hands now.""\n\n""It's not that the guild has formally disbanded, we just have no structure at the moment. There is almost no communication with Shadowmirk now, and the guilds located in Vela and Elderhollow are gone. Here in Blackwater, I sell supplies and training to keep this guild branch open until we can reestablish ourselves.""",pending,existing_corpus
"In this council house stands a man who eyes you suspiciously as you enter.\n\n""Well, well! Greetings to you traveler! I have not seen you 'round Blackwater before, so I assume you are new to our quaint town. I am William, Council Head of Blackwater. I see to the day-to-day operations here, ensuring security to our townspeople during these rough times.""\n\n""What is it I can do for you today?""","In this council house stands a man who eyes you suspiciously as you enter.\n\n""Well, well! Greetings to you traveler! I have not seen you 'round Blackwater before, so I assume you are new to our quaint town. I am William, Council Head of Blackwater. I see to the day-to-day operations here, ensuring security to our townspeople during these rough times.""\n\n""What is it I can do for you today?""",pending,existing_corpus
"""So what is it I can do for you today, traveler?"" William asks.","""So what is it I can do for you today, traveler?"" William asks.",pending,existing_corpus
"""What can you tell me about Blackwater?""","""What can you tell me about Blackwater?""",pending,existing_corpus
"""Blackwater is just an old mining town and nothing more, but not much mining goes on 'round these parts anymore. With the war going on we just decided it would be best to lock the city down. We use the gate tax to support our own militia in case the Orakur try to attack us.""\n\n""I know you're just another adventurer that is come to town to buy some supplies and sell some junk you scavenged from a battlefield, so let me give you a bit of advice: you'd be smart to not go snooping around Blackwater too much. We are serious about our security and the guards will be watching you.""","""Blackwater is just an old mining town and nothing more, but not much mining goes on 'round these parts anymore. With the war going on we just decided it would be best to lock the city down. We use the gate tax to support our own militia in case the Orakur try to attack us.""\n\n""I know you're just another adventurer that is come to town to buy some supplies and sell some junk you scavenged from a battlefield, so let me give you a bit of advice: you'd be smart to not go snooping around Blackwater too much. We are serious about our security and the guards will be watching you.""",pending,existing_corpus
"""What are your thoughts on this war?""","""What are your thoughts on this war?""",pending,existing_corpus
"""This war is about the most absurd thing I have ever come to know. First we are told the Orakur are out to get us, stealin' the Crux and what not. Then, the Goblins show up and start raiding our towns and villages. Now we've got Barrea Mercenaries coming in from the far west, and no one seems to know what they are doing here or what they're up to. I'll tell you, some days I just feel like the whole world is coming to an end. It's only gonna get a whole lot worse before it gets any better.""\n\n""I'm sure you were hoping for more information than that, with me being a public official and all, but I really don't know any more about it than you probably do.""","""This war is about the most absurd thing I have ever come to know. First we are told the Orakur are out to get us, stealin' the Crux and what not. Then, the Goblins show up and start raiding our towns and villages. Now we've got Barrea Mercenaries coming in from the far west, and no one seems to know what they are doing here or what they're up to. I'll tell you, some days I just feel like the whole world is coming to an end. It's only gonna get a whole lot worse before it gets any better.""\n\n""I'm sure you were hoping for more information than that, with me being a public official and all, but I really don't know any more about it than you probably do.""",pending,existing_corpus
"""Do you know if there is any work available in town?""","""Do you know if there is any work available in town?""",pending,existing_corpus
"""Well, you can check with the local merchants and see if they have any odd jobs, but you'll find no full-time employment here in Blackwater. Times are tough and even skilled laborers are doing menial jobs just to keep a bit of gold on in their pockets.""\n\n""But, since you are looking for work and you appear to have an adventurous spirit, I may be able to offer you a mission of sorts. There have been rumors that a mercenary group has been seeking to assassinate me with hopes of taking over operations in Blackwater. Of course, this cannot be allowed to happen. If you were to investigate this matter and bring me proof of their plot, I could give you a reward.""\n\n""Is this something you would be able to look into?""@","""Well, you can check with the local merchants and see if they have any odd jobs, but you'll find no full-time employment here in Blackwater. Times are tough and even skilled laborers are doing menial jobs just to keep a bit of gold on in their pockets.""\n\n""But, since you are looking for work and you appear to have an adventurous spirit, I may be able to offer you a mission of sorts. There have been rumors that a mercenary group has been seeking to assassinate me with hopes of taking over operations in Blackwater. Of course, this cannot be allowed to happen. If you were to investigate this matter and bring me proof of their plot, I could give you a reward.""\n\n""Is this something you would be able to look into?""@",pending,existing_corpus
"""Nothing, I must be on my way."" [END]","""Nothing, I must be on my way."" [END]",pending,existing_corpus
"""That's great. The guards have told me that they have seen suspicious individuals outside the city to the southwest, so you may want to start your search there.""","""That's great. The guards have told me that they have seen suspicious individuals outside the city to the southwest, so you may want to start your search there.""",pending,existing_corpus
"""No, that problem belongs to people of Blackwater, not me.""","""No, that problem belongs to people of Blackwater, not me.""",pending,existing_corpus
"""Very well. It may be best to not speak of this to anyone else. I don't want the townsfolk to have to worry about such things.""","""Very well. It may be best to not speak of this to anyone else. I don't want the townsfolk to have to worry about such things.""",pending,existing_corpus
"""Thanks for the advice."" [BACK]","""Thanks for the advice."" [BACK]",pending,existing_corpus
"""I have found a note that is evidence of a plot to kill you."" [Give William the Mercenary's Note]","""I have found a note that is evidence of a plot to kill you."" [Give William the Mercenary's Note]",pending,existing_corpus
"""Let me see that."" William takes the note from your hand and reads it carefully.\n\n""This is exactly what I feared. Well, I assume you took care of the Mercenaries who held this note. If I could only know who set this hit up!""\n\n""Well, I've got no worries about it right this minute. Here, let me get you a bit of coin from the city's coffer. You deserve this.""","""Let me see that."" William takes the note from your hand and reads it carefully.\n\n""This is exactly what I feared. Well, I assume you took care of the Mercenaries who held this note. If I could only know who set this hit up!""\n\n""Well, I've got no worries about it right this minute. Here, let me get you a bit of coin from the city's coffer. You deserve this.""",pending,existing_corpus
"You are surprised to see a man apparently living here in the crypt. He appears equally surprised to see you.\n\n""Oh, hello! You startled me. My name is Hesham. I'm sorry, if you are here to visit a loved one, the inner crypt is currently closed. I don't know when, or if, the inner crypt will ever be reopened.""\n\n""Now if you'll pardon me for being so rude, I have to ask you to leave. I am currently working on a very important project and don't have time for visitors.""","You are surprised to see a man apparently living here in the crypt. He appears equally surprised to see you.\n\n""Oh, hello! You startled me. My name is Hesham. I'm sorry, if you are here to visit a loved one, the inner crypt is currently closed. I don't know when, or if, the inner crypt will ever be reopened.""\n\n""Now if you'll pardon me for being so rude, I have to ask you to leave. I am currently working on a very important project and don't have time for visitors.""",pending,existing_corpus
"""What project are you working on?""","""What project are you working on?""",pending,existing_corpus
"""Well, if you must know, I am working on a project for Leurik. See, we are running out of capacity in our crematorium and he has asked me to come up with a way to mass incinerate bodies. Cremating bodies one at a time in the furnace is just too slow.""\n\n""I think I have a formula about finished, but I need a special enzyme that will enhance the scattering property of the combusting fuel. Unfortunately, I just discovered that the enzyme I am looking for is only present in certain insect larvae. I don't have time to gather thousands of larvae needed to extract the few drops of enzyme. I guess I'll have to find an alternate ingredient, but that means the fuel is not going to be nearly as potent. ""A","""Well, if you must know, I am working on a project for Leurik. See, we are running out of capacity in our crematorium and he has asked me to come up with a way to mass incinerate bodies. Cremating bodies one at a time in the furnace is just too slow.""\n\n""I think I have a formula about finished, but I need a special enzyme that will enhance the scattering property of the combusting fuel. Unfortunately, I just discovered that the enzyme I am looking for is only present in certain insect larvae. I don't have time to gather thousands of larvae needed to extract the few drops of enzyme. I guess I'll have to find an alternate ingredient, but that means the fuel is not going to be nearly as potent. ""A",pending,existing_corpus
"""Hmm, too bad for you.""[","""Hmm, too bad for you.""[",pending,existing_corpus
"""Yes, so it appears. Look, I need to get back to work. I'm sure you can show yourself out.""","""Yes, so it appears. Look, I need to get back to work. I'm sure you can show yourself out.""",pending,existing_corpus
"""Is there anything I could do for you?""","""Is there anything I could do for you?""",pending,existing_corpus
"""Well, I don't know. I need larvae and you don't look like the type of person who would want to spend hours gathering a bag full of larvae for me."" Hasham chuckles. ""Well, unless you happened to find some very large larvae, then I'd maybe only need 10 or so to get enough enzyme for this concoction.""","""Well, I don't know. I need larvae and you don't look like the type of person who would want to spend hours gathering a bag full of larvae for me."" Hasham chuckles. ""Well, unless you happened to find some very large larvae, then I'd maybe only need 10 or so to get enough enzyme for this concoction.""",pending,existing_corpus
"""Sure, I'll keep my eyes peeled for 'giant larvae' to bring back for you.""","""Sure, I'll keep my eyes peeled for 'giant larvae' to bring back for you.""",pending,existing_corpus
"""Well, I appreciate your offer. If you bring me back 10 giant larvae I can finish this mixture. I can't pay you any gold for your services, but I could give you a flask of the finsihed Incineration Fuel. I'm sure you could find something useful to do with it.""","""Well, I appreciate your offer. If you bring me back 10 giant larvae I can finish this mixture. I can't pay you any gold for your services, but I could give you a flask of the finsihed Incineration Fuel. I'm sure you could find something useful to do with it.""",pending,existing_corpus
"""I don't have time for larvae gathering. You are on your own.""Q","""I don't have time for larvae gathering. You are on your own.""Q",pending,existing_corpus
"""Uh, yeah. Okay, I need to get back to work. I'm sure you can show yourself out.""","""Uh, yeah. Okay, I need to get back to work. I'm sure you can show yourself out.""",pending,existing_corpus
"""I need access to the inner chamber immediately. I have permission from Leurik.""","""I need access to the inner chamber immediately. I have permission from Leurik.""",pending,existing_corpus
"""I have found 10 Hive Larvae. Can you use these?"" [Give 10 Hive Larvae to Hesham]","""I have found 10 Hive Larvae. Can you use these?"" [Give 10 Hive Larvae to Hesham]",pending,existing_corpus
"""Yes, yes! Those will do nicely! Hang on, this won't take long at all.""\n\nHesham takes the larvae from you. At his table, he makes a short incision into each one, exposing a small green bladder. After removing the bladder, he squeezes a few drops of green fluid into a large flask, then swirls it around with some other liquids.\n\n""Perfect! The enzyme has lowered the vicosity of the oils. This will burn splendidly!"" He pours about half the liquid into a seperate flask and turns back to you. ""Here, take this for your efforts. Be very careful with it because it is extremely volatile. I'm sure you'll be able to come up with some creative use for it.""B","""Yes, yes! Those will do nicely! Hang on, this won't take long at all.""\n\nHesham takes the larvae from you. At his table, he makes a short incision into each one, exposing a small green bladder. After removing the bladder, he squeezes a few drops of green fluid into a large flask, then swirls it around with some other liquids.\n\n""Perfect! The enzyme has lowered the vicosity of the oils. This will burn splendidly!"" He pours about half the liquid into a seperate flask and turns back to you. ""Here, take this for your efforts. Be very careful with it because it is extremely volatile. I'm sure you'll be able to come up with some creative use for it.""B",pending,existing_corpus
give_item (Flask of Incinerator Fuel),give_item (Flask of Incinerator Fuel),pending,existing_corpus
Remil,Remil,pending,existing_corpus
Barrean,Barrean,pending,existing_corpus | exe:blitz_string@0x1B5F58
Nefarious,Nefarious,pending,existing_corpus | exe:blitz_string@0x1A1484
Fighter,Fighter,pending,existing_corpus | exe:blitz_string@0x1A2BF8
Loeram,Loeram,pending,existing_corpus
Kessian,Kessian,pending,existing_corpus | exe:blitz_string@0x1B5FA8
Virtuous,Virtuous,pending,existing_corpus | exe:blitz_string@0x1A10C8
Healer,Healer,pending,existing_corpus | exe:blitz_string@0x1A2C2C
Boris,Boris,pending,existing_corpus
Rifter,Rifter,pending,existing_corpus | exe:blitz_string@0x1B5F74
Druidic,Druidic,pending,existing_corpus | exe:blitz_string@0x1A2BC0
Magick User,Magick User,pending,existing_corpus | exe:blitz_string@0x1A2C44
Hayden,Hayden,pending,existing_corpus
Therish,Therish,pending,existing_corpus | exe:blitz_string@0x1B5F8C
Atheistic,Atheistic,pending,existing_corpus | exe:blitz_string@0x1A10E4
Ranger,Ranger,pending,existing_corpus | exe:blitz_string@0x1A2C68
Markas,Markas,pending,existing_corpus
Rogue,Rogue,pending,existing_corpus | exe:blitz_string@0x1A2C14
quest_step 46,quest_step 46,pending,existing_corpus
drop_item (Gold Goblin Key),drop_item (Gold Goblin Key),pending,existing_corpus
drop_item (Amulet Passkey 15) ; quest 48 2 ; kill_quest 3,drop_item (Amulet Passkey 15) ; quest 48 2 ; kill_quest 3,pending,existing_corpus
quest_step 15,quest_step 15,pending,existing_corpus
kill_quest 62 ; kill_quest 24,kill_quest 62 ; kill_quest 24,pending,existing_corpus
cond_not_quest 8 9 ; condition(With Eeru's death the main quest can no longer be finished. You may continue to play if you'd like.) (Ok) (XXX),cond_not_quest 8 9 ; condition(With Eeru's death the main quest can no longer be finished. You may continue to play if you'd like.) (Ok) (XXX),pending,existing_corpus
kill_quest 58,kill_quest 58,pending,existing_corpus
quest 54 2 ; drop_item (150 Gold Pieces) ; kill_quest 47,quest 54 2 ; drop_item (150 Gold Pieces) ; kill_quest 47,pending,existing_corpus
kill_quest 61,kill_quest 61,pending,existing_corpus
drop_ent 12 4851 ; drop_ent 12 3788 ; drop_ent 12 4590,drop_ent 12 4851 ; drop_ent 12 3788 ; drop_ent 12 4590,pending,existing_corpus
drop_ent 12 2429,drop_ent 12 2429,pending,existing_corpus
drop_item (Hive Queen Stinger),drop_item (Hive Queen Stinger),pending,existing_corpus
kill_quest 1,kill_quest 1,pending,existing_corpus
kill_quest 4,kill_quest 4,pending,existing_corpus
kill_quest 5,kill_quest 5,pending,existing_corpus
kill_quest 11,kill_quest 11,pending,existing_corpus
kill_quest 18,kill_quest 18,pending,existing_corpus | exe:blitz_string@0x1B2B98
quest 57 2 ; cond_special 9,quest 57 2 ; cond_special 9,pending,existing_corpus | exe:blitz_string@0x1B4890
drop_item (Odd Key),drop_item (Odd Key),pending,existing_corpus
drop_item (Blue Goblin Key),drop_item (Blue Goblin Key),pending,existing_corpus
"message(Upon the death of this guardian, you hear iron gates moving...) ; toggle_port 9845 ; toggle_port 9646","message(Upon the death of this guardian, you hear iron gates moving...) ; toggle_port 9845 ; toggle_port 9646",pending,existing_corpus
quest_step 28 ; cond_quest 28 3 ; toggle_port 6035 ; toggle_port 7341 ; message (The proving chamber opens...),quest_step 28 ; cond_quest 28 3 ; toggle_port 6035 ; toggle_port 7341 ; message (The proving chamber opens...),pending,existing_corpus
drop_item (Fancy Key),drop_item (Fancy Key),pending,existing_corpus
toggle_port 4674 ; toggle_port 4473,toggle_port 4674 ; toggle_port 4473,pending,existing_corpus
"Nor'landers hail from the Northland Expanse, an arctic area of permafrost and glaciers.  Nor'landers are of hearty build and are infamous for their ability to survive in conditions where most people would quickly succumb to death. As such, Nor'landers receive a &+2 &Endurance and &+1 &Concentration.","Nor'landers hail from the Northland Expanse, an arctic area of permafrost and glaciers.  Nor'landers are of hearty build and are infamous for their ability to survive in conditions where most people would quickly succumb to death. As such, Nor'landers receive a &+2 &Endurance and &+1 &Concentration.",pending,exe:blitz_string@0x1878F0
"Barreans hail from the vast Desolation of Barrea, far to the West. It is a region of desert and scrubland, where even a simple living requires a great deal of work. Barreans tend to be lean and swift, and can travel immense distances in a short amount of time. Barreans receive a &+2 &Speed and &+1 &Strength.","Barreans hail from the vast Desolation of Barrea, far to the West. It is a region of desert and scrubland, where even a simple living requires a great deal of work. Barreans tend to be lean and swift, and can travel immense distances in a short amount of time. Barreans receive a &+2 &Speed and &+1 &Strength.",pending,exe:blitz_string@0x187B54
"Rifters hail from the Great Rift Zone of the Under-South, a geologically active area that has been torn into deep valleys and soaring cliffs, covered in a thick forest. Rifters are of slight build and are seldom seen outside the protection of their woods. They are known to be very magickally inclined and claim to have a spiritual connection with the land. They receive a &+2 &Perception and a &+1 &Wisdom.","Rifters hail from the Great Rift Zone of the Under-South, a geologically active area that has been torn into deep valleys and soaring cliffs, covered in a thick forest. Rifters are of slight build and are seldom seen outside the protection of their woods. They are known to be very magickally inclined and claim to have a spiritual connection with the land. They receive a &+2 &Perception and a &+1 &Wisdom.",pending,exe:blitz_string@0x187DCC
"The Therish hail from rolling woodlands and plains of Thaermore. They are artistic and resourceful people, being expert craftsmen and merchants. The Therish are also well known for their skillful Cavalry. Therish gain &+2 &Concentration and &+1 &Dexterity.","The Therish hail from rolling woodlands and plains of Thaermore. They are artistic and resourceful people, being expert craftsmen and merchants. The Therish are also well known for their skillful Cavalry. Therish gain &+2 &Concentration and &+1 &Dexterity.",pending,exe:blitz_string@0x188108
"Kessians hail from the coastal region of the Northeast, from Mistfell south along the Cesani Ocean. They are highly regarded as sailors and navigators, and known to be expert tacticians in battle.  They receive &+2 &Wisdom and &+1 &Intelligence.","Kessians hail from the coastal region of the Northeast, from Mistfell south along the Cesani Ocean. They are highly regarded as sailors and navigators, and known to be expert tacticians in battle.  They receive &+2 &Wisdom and &+1 &Intelligence.",pending,exe:blitz_string@0x188314
"The Atheist has their mind grounded in observable truths. They simply do not believe in any higher spiritual power or superstitions. Because of this, they are immune to effects of Curses. However, this also makes them immune to the effects of Blessings and altruistic healing from a cleric.","The Atheist has their mind grounded in observable truths. They simply do not believe in any higher spiritual power or superstitions. Because of this, they are immune to effects of Curses. However, this also makes them immune to the effects of Blessings and altruistic healing from a cleric.",pending,exe:blitz_string@0x18850C | runtime_paragraph
"A person of Druidic faith believes in the divinity of the living world itself; plants and animals, sun and rain, day and night. While outdoors, followers of the Druidic faith regenerate lost ^Hit ^Points and ^Mana ^Points much faster than normally possible. However, while in dungeons or underground they regenerate these points much more slowly than normal.","A person of Druidic faith believes in the divinity of the living world itself; plants and animals, sun and rain, day and night. While outdoors, followers of the Druidic faith regenerate lost ^Hit ^Points and ^Mana ^Points much faster than normally possible. However, while in dungeons or underground they regenerate these points much more slowly than normal.",pending,exe:blitz_string@0x18875C
"A person of Virtuous faith lives a life of altruism and strives to promote goodwill with others. Their faith often revolves around the worship of one or more deities whom they believe hold dominion over all living things. Virtuous persons automatically receive the spell 'Bless' and can cast it at level one without the need for the *Divination skill. However, Virtuous persons are much more susceptible to being Cursed when in the presence of what they perceive as great evil.","A person of Virtuous faith lives a life of altruism and strives to promote goodwill with others. Their faith often revolves around the worship of one or more deities whom they believe hold dominion over all living things. Virtuous persons automatically receive the spell 'Bless' and can cast it at level one without the need for the *Divination skill. However, Virtuous persons are much more susceptible to being Cursed when in the presence of what they perceive as great evil.",pending,exe:blitz_string@0x188A34 | runtime_paragraph
"A person of Nefarious faith lives a life of self-indulgence and corruption. By promoting wickedness in this life, they are ensured continued debauchery in the afterlife. Nefarious people have a 5% chance on any attack to deliver 'Malice Damage', an increase in damage gained by the use of savage and cruel combat techniques. However, they are immune to the effects of healing from an altruistic cleric or priest.","A person of Nefarious faith lives a life of self-indulgence and corruption. By promoting wickedness in this life, they are ensured continued debauchery in the afterlife. Nefarious people have a 5% chance on any attack to deliver 'Malice Damage', an increase in damage gained by the use of savage and cruel combat techniques. However, they are immune to the effects of healing from an altruistic cleric or priest.",pending,exe:blitz_string@0x188DFC | runtime_paragraph
"The Agnostic person generally believes in some sort of higher power on a personal level, but balances this belief with observable truths and grounded ideals. Being generally balanced, they receive neither bonuses nor penalties.","The Agnostic person generally believes in some sort of higher power on a personal level, but balances this belief with observable truths and grounded ideals. Being generally balanced, they receive neither bonuses nor penalties.",pending,exe:blitz_string@0x189140 | runtime_paragraph
"Fighters are experts at hand-to-hand combat, preferring the feel of a solid weapon in their hand over anything else. Fighters may adventure for the simple thrill of battle, or to sell their services as a Mercenary to the wealthiest armies. The Fighter starts with the *Swords skill.","Fighters are experts at hand-to-hand combat, preferring the feel of a solid weapon in their hand over anything else. Fighters may adventure for the simple thrill of battle, or to sell their services as a Mercenary to the wealthiest armies. The Fighter starts with the *Swords skill.",pending,exe:blitz_string@0x189314 | runtime_paragraph
"Rogues are loners who prefers to draw as little attention to themselves as possible. Rogues often develop skills in lock picking and trap disarming, and they may dabble in unscrupulous activities, from petty thievery all the way up to assassinations. Certainly not all Rogues are criminals, and some have even become folk heroes while using their skills to help others. The Rogue starts with the *Pick *Lock skill.","Rogues are loners who prefers to draw as little attention to themselves as possible. Rogues often develop skills in lock picking and trap disarming, and they may dabble in unscrupulous activities, from petty thievery all the way up to assassinations. Certainly not all Rogues are criminals, and some have even become folk heroes while using their skills to help others. The Rogue starts with the *Pick *Lock skill.",pending,exe:blitz_string@0x189554 | runtime_paragraph
"Magick Users are proficient in the Magickal Arts, as either a hobby or profession. Many people claim to possess some kind of Magick talent, but true Magick Users choose to make it part of their everyday life, practicing their art every chance they get. The adept Magick User is both feared and respected by even the mightiest warrior. The Magick User starts with the *Elemental skill.","Magick Users are proficient in the Magickal Arts, as either a hobby or profession. Many people claim to possess some kind of Magick talent, but true Magick Users choose to make it part of their everyday life, practicing their art every chance they get. The adept Magick User is both feared and respected by even the mightiest warrior. The Magick User starts with the *Elemental skill.",pending,exe:blitz_string@0x18989C
"Healers are people who promote the restoration of life. This doesn't imply that a Healer is opposed to taking life when necessary; sometimes a few must die to save the lives of many. Some Healers work through the use of Divination and spiritual faith, while others live by the sword, insisting that healing cannot begin until the decay has first been cut out. The Healer starts with the *Divination skill.","Healers are people who promote the restoration of life. This doesn't imply that a Healer is opposed to taking life when necessary; sometimes a few must die to save the lives of many. Some Healers work through the use of Divination and spiritual faith, while others live by the sword, insisting that healing cannot begin until the decay has first been cut out. The Healer starts with the *Divination skill.",pending,exe:blitz_string@0x189BA8 | runtime_paragraph
"Rangers are scouts and protectors of their homeland. They are unequaled hunters and survivalists. They fight hand-to-hand in combat only when needed, preferring guerilla tactics and ranged weapons to win battles. The Ranger starts with the *Bows skill.","Rangers are scouts and protectors of their homeland. They are unequaled hunters and survivalists. They fight hand-to-hand in combat only when needed, preferring guerilla tactics and ranged weapons to win battles. The Ranger starts with the *Bows skill.",pending,exe:blitz_string@0x189EE0 | runtime_paragraph
"&Strength is a measure of your character's physical power; his ability to lift and carry weight as well as the maximum force he can deliver when attacking. Nearly all of your Character's physical abilities are augmented by &Strength in some way, including ^Toxin ^Resistance.","&Strength is a measure of your character's physical power; his ability to lift and carry weight as well as the maximum force he can deliver when attacking. Nearly all of your Character's physical abilities are augmented by &Strength in some way, including ^Toxin ^Resistance.",pending,exe:blitz_string@0x18A0E4
"&Dexterity is a measure of steadiness, accuracy, hand-eye coordination, balance, and grace in physical activity. &Dexterity is critical in your Character's ^ToHit rating and his base ^Armor ^Rating, as well as skills such as using *Bows, *Thrown *Weapons, and *Picking *Locks.","&Dexterity is a measure of steadiness, accuracy, hand-eye coordination, balance, and grace in physical activity. &Dexterity is critical in your Character's ^ToHit rating and his base ^Armor ^Rating, as well as skills such as using *Bows, *Thrown *Weapons, and *Picking *Locks.",pending,exe:blitz_string@0x18A318
"&Endurance is a measure of how well your character can endure physical trauma, poisons, diseases and fatigue. It is the critical foundation of your Character's ^Maximum ^Hit ^Points and all ^Resistance scores, as well as his ^Hit ^Point regeneration rate.","&Endurance is a measure of how well your character can endure physical trauma, poisons, diseases and fatigue. It is the critical foundation of your Character's ^Maximum ^Hit ^Points and all ^Resistance scores, as well as his ^Hit ^Point regeneration rate.",pending,exe:blitz_string@0x18A54C | runtime_paragraph
"&Speed is a measure of how quickly your character is able to perform actions. The higher your Character's &Speed is, the faster he can swing a melee weapon (thus increasing maximum deliverable damage) and the lower his base ^Armor ^Rating is because he is more able to quickly evade an oncoming attack.","&Speed is a measure of how quickly your character is able to perform actions. The higher your Character's &Speed is, the faster he can swing a melee weapon (thus increasing maximum deliverable damage) and the lower his base ^Armor ^Rating is because he is more able to quickly evade an oncoming attack.",pending,exe:blitz_string@0x18A758 | runtime_paragraph
"&Intelligence is a measure of your character's ability to understand and retain new information, as well as his logistic skills. Intelligence also augments ^Element ^Resistance and his ability to identify unknown items. For Magick Users, &Intelligence contributes to the amount of ^Mana ^Point gained every level.","&Intelligence is a measure of your character's ability to understand and retain new information, as well as his logistic skills. Intelligence also augments ^Element ^Resistance and his ability to identify unknown items. For Magick Users, &Intelligence contributes to the amount of ^Mana ^Point gained every level.",pending,exe:blitz_string@0x18A9C0
"&Wisdom is a measure of your character's insight, common sense and quality of judgment, as well as general cognitive abilities. &Wisdom augments the magickal Skill of *Divination, as well as ^Disease ^Resistance and some defensive stats. &Wisdom is also the only attribute that can protect your character against Cursings. For Healers, &Wisdom contributes to the amount of ^Mana ^Point gained every level.","&Wisdom is a measure of your character's insight, common sense and quality of judgment, as well as general cognitive abilities. &Wisdom augments the magickal Skill of *Divination, as well as ^Disease ^Resistance and some defensive stats. &Wisdom is also the only attribute that can protect your character against Cursings. For Healers, &Wisdom contributes to the amount of ^Mana ^Point gained every level.",pending,exe:blitz_string@0x18AC40
"&Perception is the ability to sense, channel and utilize the arcane energies that exists below the surface of observable reality. In its slightest form, &Perception also affects awareness and intuition. &Perception represents your character's ability to perform acts of magick and divine channeling and is the basis for all his maximum ^Mana ^Points, ^Magick ^Resistance and ^Mana ^Point regeneration rate, as well as their natural ability to spot hidden items.","&Perception is the ability to sense, channel and utilize the arcane energies that exists below the surface of observable reality. In its slightest form, &Perception also affects awareness and intuition. &Perception represents your character's ability to perform acts of magick and divine channeling and is the basis for all his maximum ^Mana ^Points, ^Magick ^Resistance and ^Mana ^Point regeneration rate, as well as their natural ability to spot hidden items.",pending,exe:blitz_string@0x18AF78
"&Concentration is a measure of your character's ability to maintain attention and mental focus, especially while distressed. It is often considered the mental version of &Endurance. It augments many different Skills and Stats that require strong mental focus and as such it is a critical Attribute to develop for every Character, regardless of his specialization.","&Concentration is a measure of your character's ability to maintain attention and mental focus, especially while distressed. It is often considered the mental version of &Endurance. It augments many different Skills and Stats that require strong mental focus and as such it is a critical Attribute to develop for every Character, regardless of his specialization.",pending,exe:blitz_string@0x18B320 | runtime_paragraph
The tale told in Eschalon: Book I revolves around a male main character; as such you cannot change this character trait.,The tale told in Eschalon: Book I revolves around a male main character; as such you cannot change this character trait.,pending,exe:blitz_string@0x18B604
This shows the number of remaining ^Attribute ^Points that can be distributed in the Attribute boxes below. Click the Up or Down arrow buttons beside the Attribute to add or removed points. You cannot lower any Attribute score below the base score which you rolled.,This shows the number of remaining ^Attribute ^Points that can be distributed in the Attribute boxes below. Click the Up or Down arrow buttons beside the Attribute to add or removed points. You cannot lower any Attribute score below the base score which you rolled.,pending,exe:blitz_string@0x18B700
"This shows the number of remaining ^Skill ^Points that can be used to upgrade your Known Skills. New Skills can be ''purchased'' for #3 #points each from the Available Skills list, or any of your existing Known Skills can be upgraded to the next level for #1 #point each.","This shows the number of remaining ^Skill ^Points that can be used to upgrade your Known Skills. New Skills can be ''purchased'' for #3 #points each from the Available Skills list, or any of your existing Known Skills can be upgraded to the next level for #1 #point each.",pending,exe:blitz_string@0x18B920 | runtime_paragraph
Your character's ^Origin grants him certain Attribute bonuses based on which region he hails from.,Your character's ^Origin grants him certain Attribute bonuses based on which region he hails from.,pending,exe:blitz_string@0x18BB4C
"Your character's ^Axiom describes his basic belief system, which imposes certain advantages and disadvantages to your character.","Your character's ^Axiom describes his basic belief system, which imposes certain advantages and disadvantages to your character.",pending,exe:blitz_string@0x18BC1C
"Your character's ^Class identifies his base proficiencies, interests and way of life. It does not limit his development; regardless of your choice of Class, your character can still evolve in any way you choose and master any combination of Skills. Choosing a Class grants him one predetermined Skill to start out with.","Your character's ^Class identifies his base proficiencies, interests and way of life. It does not limit his development; regardless of your choice of Class, your character can still evolve in any way you choose and master any combination of Skills. Choosing a Class grants him one predetermined Skill to start out with.",pending,exe:blitz_string@0x18BD28
Your character's ^Title is automatically generated based on your ^Axiom and ^Class choices. A Title is simply a denominational label and does not affect character development in any way.,Your character's ^Title is automatically generated based on your ^Axiom and ^Class choices. A Title is simply a denominational label and does not affect character development in any way.,pending,exe:blitz_string@0x18BFB4
$Click the dice to re-roll your base attributes. Each roll produces a random number between 7 and 14 for each attribute. #Note: this will reset your character and undo any changes you may have made so far.,$Click the dice to re-roll your base attributes. Each roll produces a random number between 7 and 14 for each attribute. #Note: this will reset your character and undo any changes you may have made so far.,pending,exe:blitz_string@0x18C134
"$Click the NEXT button to select a different portrait for your character. To add a custom character portrait, you must place a $60 $x $60 $pixel PNG file named $mypic.png in the game's installation directory and the game will add it to the selection of portraits.","$Click the NEXT button to select a different portrait for your character. To add a custom character portrait, you must place a $60 $x $60 $pixel PNG file named $mypic.png in the game's installation directory and the game will add it to the selection of portraits.",pending,exe:blitz_string@0x18C2DC
$Left-click to apply points to a skill. $Right-click to take back skill points applied during this session.,$Left-click to apply points to a skill. $Right-click to take back skill points applied during this session.,pending,exe:blitz_string@0x18C4F8 | runtime_paragraph
"The Arcane Skill of *Alchemy deals with the production of Potions and Elixirs through the mixing of Reactants and Reagents. The higher your skill is in *Alchemy, the more potent a mixture your can create. Master Alchemists may also learn the process of applying these mixtures to weapons and armor, imbuing them with extra abilities.","The Arcane Skill of *Alchemy deals with the production of Potions and Elixirs through the mixing of Reactants and Reagents. The higher your skill is in *Alchemy, the more potent a mixture your can create. Master Alchemists may also learn the process of applying these mixtures to weapons and armor, imbuing them with extra abilities.",pending,exe:blitz_string@0x18C5DC
"The Arcane Skill of *Divination deals with Magicks of the Spiritual and Organic realms, used most frequently by Healers and persons of Druidic faith. The higher this skill is, the more powerful of Divination spells you can cast and the lower your chance of spell failure during combat will be. &Wisdom compliments this skill.","The Arcane Skill of *Divination deals with Magicks of the Spiritual and Organic realms, used most frequently by Healers and persons of Druidic faith. The higher this skill is, the more powerful of Divination spells you can cast and the lower your chance of spell failure during combat will be. &Wisdom compliments this skill.",pending,exe:blitz_string@0x18C884 | runtime_paragraph
"The Arcane Skill of *Elemental deals with Magicks of the elemental realms; fire, earth, air and water. The higher this skill is, the more powerful of Elemental spells you can cast and the lower your chance of spell failure during combat will be. &Intelligence compliments this skill.","The Arcane Skill of *Elemental deals with Magicks of the elemental realms; fire, earth, air and water. The higher this skill is, the more powerful of Elemental spells you can cast and the lower your chance of spell failure during combat will be. &Intelligence compliments this skill.",pending,exe:blitz_string@0x18CB1C | runtime_paragraph
"*Light *Armor encompasses the use of lightweight protection such as soft, hard and studded leathers. The more skilled you are with any armor, the less injury you will receive from a physical attack. Wearing Light Armor on your torso, legs or feet #increases #the #noise #of #your #movement #by #15% affecting your ability to move silently.","*Light *Armor encompasses the use of lightweight protection such as soft, hard and studded leathers. The more skilled you are with any armor, the less injury you will receive from a physical attack. Wearing Light Armor on your torso, legs or feet #increases #the #noise #of #your #movement #by #15% affecting your ability to move silently.",pending,exe:blitz_string@0x18CD60 | runtime_paragraph
"*Heavy *Armor encompasses the use of heavyweight protection such as any armor fabricated from metal alloys. The more skilled you are with any armor, the less injury you will receive from a physical attack. Wearing Heavy Armor on your torso, legs or feet #increases #the #noise #of #your #movement #by #30% affecting your ability to move silently.","*Heavy *Armor encompasses the use of heavyweight protection such as any armor fabricated from metal alloys. The more skilled you are with any armor, the less injury you will receive from a physical attack. Wearing Heavy Armor on your torso, legs or feet #increases #the #noise #of #your #movement #by #30% affecting your ability to move silently.",pending,exe:blitz_string@0x18D014 | runtime_paragraph
The *Shield Skill deals with the effective use of hand-held shields in combative situations.,The *Shield Skill deals with the effective use of hand-held shields in combative situations.,pending,exe:blitz_string@0x18D2D4 | runtime_paragraph
*Cartography is the ability to accurately map your surroundings as you explore. The on-screen automap #does #not #work unless you have at least one point in the *Cartography Skill. The automap becomes more accurate and informative as your *Cartography skill increases.,*Cartography is the ability to accurately map your surroundings as you explore. The on-screen automap #does #not #work unless you have at least one point in the *Cartography Skill. The automap becomes more accurate and informative as your *Cartography skill increases.,pending,exe:blitz_string@0x18D398 | runtime_paragraph
"*Dodge allows you to avoid being attacked through evasive actions, such as a carefully timed sidestep or twist of your body. When you perform a successful dodge, your opponent is thrown off balance granting you a ^+10% ^ToHit probability on your follow-up attack. *Dodge is a passive skill and will be checked automatically each combat round. Your chance of successfully dodging any attack is 1% per point that you have in the *Dodge skill.","*Dodge allows you to avoid being attacked through evasive actions, such as a carefully timed sidestep or twist of your body. When you perform a successful dodge, your opponent is thrown off balance granting you a ^+10% ^ToHit probability on your follow-up attack. *Dodge is a passive skill and will be checked automatically each combat round. Your chance of successfully dodging any attack is 1% per point that you have in the *Dodge skill.",pending,exe:blitz_string@0x18D5BC | runtime_paragraph
"*Hide *in *Shadows is the ability to utilize shadow and darkness to cover your movement. It is an automatic Skill that is always active and it grants the effect 'Hidden in Shadow' if your character is in a darkened area. The higher the skill, the less darkness your character needs to utilize this Skill. Also, standing next to a wall or large object increases the effect. &Dexterity complements this skill.","*Hide *in *Shadows is the ability to utilize shadow and darkness to cover your movement. It is an automatic Skill that is always active and it grants the effect 'Hidden in Shadow' if your character is in a darkened area. The higher the skill, the less darkness your character needs to utilize this Skill. Also, standing next to a wall or large object increases the effect. &Dexterity complements this skill.",pending,exe:blitz_string@0x18D938 | runtime_paragraph
*Lore is the ability to identify the strange items you discover on your journeys. &Intelligence and &Wisdom complement this skill.,*Lore is the ability to identify the strange items you discover on your journeys. &Intelligence and &Wisdom complement this skill.,pending,exe:blitz_string@0x18DC74 | runtime_paragraph
*Meditation is the ability to focus your mind to better resist the effects of magickal attacks and extreme elements such as heat and cold. It also allows you to restore your spent ^Mana ^Points at a faster rate.,*Meditation is the ability to focus your mind to better resist the effects of magickal attacks and extreme elements such as heat and cold. It also allows you to restore your spent ^Mana ^Points at a faster rate.,pending,exe:blitz_string@0x18DD84
"*Mercantile is the ability to negotiate better prices when buying and selling items from merchants. The higher this Skill is, the cheaper items become when purchasing and the more money you can get when selling items.","*Mercantile is the ability to negotiate better prices when buying and selling items from merchants. The higher this Skill is, the cheaper items become when purchasing and the more money you can get when selling items.",pending,exe:blitz_string@0x18DF38
"*Move *Silently is a stealth skill that allows you to move without producing sound to avoid detection. The higher this skill is, the more it offsets the #penalty #imposed #by #wearing #armor and the closer you can approach an enemy before they notice you. When no enemy can hear you moving, the effect 'Silent' is displayed in the Effects Window. &Dexterity complements this skill.","*Move *Silently is a stealth skill that allows you to move without producing sound to avoid detection. The higher this skill is, the more it offsets the #penalty #imposed #by #wearing #armor and the closer you can approach an enemy before they notice you. When no enemy can hear you moving, the effect 'Silent' is displayed in the Effects Window. &Dexterity complements this skill.",pending,exe:blitz_string@0x18E0F8
The *Pick *Locks Skill is the ability to utilize lockpicks to release locks on doors and chests. &Intelligence and &Dexterity complement this skill.,The *Pick *Locks Skill is the ability to utilize lockpicks to release locks on doors and chests. &Intelligence and &Dexterity complement this skill.,pending,exe:blitz_string@0x18E400
"*Skullduggery is the mechanical understanding of traps and trickery, and the ability to effectively disarm them. &Concentration and &Dexterity complement this skill.","*Skullduggery is the mechanical understanding of traps and trickery, and the ability to effectively disarm them. &Concentration and &Dexterity complement this skill.",pending,exe:blitz_string@0x18E534
"The *Spot *Hidden Skill is the ability to passively spot hidden items, doors, traps and abnormalities. This skill is complemented by the &Perception attribute.","The *Spot *Hidden Skill is the ability to passively spot hidden items, doors, traps and abnormalities. This skill is complemented by the &Perception attribute.",pending,exe:blitz_string@0x18E68C
"*Survival is the ability to dress wounds and utilize common herbs for faster recovery of ^Hit ^Points, as well as an increase in resistance to ^Toxins and ^Disease.","*Survival is the ability to dress wounds and utilize common herbs for faster recovery of ^Hit ^Points, as well as an increase in resistance to ^Toxins and ^Disease.",pending,exe:blitz_string@0x18E7D8
*Unarmed *Combat is the ability to attack a target using only your hands or feet and inflict as much damage as you would if you were holding a blunt weapon. &Strength and &Speed are the attributes that complement the *Unarmed *Combat skill.,*Unarmed *Combat is the ability to attack a target using only your hands or feet and inflict as much damage as you would if you were holding a blunt weapon. &Strength and &Speed are the attributes that complement the *Unarmed *Combat skill.,pending,exe:blitz_string@0x18E92C
"*Bludgeoning *Weapons include Staves, Maces, Hammers, Clubs and similar blunt-force weapons. They work equally well at bashing in chests as well as skulls. Bludgeoning weapons are considered melee devices and as such &Strength and &Speed complement this skill.","*Bludgeoning *Weapons include Staves, Maces, Hammers, Clubs and similar blunt-force weapons. They work equally well at bashing in chests as well as skulls. Bludgeoning weapons are considered melee devices and as such &Strength and &Speed complement this skill.",pending,exe:blitz_string@0x18EB18
*Bow *Weapons include any variation of archery devices which utilizes arrows. &Concentration and &Dexterity are the attributes that complement the Bow skill.,*Bow *Weapons include any variation of archery devices which utilizes arrows. &Concentration and &Dexterity are the attributes that complement the Bow skill.,pending,exe:blitz_string@0x18ED2C
"*Cleaving *Weapons include Axes, Machetes, and similar chopping weapons. Cleaving Weapons are considered melee devices and as such &Strength and &Speed complement this skill.","*Cleaving *Weapons include Axes, Machetes, and similar chopping weapons. Cleaving Weapons are considered melee devices and as such &Strength and &Speed complement this skill.",pending,exe:blitz_string@0x18EE74
"*Short *Bladed *Weapons include Knives, Daggers and similar stabbing or cutting devices. Short Swords, being larger and heavier, are considered Swords and not Short Bladed weapons. Short Bladed weapons are considered melee devices and as such &Strength and &Speed complement this skill.","*Short *Bladed *Weapons include Knives, Daggers and similar stabbing or cutting devices. Short Swords, being larger and heavier, are considered Swords and not Short Bladed weapons. Short Bladed weapons are considered melee devices and as such &Strength and &Speed complement this skill.",pending,exe:blitz_string@0x18EFDC
"*Swords include all forms of medium to long-bladed, single or double-handed weapons. Short Swords are considered true Swords, not Short Bladed weapons. Swords are considered melee weapons and as such &Strength and &Speed complement this skill.","*Swords include all forms of medium to long-bladed, single or double-handed weapons. Short Swords are considered true Swords, not Short Bladed weapons. Swords are considered melee weapons and as such &Strength and &Speed complement this skill.",pending,exe:blitz_string@0x18F224
"*Thrown *Weapons include special knives, hatchets and spears designed to be hurled at targets. Thrown weapons will generally cause more damage to a target than other ranged weapons (such as arrows) due to heavier weight and additional inertia, and unlike bows, thrown weapons can be used while holding a torch or shield. The down side is that thrown weapons are heavier in your inventory and more costly per unit than arrows. &Strength and &Dexterity are the attributes that complement the *Thrown *Weapon skill.","*Thrown *Weapons include special knives, hatchets and spears designed to be hurled at targets. Thrown weapons will generally cause more damage to a target than other ranged weapons (such as arrows) due to heavier weight and additional inertia, and unlike bows, thrown weapons can be used while holding a torch or shield. The down side is that thrown weapons are heavier in your inventory and more costly per unit than arrows. &Strength and &Dexterity are the attributes that complement the *Thrown *Weapon skill.",pending,exe:blitz_string@0x18F418
Bless,Bless,pending,exe:blitz_string@0x18F824
"This incantation bestows upon the caster a divine blessing, increasing the caster's ToHit and Maximum Damage. The effect of blessing is +1 ToHit probability and +1 Damage per casting level, lasting 100 rounds.","This incantation bestows upon the caster a divine blessing, increasing the caster's ToHit and Maximum Damage. The effect of blessing is +1 ToHit probability and +1 Damage per casting level, lasting 100 rounds.",pending,exe:blitz_string@0x18F83C
Cat's Eyes,Cat's Eyes,pending,exe:blitz_string@0x18F9EC
Gives the caster cat-like vision in low light. Duration of spell is 40 rounds per Casting Level.,Gives the caster cat-like vision in low light. Duration of spell is 40 rounds per Casting Level.,pending,exe:blitz_string@0x18FA0C
Detox,Detox,pending,exe:blitz_string@0x18FAD8
"Removes poisons from the bloodstream of the caster. The higher the casting level, the more powerful the detoxification effect is.","Removes poisons from the bloodstream of the caster. The higher the casting level, the more powerful the detoxification effect is.",pending,exe:blitz_string@0x18FAF0
Divine Heal,Divine Heal,pending,exe:blitz_string@0x18FC00
"Upon casting, you are bathed in divine light which binds your physical wounds. Heals 3-6 Hit Points for every casting level. Does not cure disease or remove poisoning.","Upon casting, you are bathed in divine light which binds your physical wounds. Heals 3-6 Hit Points for every casting level. Does not cure disease or remove poisoning.",pending,exe:blitz_string@0x18FC24
Entangle,Entangle,pending,exe:blitz_string@0x18FD80
"Causes vines and tanglebrush to rise from the ground, ensnaring a target. Spell duration is 4 rounds per Casting Level. Large or very strong creatures may cut the spell's duration in half.","Causes vines and tanglebrush to rise from the ground, ensnaring a target. Spell duration is 4 rounds per Casting Level. Large or very strong creatures may cut the spell's duration in half.",pending,exe:blitz_string@0x18FD9C
Fleshboil,Fleshboil,pending,exe:blitz_string@0x18FF20
"A ranged spell which bathes a single target with divine energy, causing blisters and lesions upon exposed flesh. Effect is 2-4 hit points of Magick damage per casting level.","A ranged spell which bathes a single target with divine energy, causing blisters and lesions upon exposed flesh. Effect is 2-4 hit points of Magick damage per casting level.",pending,exe:blitz_string@0x18FF40
Leatherskin,Leatherskin,pending,exe:blitz_string@0x1900A8
"Causes the skin of the caster to become thick and leathery, increasing the caster's Armor Rating and reducing the effects of physical damage. Casting level determines amount of effect and duration is 100 rounds.","Causes the skin of the caster to become thick and leathery, increasing the caster's Armor Rating and reducing the effects of physical damage. Casting level determines amount of effect and duration is 100 rounds.",pending,exe:blitz_string@0x1900CC
Lore,Lore,pending,exe:blitz_string@0x190280 | runtime_draw
Used to identify unknown items. Effectiveness of the spell is determined by the casting level.,Used to identify unknown items. Effectiveness of the spell is determined by the casting level.,pending,exe:blitz_string@0x190294
Poison Spray,Poison Spray,pending,exe:blitz_string@0x19035C
"Sprays the target creature with a vaporous mist of toxic fumes, causing the target to become sickened with poison. Casting level determines the potentcy of the poisonous effect.","Sprays the target creature with a vaporous mist of toxic fumes, causing the target to become sickened with poison. Casting level determines the potentcy of the poisonous effect.",pending,exe:blitz_string@0x190380
Nimbleness,Nimbleness,pending,exe:blitz_string@0x1904F0
"Temporarily increases the Dexterity of the caster, improving any stat affected by Dexterity such as combat accuracy or base Armor Rating. The effect is +5 Dexterity points per casting level, the duration is 160 rounds.","Temporarily increases the Dexterity of the caster, improving any stat affected by Dexterity such as combat accuracy or base Armor Rating. The effect is +5 Dexterity points per casting level, the duration is 160 rounds.",pending,exe:blitz_string@0x190510
Ogre Strength,Ogre Strength,pending,exe:blitz_string@0x1906D0
"Temporarily increases the Strength of the caster, improving any stat affected by Strength such as combat damage or encumbrance limit. The effect is +5 Strength points per casting level, the duration is 160 rounds.","Temporarily increases the Strength of the caster, improving any stat affected by Strength such as combat damage or encumbrance limit. The effect is +5 Strength points per casting level, the duration is 160 rounds.",pending,exe:blitz_string@0x1906F8
Charm,Charm,pending,exe:blitz_string@0x1908B0
"Charms a single creature, causing it to turn and fight any other creature attacking the caster. The duration of the charm is 60 rounds. The charmed creature will not follow the caster around, but as long as the charm is active it will attack any other creature nearby that is aggressive towards the caster. The casting level determines the level of creature that can be charmed.","Charms a single creature, causing it to turn and fight any other creature attacking the caster. The duration of the charm is 60 rounds. The charmed creature will not follow the caster around, but as long as the charm is active it will attack any other creature nearby that is aggressive towards the caster. The casting level determines the level of creature that can be charmed.",pending,exe:blitz_string@0x1908C8
Cure Disease,Cure Disease,pending,exe:blitz_string@0x190BC8
"Cures any disease that may be inflicting the caster. Each casting level represents a certain chance for the disease to be eliminated, with the highest casting level (6) being a guaranteed removal of the disease.","Cures any disease that may be inflicting the caster. Each casting level represents a certain chance for the disease to be eliminated, with the highest casting level (6) being a guaranteed removal of the disease.",pending,exe:blitz_string@0x190BEC
Enchanted Weapon,Enchanted Weapon,pending,exe:blitz_string@0x190DA0
"This spell, while active, temporarily enchants any weapon placed in the caster's hand. Enchanted weapons deliver an additional 2 points magickal damage upon striking a target. The target may save versus Magick to avoid this extra damage. The spell's duration is 30 rounds per casting level.","This spell, while active, temporarily enchants any weapon placed in the caster's hand. Enchanted weapons deliver an additional 2 points magickal damage upon striking a target. The target may save versus Magick to avoid this extra damage. The spell's duration is 30 rounds per casting level.",pending,exe:blitz_string@0x190DCC
Haste,Haste,pending,exe:blitz_string@0x19101C
"Causes the caster to move at increased speed, allowing him to perform an extra action per round. The duration is 4 rounds per casting level.","Causes the caster to move at increased speed, allowing him to perform an extra action per round. The duration is 4 rounds per casting level.",pending,exe:blitz_string@0x191034
Sunder Flesh,Sunder Flesh,pending,exe:blitz_string@0x191158
"Casting upon an ememy causes their flesh to rip apart, inflicting 5-7 points of magick damage per casting level.","Casting upon an ememy causes their flesh to rip apart, inflicting 5-7 points of magick damage per casting level.",pending,exe:blitz_string@0x19117C
Stoneskin,Stoneskin,pending,exe:blitz_string@0x191268
"Causes the skin of the caster to become hard like stone, greatly increasing the caster's Armor Rating and reducing the effects of physical damage. Casting level determines amount of effect and duration is 160 rounds.","Causes the skin of the caster to become hard like stone, greatly increasing the caster's Armor Rating and reducing the effects of physical damage. Casting level determines amount of effect and duration is 160 rounds.",pending,exe:blitz_string@0x191288
Turn Undead,Turn Undead,pending,exe:blitz_string@0x191444
"Causes an undead target to be repulsed by the caster; at lower casting levels, there is a chance that the spell may fail. At higher casting levels, the spell works every time and additionally may distress the target to the point of causing physical damage as well.","Causes an undead target to be repulsed by the caster; at lower casting levels, there is a chance that the spell may fail. At higher casting levels, the spell works every time and additionally may distress the target to the point of causing physical damage as well.",pending,exe:blitz_string@0x191468
Mass Boil,Mass Boil,pending,exe:blitz_string@0x191684
"Much like the spell Fleshboil, Massboil causes all living creatures in view (except the caster himself) to be bathed in searing divine light, causing blisters and lesions. The effect is 3-5 points of magick damage per casting level.","Much like the spell Fleshboil, Massboil causes all living creatures in view (except the caster himself) to be bathed in searing divine light, causing blisters and lesions. The effect is 3-5 points of magick damage per casting level.",pending,exe:blitz_string@0x1916A4
Smite,Smite,pending,exe:blitz_string@0x191880
"The caster lays his hands upon his opponent, channeling a higher power to inflict terrible damage into the target creature. The effect of the spell is 6-10 points of magick damage per casting level.","The caster lays his hands upon his opponent, channeling a higher power to inflict terrible damage into the target creature. The effect of the spell is 6-10 points of magick damage per casting level.",pending,exe:blitz_string@0x191898
Dehex,Dehex,pending,exe:blitz_string@0x191A30
Removes any curses or hexes that may be plaguing the caster.,Removes any curses or hexes that may be plaguing the caster.,pending,exe:blitz_string@0x191A48
Dancing Lights,Dancing Lights,pending,exe:blitz_string@0x191ACC
Causes some enemies to flee in fright of the magical display of lights. Larger or more intelligent creatures require a higher casting level for the spell to be effective.,Causes some enemies to flee in fright of the magical display of lights. Larger or more intelligent creatures require a higher casting level for the spell to be effective.,pending,exe:blitz_string@0x191AF4
Air Shield,Air Shield,pending,exe:blitz_string@0x191C54
"Creates a bubble of dense, high-pressure air around the caster, shielding him from most projectiles. Duration is 20 rounds per casting level. Note: Air Shield works only when the source of the projectile is greater than one space away. It does not prevent damage from melee weapons or point-blank (adjacent square) shot projectiles.","Creates a bubble of dense, high-pressure air around the caster, shielding him from most projectiles. Duration is 20 rounds per casting level. Note: Air Shield works only when the source of the projectile is greater than one space away. It does not prevent damage from melee weapons or point-blank (adjacent square) shot projectiles.",pending,exe:blitz_string@0x191C74
Fire Dart,Fire Dart,pending,exe:blitz_string@0x191F18
Causes a searing hot ember to shoot from the caster's hands towards the target. Effect is 2-4 hit points of fire damage per casting level.,Causes a searing hot ember to shoot from the caster's hands towards the target. Effect is 2-4 hit points of fire damage per casting level.,pending,exe:blitz_string@0x191F38
Gravedigger's Flame,Gravedigger's Flame,pending,exe:blitz_string@0x192058
"This spell creates a magickal torch that floats above the caster's head, illuminating the darkness around him. The duration of the spell is based on the casting level.","This spell creates a magickal torch that floats above the caster's head, illuminating the darkness around him. The duration of the spell is based on the casting level.",pending,exe:blitz_string@0x19208C
Element Armor,Element Armor,pending,exe:blitz_string@0x1921E8
"Gives the caster an increased level of protection from elements (fire, cold, electricity). Duration of the spell is 75 rounds and the effect is +10% Resistance to Elements per casting level.","Gives the caster an increased level of protection from elements (fire, cold, electricity). Duration of the spell is 75 rounds and the effect is +10% Resistance to Elements per casting level.",pending,exe:blitz_string@0x192210
Reveal Map,Reveal Map,pending,exe:blitz_string@0x192398
"This spell grants the caster +3 points of Cartography Skill per casting level, and the duration of the spell is 10 rounds per casting level.","This spell grants the caster +3 points of Cartography Skill per casting level, and the duration of the spell is 10 rounds per casting level.",pending,exe:blitz_string@0x1923B8
Predator Sight,Predator Sight,pending,exe:blitz_string@0x1924DC
"This spell allows the caster to see the faint electromagnetic aura that all creatures emit, whether they are living, animated or extra dimentional. In daylight this has practically no effect, but in darkness the caster is able to see all creatures glowing green which clearly reveals their location. Using Predator Sight, a caster does not receive any penalty for attacking in low light conditions. Spell duration is 40 rounds per casting level.","This spell allows the caster to see the faint electromagnetic aura that all creatures emit, whether they are living, animated or extra dimentional. In daylight this has practically no effect, but in darkness the caster is able to see all creatures glowing green which clearly reveals their location. Using Predator Sight, a caster does not receive any penalty for attacking in low light conditions. Spell duration is 40 rounds per casting level.",pending,exe:blitz_string@0x192504
Sonic Blast,Sonic Blast,pending,exe:blitz_string@0x19288C
"This spell creates an intense subsonic wave which temporarily stuns all nearby targets, lowering their combative and defensive abilities. The casting level determines the overall power and range of the blast.","This spell creates an intense subsonic wave which temporarily stuns all nearby targets, lowering their combative and defensive abilities. The casting level determines the overall power and range of the blast.",pending,exe:blitz_string@0x1928B0
Compress Atmosphere,Compress Atmosphere,pending,exe:blitz_string@0x192A5C
"This spell creates a bubble of crushing air around several targets, inflicting 6-9 points of damage per casting level.","This spell creates a bubble of crushing air around several targets, inflicting 6-9 points of damage per casting level.",pending,exe:blitz_string@0x192A90
Enkindled Weapon,Enkindled Weapon,pending,exe:blitz_string@0x192B88
"This spell, while active, temporarily imbues any weapon held in the caster's hand with bonus fire damage. The effect of the spell is 2 points of fire damage per casting level. The spell duration is 50 rounds.","This spell, while active, temporarily imbues any weapon held in the caster's hand with bonus fire damage. The effect of the spell is 2 points of fire damage per casting level. The spell duration is 50 rounds.",pending,exe:blitz_string@0x192BB4
Deep Freeze,Deep Freeze,pending,exe:blitz_string@0x192D60
"This spell blasts a single living target with a sub-freezing ball of ice, inflicting a massive 5-8 hit points of freeze damage per casting level. However, the extremely cold temperature generated by this spell has no effect on inanimate objects.","This spell blasts a single living target with a sub-freezing ball of ice, inflicting a massive 5-8 hit points of freeze damage per casting level. However, the extremely cold temperature generated by this spell has no effect on inanimate objects.",pending,exe:blitz_string@0x192D84
Fireball,Fireball,pending,exe:blitz_string@0x192F7C
"Caster projects a fireball towards his target. Effect is 4-7 points of fire damage per casting level, affecting both living and non-living targets. The concussion of the fireball's blast also produces collateral damage to surrounding creatures and objects.","Caster projects a fireball towards his target. Effect is 4-7 points of fire damage per casting level, affecting both living and non-living targets. The concussion of the fireball's blast also produces collateral damage to surrounding creatures and objects.",pending,exe:blitz_string@0x192F98
Chameleon,Chameleon,pending,exe:blitz_string@0x1931A4
"Causes the caster to blend with the environment, making him harder To hit. Duration is 20 rounds per casting level.","Causes the caster to blend with the environment, making him harder To hit. Duration is 20 rounds per casting level.",pending,exe:blitz_string@0x1931C4
Lock Melt,Lock Melt,pending,exe:blitz_string@0x1932B8
"This spell concentrates heat onto the lock mechanism of a door or chest, softening the metal components of the lock and causing them to fail. Higher quality locks require a more powerful casting level as the quality of the metal and craftsmanship of the lock are less susceptible to heat damage.","This spell concentrates heat onto the lock mechanism of a door or chest, softening the metal components of the lock and causing them to fail. Higher quality locks require a more powerful casting level as the quality of the metal and craftsmanship of the lock are less susceptible to heat damage.",pending,exe:blitz_string@0x1932D8
Trapkill,Trapkill,pending,exe:blitz_string@0x193534
"When cast upon a trap or trapped object, waves of atmospheric pressure compress upon the trap forcing it into mechanical failure. Most traps, especially those of simpler design, are susceptible to these rapid fluxations of pressure and can fail or be remotely triggered through the casting of this spell. The stronger the casting level, the better chance there is of the trap being eliminated. This spell may be cast multiple times on the same trap in effort to disarm it.","When cast upon a trap or trapped object, waves of atmospheric pressure compress upon the trap forcing it into mechanical failure. Most traps, especially those of simpler design, are susceptible to these rapid fluxations of pressure and can fail or be remotely triggered through the casting of this spell. The stronger the casting level, the better chance there is of the trap being eliminated. This spell may be cast multiple times on the same trap in effort to disarm it.",pending,exe:blitz_string@0x193550
Portal,Portal,pending,exe:blitz_string@0x19390C
"This spell allows the caster to set an anchor point anywhere in the world, and then later recast the spell to open a portal back to that anchor point. Each casting level represents a different portal anchor point, so the more locations you wish to anchor, the more Mana it costs to teleport back to that location.","This spell allows the caster to set an anchor point anywhere in the world, and then later recast the spell to open a portal back to that anchor point. Each casting level represents a different portal anchor point, so the more locations you wish to anchor, the more Mana it costs to teleport back to that location.",pending,exe:blitz_string@0x193924
Invisibility,Invisibility,pending,exe:blitz_string@0x193BA4
"Renders the caster invisible by physically warping light around him, making him completely invisible and impossible to visually track by enemies. The duration of the spell is 5 rounds per casting level.","Renders the caster invisible by physically warping light around him, making him completely invisible and impossible to visually track by enemies. The duration of the spell is 5 rounds per casting level.",pending,exe:blitz_string@0x193BC8
Supernova,Supernova,pending,exe:blitz_string@0x193D68
Supernova sends a fiery blast that emanates from the caster causing 3-4 points of fire damage per casting level on every object and creature in the area.,Supernova sends a fiery blast that emanates from the caster causing 3-4 points of fire damage per casting level on every object and creature in the area.,pending,exe:blitz_string@0x193D88
END,END,pending,exe:blitz_string@0x193EC8
RANDOM,RANDOM,pending,exe:blitz_string@0x1942E0
gfx.pak,gfx.pak,pending,exe:blitz_string@0x19A5A8
ERROR: gfx.pak missing.,ERROR: gfx.pak missing.,pending,exe:blitz_string@0x19A5C4
.pak,.pak,pending,exe:blitz_string@0x19A600
pak,pak,pending,exe:blitz_string@0x19A620
Version 1.05 STEAM EDITION,Version 1.05 STEAM EDITION,pending,exe:blitz_string@0x19A634
resources/packedgraphics/,resources/packedgraphics/,pending,exe:blitz_string@0x19A678
pak::,pak::,pending,exe:blitz_string@0x19A6BC
incbin::incbin/f1.ttf,incbin::incbin/f1.ttf,pending,exe:blitz_string@0x19A6D4
incbin::incbin/celtic.ttf,incbin::incbin/celtic.ttf,pending,exe:blitz_string@0x19A714
incbin::incbin/kelt.ttf,incbin::incbin/kelt.ttf,pending,exe:blitz_string@0x19A758
Elemental Armor,Elemental Armor,pending,exe:blitz_string@0x19A7E8
Entangled,Entangled,pending,exe:blitz_string@0x19A814
Stunned,Stunned,pending,exe:blitz_string@0x19A834
Air Shielded,Air Shielded,pending,exe:blitz_string@0x19A850
Poisoned,Poisoned,pending,exe:blitz_string@0x19A874
Blessed,Blessed,pending,exe:blitz_string@0x19A890
Invisible,Invisible,pending,exe:blitz_string@0x19A8AC
Keensight,Keensight,pending,exe:blitz_string@0x19A8CC
Paralyzed,Paralyzed,pending,exe:blitz_string@0x19A8EC
Scared,Scared,pending,exe:blitz_string@0x19A90C
Charmed,Charmed,pending,exe:blitz_string@0x19A924
Off-Balance,Off-Balance,pending,exe:blitz_string@0x19A940
Mana Fortified,Mana Fortified,pending,exe:blitz_string@0x19A964
Greater Protection,Greater Protection,pending,exe:blitz_string@0x19A98C
Alchemy,Alchemy,pending,exe:blitz_string@0x19A9CC | runtime_draw
Divination,Divination,pending,exe:blitz_string@0x19A9E8
Elemental,Elemental,pending,exe:blitz_string@0x19AA08
Light Armor,Light Armor,pending,exe:blitz_string@0x19AA28
Heavy Armor,Heavy Armor,pending,exe:blitz_string@0x19AA4C
Shields,Shields,pending,exe:blitz_string@0x19AA70
Cartography,Cartography,pending,exe:blitz_string@0x19AA8C | runtime_draw
Dodge,Dodge,pending,exe:blitz_string@0x19AAB0 | runtime_draw
Hide in Shadows,Hide in Shadows,pending,exe:blitz_string@0x19AAC8 | runtime_draw
Meditation,Meditation,pending,exe:blitz_string@0x19AAF4
Mercantile,Mercantile,pending,exe:blitz_string@0x19AB14
Move Silently,Move Silently,pending,exe:blitz_string@0x19AB34
Pick Locks,Pick Locks,pending,exe:blitz_string@0x19AB5C
Skullduggery,Skullduggery,pending,exe:blitz_string@0x19AB7C
Spot Hidden,Spot Hidden,pending,exe:blitz_string@0x19ABA0
Survival,Survival,pending,exe:blitz_string@0x19ABC4
Unarmed Combat,Unarmed Combat,pending,exe:blitz_string@0x19ABE0
Bludgeoning Weapons,Bludgeoning Weapons,pending,exe:blitz_string@0x19AC08
Bow Weapons,Bow Weapons,pending,exe:blitz_string@0x19AC3C
Cleaving Weapons,Cleaving Weapons,pending,exe:blitz_string@0x19AC60
Short Bladed Weapons,Short Bladed Weapons,pending,exe:blitz_string@0x19AC8C
Swords,Swords,pending,exe:blitz_string@0x19ACC0
Thrown Weapons,Thrown Weapons,pending,exe:blitz_string@0x19ACD8
"Arcane, Divination","Arcane, Divination",pending,exe:blitz_string@0x19AD00 | runtime_draw
"Arcane, Elemental","Arcane, Elemental",pending,exe:blitz_string@0x19AD30 | runtime_draw
"Armor, Light","Armor, Light",pending,exe:blitz_string@0x19AD60 | runtime_draw
"Armor, Heavy","Armor, Heavy",pending,exe:blitz_string@0x19AD84 | runtime_draw
"Armor, Shields","Armor, Shields",pending,exe:blitz_string@0x19ADA8 | runtime_draw
"Weapon, Bludgeoning","Weapon, Bludgeoning",pending,exe:blitz_string@0x19ADD0
"Weapon, Bows","Weapon, Bows",pending,exe:blitz_string@0x19AE04
"Weapon, Cleaving","Weapon, Cleaving",pending,exe:blitz_string@0x19AE28
"Weapon, Short Bladed","Weapon, Short Bladed",pending,exe:blitz_string@0x19AE54
"Weapon, Swords","Weapon, Swords",pending,exe:blitz_string@0x19AE88
"Weapon, Thrown","Weapon, Thrown",pending,exe:blitz_string@0x19AEB0
Find Maddock in the village of Aridell. Aridell is located northeast of where you awoke.,Find Maddock in the village of Aridell. Aridell is located northeast of where you awoke.,pending,exe:blitz_string@0x19AEE8
"Recover your amulet from the casket of 'Adler Keldam'. His casket is in a crypt located in Eversleep Cemetery in the North Parish area. If you can't open the crypt door yourself, the cemetary director has a key. His house is north of Aridell.","Recover your amulet from the casket of 'Adler Keldam'. His casket is in a crypt located in Eversleep Cemetery in the North Parish area. If you can't open the crypt door yourself, the cemetary director has a key. His house is north of Aridell.",pending,exe:blitz_string@0x19AFA4
Take your recovered amulet to Lilith 'at the heart' of Tangletree Forest. Tangletree Forest is to the west of the Parish regions.,Take your recovered amulet to Lilith 'at the heart' of Tangletree Forest. Tangletree Forest is to the west of the Parish regions.,pending,exe:blitz_string@0x19B194
"Farwick, the blacksmith in Aridell, has asked you to recover a bar of Mithril from a wine cellar in the abandoned town of Elderhollow.","Farwick, the blacksmith in Aridell, has asked you to recover a bar of Mithril from a wine cellar in the abandoned town of Elderhollow.",pending,exe:blitz_string@0x19B2A4
"Abygale, the magick shop owner in Aridell, has asked you to bring her a book called 'Secrets of Transference Circuits' if you find it.","Abygale, the magick shop owner in Aridell, has asked you to bring her a book called 'Secrets of Transference Circuits' if you find it.",pending,exe:blitz_string@0x19B3BC
"To release the gates and make Grimmhold passible again, you must open the Secondary Water Gate in Grimmhold's Maintenance level.","To release the gates and make Grimmhold passible again, you must open the Secondary Water Gate in Grimmhold's Maintenance level.",pending,exe:blitz_string@0x19B4D4
"Lilith has agreed to give you more information about your amulet, but first you must find and kill the Hive Queen, nesting within a cave in central Tangletree Forest. Her stinger will be proof of her death.","Lilith has agreed to give you more information about your amulet, but first you must find and kill the Hive Queen, nesting within a cave in central Tangletree Forest. Her stinger will be proof of her death.",pending,exe:blitz_string@0x19B5E0
You have discovered that your amulet is actually a key. Take it to the 'Underground Repository' and use it to open lockbox number 26. The Underground Repository may be located somewhere in or around the town of Blackwater.,You have discovered that your amulet is actually a key. Take it to the 'Underground Repository' and use it to open lockbox number 26. The Underground Repository may be located somewhere in or around the town of Blackwater.,pending,exe:blitz_string@0x19B788
"Locate a 'prize' that the Goblin Gruzz has told you about. Find the Goblin Obelisk in Crakamir, travel south until you see a tree with yellow leaves, then locate the dead tree nearby. The prize is hidden there.","Locate a 'prize' that the Goblin Gruzz has told you about. Find the Goblin Obelisk in Crakamir, travel south until you see a tree with yellow leaves, then locate the dead tree nearby. The prize is hidden there.",pending,exe:blitz_string@0x19B950
"Garrett, the drunk staying at the Owl's Roost Tavern in Aridell, has lost an antique sextant. If you find it, you can sell it for profit or perhaps Garrett would pay more than it's worth to have it back. It may be near the Salted Coast where he washed ashore after the shipwreck.","Garrett, the drunk staying at the Owl's Roost Tavern in Aridell, has lost an antique sextant. If you find it, you can sell it for profit or perhaps Garrett would pay more than it's worth to have it back. It may be near the Salted Coast where he washed ashore after the shipwreck.",pending,exe:blitz_string@0x19BB00
Leurik has agreed to give you a key to the crypt in Eversleep Cemetery if you eliminate the Salamanders that plague the basement benieth his home in North Parish.,Leurik has agreed to give you a key to the crypt in Eversleep Cemetery if you eliminate the Salamanders that plague the basement benieth his home in North Parish.,pending,exe:blitz_string@0x19BD3C
You found a note that says if you register under the name 'Foozgrumph' at the Lonely Spirits Tavern in Blackwater you'll receive a room that has some sort of secret wall in it.,You found a note that says if you register under the name 'Foozgrumph' at the Lonely Spirits Tavern in Blackwater you'll receive a room that has some sort of secret wall in it.,pending,exe:blitz_string@0x19BE8C
You have agreed take a potion of Absolute Restoration to a sick man who lives west of the Salted Coast region. The potion can be found in the chest at the Bethel of the Green Moon on Aridell.,You have agreed take a potion of Absolute Restoration to a sick man who lives west of the Salted Coast region. The potion can be found in the chest at the Bethel of the Green Moon on Aridell.,pending,exe:blitz_string@0x19BFF8
You have agreed to take an incriminating note to the Captain of Darkford which proves Father Michael's efforts to help the Goblins invade eastern Thaermore.,You have agreed to take an incriminating note to the Captain of Darkford which proves Father Michael's efforts to help the Goblins invade eastern Thaermore.,pending,exe:blitz_string@0x19C184
"Your dying brother said you need to go to Shadowmirk, the Mage Citadel on the northern shores of Thaermore. Find a wizard name Erubor and tell him that the goblins are planning an attack on Shadowmirk.","Your dying brother said you need to go to Shadowmirk, the Mage Citadel on the northern shores of Thaermore. Find a wizard name Erubor and tell him that the goblins are planning an attack on Shadowmirk.",pending,exe:blitz_string@0x19C2C8
A note you left for yourself says you must find your brother. He is probaby being held captive by the Goblins in the abandoned city of Vela.,A note you left for yourself says you must find your brother. He is probaby being held captive by the Goblins in the abandoned city of Vela.,pending,exe:blitz_string@0x19C468
"Mary, a stranded woman in the northern area of North Parish, has asked you to locate her husband. His name is Bradon and he may be identified by his inscribed gold wedding band.","Mary, a stranded woman in the northern area of North Parish, has asked you to locate her husband. His name is Bradon and he may be identified by his inscribed gold wedding band.",pending,exe:blitz_string@0x19C58C
"You have learned of a chest in an abandoned house, deep in Tangletree Forest, west of Grimmhold. The chest's slider lock must be set to 167 in order to open it and retrieve a valuable weapon inside.","You have learned of a chest in an abandoned house, deep in Tangletree Forest, west of Grimmhold. The chest's slider lock must be set to 167 in order to open it and retrieve a valuable weapon inside.",pending,exe:blitz_string@0x19C6FC
"You have agreed to deliver an 70 pound crucible to Gunther, the metal smith in Blackwater. The crucible can be picked up at Bordertown Arms in Bordertown near Darkford.","You have agreed to deliver an 70 pound crucible to Gunther, the metal smith in Blackwater. The crucible can be picked up at Bordertown Arms in Bordertown near Darkford.",pending,exe:blitz_string@0x19C894
"Oolaseph, a talking tree in Northern Tangletree Forest, said he will give you a gift if you bring him a flask of pure water from an oasis in Northern Crakamir.","Oolaseph, a talking tree in Northern Tangletree Forest, said he will give you a gift if you bring him a flask of pure water from an oasis in Northern Crakamir.",pending,exe:blitz_string@0x19C9F0
Retrieve a Goblin Key from a giant named Omar in the Timberland Plains area.,Retrieve a Goblin Key from a giant named Omar in the Timberland Plains area.,pending,exe:blitz_string@0x19CB3C
"You have offered to kill all of the Fungal Sludges in the Marshes of Boradan area, which is straight east of the Bordertown camp. When finished with this task, return to the boatman Phillip in Bordertown and tell him.","You have offered to kill all of the Fungal Sludges in the Marshes of Boradan area, which is straight east of the Bordertown camp. When finished with this task, return to the boatman Phillip in Bordertown and tell him.",pending,exe:blitz_string@0x19CBE0
"A shadey character in Lonely Spirits Tavern in Blackwater has offered to pay you 500 gold to kill Lilith, the woman who lives near Lake Atria in Tangletree Forest. Return her amulet to him as proof of your success.","A shadey character in Lonely Spirits Tavern in Blackwater has offered to pay you 500 gold to kill Lilith, the woman who lives near Lake Atria in Tangletree Forest. Return her amulet to him as proof of your success.",pending,exe:blitz_string@0x19CDA0
Retrieve the Giant Chieftain’s skull from Camp Thorndike and return it to Omar in the Giant's Village. Omar will trade you a Goblin key for the skull.,Retrieve the Giant Chieftain’s skull from Camp Thorndike and return it to Omar in the Giant's Village. Omar will trade you a Goblin key for the skull.,pending,exe:blitz_string@0x19CF58
You have learned of a great bow hidden in Lorus of Eastleaf's tomb in Tangletree Ossuray. The sliding lock on his vault must be set to 98 to open it.,You have learned of a great bow hidden in Lorus of Eastleaf's tomb in Tangletree Ossuray. The sliding lock on his vault must be set to 98 to open it.,pending,exe:blitz_string@0x19D090
Recover all four Goblin Keys and use them to enter the Goblin Citadel.,Recover all four Goblin Keys and use them to enter the Goblin Citadel.,pending,exe:blitz_string@0x19D1C8
Take the Crux of Ages back to Bastion Spire through a portal in the Goblin Citadel.,Take the Crux of Ages back to Bastion Spire through a portal in the Goblin Citadel.,pending,exe:blitz_string@0x19D260
"Vezzar, the Magick Shop owner in Blackwater, has asked you to bring him back an acorn from a Burley Oak tree. The only tree left is in the southern Tangletree region.","Vezzar, the Magick Shop owner in Blackwater, has asked you to bring him back an acorn from a Burley Oak tree. The only tree left is in the southern Tangletree region.",pending,exe:blitz_string@0x19D314
A friendly Goblin in Whistling Cave said that a locked chest in the Goblin Citadel contains a powerful weapon. The lock must be set to 66 to open.,A friendly Goblin in Whistling Cave said that a locked chest in the Goblin Citadel contains a powerful weapon. The lock must be set to 66 to open.,pending,exe:blitz_string@0x19D46C
You have found a letter that needs to be delivered to a woman named Penelope in Blackwater. You found this letter amid the remains of a destroyed caravan in Crakamir.,You have found a letter that needs to be delivered to a woman named Penelope in Blackwater. You found this letter amid the remains of a destroyed caravan in Crakamir.,pending,exe:blitz_string@0x19D59C
"Gunther, the smith in Blackwater, wants you to get his Divine Ore back from a group of Mercenaries who have a hideout somewhere east of Blackwater.","Gunther, the smith in Blackwater, wants you to get his Divine Ore back from a group of Mercenaries who have a hideout somewhere east of Blackwater.",pending,exe:blitz_string@0x19D6F4
"Krista, the tavern owner in Bordertown, has asked you to retrieve a locket from her brother's room in Grimmhold.","Krista, the tavern owner in Bordertown, has asked you to retrieve a locket from her brother's room in Grimmhold.",pending,exe:blitz_string@0x19D828
"William, the Council Head of Blackwater, has asked you to investigate a rumor that Mercenaries may be planning to assassinate him. Bring him back any evidence that you find.","William, the Council Head of Blackwater, has asked you to investigate a rumor that Mercenaries may be planning to assassinate him. Bring him back any evidence that you find.",pending,exe:blitz_string@0x19D914
"You have offered to locate and bring 10 giant larvae to Hesham, an alchemist working in the Crypt at Eversleep Cemetery in the North Parish region.","You have offered to locate and bring 10 giant larvae to Hesham, an alchemist working in the Crypt at Eversleep Cemetery in the North Parish region.",pending,exe:blitz_string@0x19DA7C
Dungeon Fever,Dungeon Fever,pending,exe:blitz_string@0x19DBBC
"You feel achy, sore and very weak.","You feel achy, sore and very weak.",pending,exe:blitz_string@0x19DBE4
Rusty Knuckles,Rusty Knuckles,pending,exe:blitz_string@0x19DC34
"Your finger joints, elbows and knees become swollen and extremely painful.","Your finger joints, elbows and knees become swollen and extremely painful.",pending,exe:blitz_string@0x19DC5C
Eye Fungus,Eye Fungus,pending,exe:blitz_string@0x19DCFC
"Your eyeslids are covered in crusty, seeping scabs, limiting your vision.","Your eyeslids are covered in crusty, seeping scabs, limiting your vision.",pending,exe:blitz_string@0x19DD1C
Blister Pox,Blister Pox,pending,exe:blitz_string@0x19DDBC
You notice seeping blisters all over your body and you have a terrible fever.,You notice seeping blisters all over your body and you have a terrible fever.,pending,exe:blitz_string@0x19DDE0
Insanity Fever,Insanity Fever,pending,exe:blitz_string@0x19DE88
A sudden fever overwhelms you. You begin to hallucinate and cannot maintain clear thoughts.,A sudden fever overwhelms you. You begin to hallucinate and cannot maintain clear thoughts.,pending,exe:blitz_string@0x19DEB0
Fleshrot,Fleshrot,pending,exe:blitz_string@0x19DF74
You have contracted Fleshrot. You will die soon without proper care.,You have contracted Fleshrot. You will die soon without proper care.,pending,exe:blitz_string@0x19DF90
Cursed,Cursed,pending,exe:blitz_string@0x19E024
You are cursed!!,You are cursed!!,pending,exe:blitz_string@0x19E03C
incbin::incbin/master_item_sheet.csv,incbin::incbin/master_item_sheet.csv,pending,exe:blitz_string@0x19E080
resources/incbin/master_item_sheet.csv,resources/incbin/master_item_sheet.csv,pending,exe:blitz_string@0x19E0D4
no bars,no bars,pending,exe:blitz_string@0x19E97C
data/retmark.bin,data/retmark.bin,pending,exe:blitz_string@0x19EA0C
sound/mo12_attack.wav,sound/mo12_attack.wav,pending,exe:blitz_string@0x19EA58
data/14.map,data/14.map,pending,exe:blitz_string@0x19EA90
"An error has occured. Please uninstall the game, then reinstall it using the original Setup file or CD. \nError code:","An error has occured. Please uninstall the game, then reinstall it using the original Setup file or CD. \nError code:",pending,exe:blitz_string@0x19EAB4
/Eschalon Book 1 Saved Games/,/Eschalon Book 1 Saved Games/,pending,exe:blitz_string@0x19EBB0
Error: Unable to create Saved Games directory in,Error: Unable to create Saved Games directory in,pending,exe:blitz_string@0x19EC18
slot,slot,pending,exe:blitz_string@0x19EC88
directory.,directory.,pending,exe:blitz_string@0x19EC9C
Error: Unable to create Saved Games SLOT,Error: Unable to create Saved Games SLOT,pending,exe:blitz_string@0x19ECC0
tmp,tmp,pending,exe:blitz_string@0x19ED1C
DirectSound,DirectSound,pending,exe:blitz_string@0x19ED38
Eschalon: Book I,Eschalon: Book I,pending,exe:blitz_string@0x19ED5C
sound/Heart.wav,sound/Heart.wav,pending,exe:blitz_string@0x19EE70
sound/Step_Hard1.wav,sound/Step_Hard1.wav,pending,exe:blitz_string@0x19EEA4
sound/Step_Hard2.wav,sound/Step_Hard2.wav,pending,exe:blitz_string@0x19EED8
sound/Step_Soft1.wav,sound/Step_Soft1.wav,pending,exe:blitz_string@0x19EF0C
sound/Step_Soft2.wav,sound/Step_Soft2.wav,pending,exe:blitz_string@0x19EF40
sound/Step_Dun1.wav,sound/Step_Dun1.wav,pending,exe:blitz_string@0x19EF74
sound/Step_Dun2.wav,sound/Step_Dun2.wav,pending,exe:blitz_string@0x19EFA8
sound/Step_armor1.wav,sound/Step_armor1.wav,pending,exe:blitz_string@0x19EFDC
sound/Step_armor2.wav,sound/Step_armor2.wav,pending,exe:blitz_string@0x19F014
sound/MouseClick.wav,sound/MouseClick.wav,pending,exe:blitz_string@0x19F050
sound/SFX_Notice.wav,sound/SFX_Notice.wav,pending,exe:blitz_string@0x19F088
sound/SFX_Mouse_Hover.wav,sound/SFX_Mouse_Hover.wav,pending,exe:blitz_string@0x19F0C0
data/fighter,data/fighter,pending,exe:blitz_string@0x19F130
DROP,DROP,pending,exe:blitz_string@0x19F160
KEEP,KEEP,pending,exe:blitz_string@0x19F174
"^This ^item ^appears ^to ^be ^unique ^so ^you ^should ^hold ^on ^to ^it! ||If you really ^must take it out of your inventory, find an chest or barrel with empty space and store it there so that you can retrieve it later.","^This ^item ^appears ^to ^be ^unique ^so ^you ^should ^hold ^on ^to ^it! ||If you really ^must take it out of your inventory, find an chest or barrel with empty space and store it there so that you can retrieve it later.",pending,exe:blitz_string@0x19F188
kill_quest 24,kill_quest 24,pending,exe:blitz_string@0x19F378
No,No,pending,exe:blitz_string@0x19F3A0
Yes,Yes,pending,exe:blitz_string@0x19F3B0
This item will be lost forever if dropped! Are you sure?,This item will be lost forever if dropped! Are you sure?,pending,exe:blitz_string@0x19F3C4
"Just before you drop this item to the ground, you are suddenly compelled to hang on to it. You should put it back in your inventory or find an empty chest to store it in.","Just before you drop this item to the ground, you are suddenly compelled to hang on to it. You should put it back in your inventory or find an empty chest to store it in.",pending,exe:blitz_string@0x19F440
You are too far away to speak.,You are too far away to speak.,pending,exe:blitz_string@0x19F5A0
You cannot speak from this position. Move closer.,You cannot speak from this position. Move closer.,pending,exe:blitz_string@0x19F5E8
SFX_Pickup,SFX_Pickup,pending,exe:blitz_string@0x19F658
You are currently using a two-handed weapon and cannot use a shield at the same time.,You are currently using a two-handed weapon and cannot use a shield at the same time.,pending,exe:blitz_string@0x19F678
You are currently using a torch and cannot use a shield at the same time.,You are currently using a torch and cannot use a shield at the same time.,pending,exe:blitz_string@0x19F730
You are currently holding a shield and cannot use a two-handed weapon at the same time.,You are currently holding a shield and cannot use a two-handed weapon at the same time.,pending,exe:blitz_string@0x19F7D0
You cannot equip or use an unknown item.,You cannot equip or use an unknown item.,pending,exe:blitz_string@0x19F88C
You cannot equip a torch while holding a lantern.,You cannot equip a torch while holding a lantern.,pending,exe:blitz_string@0x19F8E8
You cannot equip a torch while holding a shield.,You cannot equip a torch while holding a shield.,pending,exe:blitz_string@0x19F958
You decide to stand passively for a moment...,You decide to stand passively for a moment...,pending,exe:blitz_string@0x19F9C4
Viewing keyboard shortcuts...press any key to continue.,Viewing keyboard shortcuts...press any key to continue.,pending,exe:blitz_string@0x19FA64
You've just learned every spell and became a Master of all Skills!,You've just learned every spell and became a Master of all Skills!,pending,exe:blitz_string@0x19FAE0
Reset this map?,Reset this map?,pending,exe:blitz_string@0x19FB70
.map,.map,pending,exe:blitz_string@0x19FB9C
tmp/,tmp/,pending,exe:blitz_string@0x19FBB0
.ent,.ent,pending,exe:blitz_string@0x19FBC4
.opq,.opq,pending,exe:blitz_string@0x19FBD8
in,in,pending,exe:blitz_string@0x19FC04
ft,ft,pending,exe:blitz_string@0x19FC18
Distance:,Distance:,pending,exe:blitz_string@0x19FC30
You are in:,You are in:,pending,exe:blitz_string@0x19FC50
Y=,Y=,pending,exe:blitz_string@0x19FC74
Area Coordinate: X=,Area Coordinate: X=,pending,exe:blitz_string@0x19FC88
DIST:,DIST:,pending,exe:blitz_string@0x19FCBC
- Day Cycle (Mod 1440):,- Day Cycle (Mod 1440):,pending,exe:blitz_string@0x19FCD4
Total Turns:,Total Turns:,pending,exe:blitz_string@0x19FD14
"GMH_X,Y:","GMH_X,Y:",pending,exe:blitz_string@0x19FD4C
"Player X,Y:","Player X,Y:",pending,exe:blitz_string@0x19FD6C
"Map_Mouse_X,Y:","Map_Mouse_X,Y:",pending,exe:blitz_string@0x19FD90
kb,kb,pending,exe:blitz_string@0x19FDBC
Alloc_Mem:,Alloc_Mem:,pending,exe:blitz_string@0x19FDCC
- Map Name:,- Map Name:,pending,exe:blitz_string@0x19FDF0
Map Filename:,Map Filename:,pending,exe:blitz_string@0x19FE18
RGBF:,RGBF:,pending,exe:blitz_string@0x19FE50
", RefeshRate:",", RefeshRate:",pending,exe:blitz_string@0x19FE68
BitDepth:,BitDepth:,pending,exe:blitz_string@0x19FE90
Gold,Gold,pending,exe:blitz_string@0x19FEE4
gold pieces,gold pieces,pending,exe:blitz_string@0x19FEF8
Poor quality,Poor quality,pending,exe:blitz_string@0x19FF1C
IC_QUIVER,IC_QUIVER,pending,exe:blitz_string@0x19FFB0 | exe:resource@0x54159C:csv
IC_HELM,IC_HELM,pending,exe:blitz_string@0x19FFE0 | exe:resource@0x54159C:csv
IC_CLOAK,IC_CLOAK,pending,exe:blitz_string@0x1A000C | exe:resource@0x54159C:csv
IC_AMULET,IC_AMULET,pending,exe:blitz_string@0x1A0038 | exe:resource@0x54159C:csv
IC_TORSO,IC_TORSO,pending,exe:blitz_string@0x1A0068 | exe:resource@0x54159C:csv
IC_WEAPON,IC_WEAPON,pending,exe:blitz_string@0x1A0094 | exe:resource@0x54159C:csv
IC_BELT,IC_BELT,pending,exe:blitz_string@0x1A00C4 | exe:resource@0x54159C:csv
IC_GAUNTS,IC_GAUNTS,pending,exe:blitz_string@0x1A00F0 | exe:resource@0x54159C:csv
IC_LEGS,IC_LEGS,pending,exe:blitz_string@0x1A0120 | exe:resource@0x54159C:csv
IC_RING,IC_RING,pending,exe:blitz_string@0x1A014C | exe:resource@0x54159C:csv
IC_SHIELD,IC_SHIELD,pending,exe:blitz_string@0x1A0178 | exe:resource@0x54159C:csv
IC_BOOTS,IC_BOOTS,pending,exe:blitz_string@0x1A01A8 | exe:resource@0x54159C:csv
IC_KEY,IC_KEY,pending,exe:blitz_string@0x1A01D4 | exe:resource@0x54159C:csv
IC_QUEST,IC_QUEST,pending,exe:blitz_string@0x1A01FC | exe:resource@0x54159C:csv
IC_MISC,IC_MISC,pending,exe:blitz_string@0x1A0228 | exe:resource@0x54159C:csv
IC_GOLD,IC_GOLD,pending,exe:blitz_string@0x1A0254 | exe:resource@0x54159C:csv
IC_POTION,IC_POTION,pending,exe:blitz_string@0x1A0280 | exe:resource@0x54159C:csv
IC_LOCKPICK,IC_LOCKPICK,pending,exe:blitz_string@0x1A02B0 | exe:resource@0x54159C:csv
IC_NOTE,IC_NOTE,pending,exe:blitz_string@0x1A02E4 | exe:resource@0x54159C:csv
IC_GEM,IC_GEM,pending,exe:blitz_string@0x1A0310 | exe:resource@0x54159C:csv
IC_SCROLL,IC_SCROLL,pending,exe:blitz_string@0x1A0338 | exe:resource@0x54159C:csv
IC_WAND,IC_WAND,pending,exe:blitz_string@0x1A0368
IC_REAGENT,IC_REAGENT,pending,exe:blitz_string@0x1A0394 | exe:resource@0x54159C:csv
IC_REACTANT,IC_REACTANT,pending,exe:blitz_string@0x1A03C4 | exe:resource@0x54159C:csv
IC_TORCH,IC_TORCH,pending,exe:blitz_string@0x1A03F8 | exe:resource@0x54159C:csv
IC_FOOD,IC_FOOD,pending,exe:blitz_string@0x1A0424 | exe:resource@0x54159C:csv
SKILL_ALCHEMY,SKILL_ALCHEMY,pending,exe:blitz_string@0x1A0440 | exe:resource@0x54159C:csv
SKILL_ARCANE_DIVINATION,SKILL_ARCANE_DIVINATION,pending,exe:blitz_string@0x1A0468 | exe:resource@0x54159C:csv
SKILL_ARCANE_ELEMENTAL,SKILL_ARCANE_ELEMENTAL,pending,exe:blitz_string@0x1A04A4 | exe:resource@0x54159C:csv
SKILL_ARMOR_LIGHT,SKILL_ARMOR_LIGHT,pending,exe:blitz_string@0x1A04DC | exe:resource@0x54159C:csv
SKILL_ARMOR_HEAVY,SKILL_ARMOR_HEAVY,pending,exe:blitz_string@0x1A050C | exe:resource@0x54159C:csv
SKILL_ARMOR_SHIELDS,SKILL_ARMOR_SHIELDS,pending,exe:blitz_string@0x1A053C | exe:resource@0x54159C:csv
SKILL_CARTOGRAPHY,SKILL_CARTOGRAPHY,pending,exe:blitz_string@0x1A0570 | exe:resource@0x54159C:csv
SKILL_DODGE,SKILL_DODGE,pending,exe:blitz_string@0x1A05A0 | exe:resource@0x54159C:csv
SKILL_HIDE_SHADOWS,SKILL_HIDE_SHADOWS,pending,exe:blitz_string@0x1A05C4 | exe:resource@0x54159C:csv
SKILL_LORE,SKILL_LORE,pending,exe:blitz_string@0x1A05F4 | exe:resource@0x54159C:csv
SKILL_MEDITATION,SKILL_MEDITATION,pending,exe:blitz_string@0x1A0614 | exe:resource@0x54159C:csv
SKILL_MERCANTILE,SKILL_MERCANTILE,pending,exe:blitz_string@0x1A0640 | exe:resource@0x54159C:csv
SKILL_MOVE_SILENT,SKILL_MOVE_SILENT,pending,exe:blitz_string@0x1A066C | exe:resource@0x54159C:csv
SKILL_PICK_LOCKS,SKILL_PICK_LOCKS,pending,exe:blitz_string@0x1A069C | exe:resource@0x54159C:csv
SKILL_SKULLDUGGERY,SKILL_SKULLDUGGERY,pending,exe:blitz_string@0x1A06C8 | exe:resource@0x54159C:csv
SKILL_SPOT_HIDDEN,SKILL_SPOT_HIDDEN,pending,exe:blitz_string@0x1A06F8 | exe:resource@0x54159C:csv
SKILL_SURVIVAL,SKILL_SURVIVAL,pending,exe:blitz_string@0x1A0728 | exe:resource@0x54159C:csv
SKILL_UNARMED_COMBAT,SKILL_UNARMED_COMBAT,pending,exe:blitz_string@0x1A0750 | exe:resource@0x54159C:csv
SKILL_WEAPON_BLUDGEONING,SKILL_WEAPON_BLUDGEONING,pending,exe:blitz_string@0x1A0784 | exe:resource@0x54159C:csv
SKILL_WEAPON_BOW,SKILL_WEAPON_BOW,pending,exe:blitz_string@0x1A07C0 | exe:resource@0x54159C:csv
SKILL_WEAPON_CLEAVING,SKILL_WEAPON_CLEAVING,pending,exe:blitz_string@0x1A07EC | exe:resource@0x54159C:csv
SKILL_WEAPON_SHORT_BLADE,SKILL_WEAPON_SHORT_BLADE,pending,exe:blitz_string@0x1A0824 | exe:resource@0x54159C:csv
SKILL_WEAPON_SWORD,SKILL_WEAPON_SWORD,pending,exe:blitz_string@0x1A0860 | exe:resource@0x54159C:csv
SKILL_WEAPON_THROWN,SKILL_WEAPON_THROWN,pending,exe:blitz_string@0x1A0890 | exe:resource@0x54159C:csv
//  Copyright 2007-2008 Basilisk Games,//  Copyright 2007-2008 Basilisk Games,pending,exe:blitz_string@0x1A0CD0
sound/atmos_night.wav,sound/atmos_night.wav,pending,exe:blitz_string@0x1A0D34
www.basiliskgames.com/purchase,www.basiliskgames.com/purchase,pending,exe:blitz_string@0x1A0E40
SFX_Chimes,SFX_Chimes,pending,exe:blitz_string@0x1A0E88
http://basiliskgames.com/purchase.html,http://basiliskgames.com/purchase.html,pending,exe:blitz_string@0x1A0EA8
Footsplash,Footsplash,pending,exe:blitz_string@0x1A0F44
Colored Smoke,Colored Smoke,pending,exe:blitz_string@0x1A0F64
SFX_Disease,SFX_Disease,pending,exe:blitz_string@0x1A0F8C
[Save vs Disease: SUCCESS!] You have succuessfully fought off the disease ',[Save vs Disease: SUCCESS!] You have succuessfully fought off the disease ',pending,exe:blitz_string@0x1A0FC0
[Save vs Disease: FAILED!] You have caught ',[Save vs Disease: FAILED!] You have caught ',pending,exe:blitz_string@0x1A1064
"A curse was cast upon you, however as an atheist find the idea absurd and suffer no effect.","A curse was cast upon you, however as an atheist find the idea absurd and suffer no effect.",pending,exe:blitz_string@0x1A1104
Shower,Shower,pending,exe:blitz_string@0x1A11C8
[Wisdom check: FAILED!] You have been cursed!!,[Wisdom check: FAILED!] You have been cursed!!,pending,exe:blitz_string@0x1A11E0
[Wisdom check: SUCCESS!] Your Wisdom is strong and you have avoided being cursed!,[Wisdom check: SUCCESS!] Your Wisdom is strong and you have avoided being cursed!,pending,exe:blitz_string@0x1A1248
You have discovered a trap nearby!,You have discovered a trap nearby!,pending,exe:blitz_string@0x1A1300
SFX_TorchOn,SFX_TorchOn,pending,exe:blitz_string@0x1A1364
SFX_TorchOff,SFX_TorchOff,pending,exe:blitz_string@0x1A1388
"A bubble of dense air surrounds you, protecting you from projectiles.","A bubble of dense air surrounds you, protecting you from projectiles.",pending,exe:blitz_string@0x1A13B0
Bubble,Bubble,pending,exe:blitz_string@0x1A1448
SFX_Deflect,SFX_Deflect,pending,exe:blitz_string@0x1A1460
The gods of the underworld have temporarily granted you heighten combative skills.,The gods of the underworld have temporarily granted you heighten combative skills.,pending,exe:blitz_string@0x1A14A4
You have been blessed by divinity and temporarily possess heighten combative skills.,You have been blessed by divinity and temporarily possess heighten combative skills.,pending,exe:blitz_string@0x1A1554
Flare,Flare,pending,exe:blitz_string@0x1A1608
Divine Light,Divine Light,pending,exe:blitz_string@0x1A1620
SFX_Bless,SFX_Bless,pending,exe:blitz_string@0x1A1644
Your eyesight has become hyper-sensitive to the dark.,Your eyesight has become hyper-sensitive to the dark.,pending,exe:blitz_string@0x1A1664
SFX_Positive,SFX_Positive,pending,exe:blitz_string@0x1A16DC
"You have increased your tolerance to elements such as fire, cold and electricity.","You have increased your tolerance to elements such as fire, cold and electricity.",pending,exe:blitz_string@0x1A1700
SFX_Compress,SFX_Compress,pending,exe:blitz_string@0x1A17B0
points of magick damage.,points of magick damage.,pending,exe:blitz_string@0x1A17D4
Weapons held in your hand now produce an additional,Weapons held in your hand now produce an additional,pending,exe:blitz_string@0x1A1814
points of fire damage.,points of fire damage.,pending,exe:blitz_string@0x1A1888
"You blend in with your surroundings, making it harder for your enemies to target you.","You blend in with your surroundings, making it harder for your enemies to target you.",pending,exe:blitz_string@0x1A18C4
"For the next 10 rounds, all spell can be cast using half the mana as normal.","For the next 10 rounds, all spell can be cast using half the mana as normal.",pending,exe:blitz_string@0x1A197C
You feel as if you are moving twice as fast as the world around you.,You feel as if you are moving twice as fast as the world around you.,pending,exe:blitz_string@0x1A1A20
Flare Burst,Flare Burst,pending,exe:blitz_string@0x1A1AB4
SFX_Haste,SFX_Haste,pending,exe:blitz_string@0x1A1AD8
You are now invisible!,You are now invisible!,pending,exe:blitz_string@0x1A1AF8
"A burning red flame hovers above your head, illuminating your surroundings.","A burning red flame hovers above your head, illuminating your surroundings.",pending,exe:blitz_string@0x1A1B30
"You have an overall increased level of protection again poisons, disease, elements and magick.","You have an overall increased level of protection again poisons, disease, elements and magick.",pending,exe:blitz_string@0x1A1BD4
You feel as if you have a heightened sense of accuracy.,You feel as if you have a heightened sense of accuracy.,pending,exe:blitz_string@0x1A1C9C
Your Stoneskin effect has been neutralized.,Your Stoneskin effect has been neutralized.,pending,exe:blitz_string@0x1A1D18
Your flesh becomes tough and thickened like leather.,Your flesh becomes tough and thickened like leather.,pending,exe:blitz_string@0x1A1D7C
sfx_entangle,sfx_entangle,pending,exe:blitz_string@0x1A1DF0
You feel much more nimble and swift.,You feel much more nimble and swift.,pending,exe:blitz_string@0x1A1E14
You feel a surge of strength and power.,You feel a surge of strength and power.,pending,exe:blitz_string@0x1A1E68
You are paralyzed and cannot perform any actions. Press [SPACE] to pass this round.,You are paralyzed and cannot perform any actions. Press [SPACE] to pass this round.,pending,exe:blitz_string@0x1A1EC4
has been poisoned!,has been poisoned!,pending,exe:blitz_string@0x1A1F78
[Save vs Toxins: FAILED!],[Save vs Toxins: FAILED!],pending,exe:blitz_string@0x1A1FAC
has been further poisoned!,has been further poisoned!,pending,exe:blitz_string@0x1A1FEC
is mortally poisoned...,is mortally poisoned...,pending,exe:blitz_string@0x1A2030
Blood,Blood,pending,exe:blitz_string@0x1A206C
has resisted the effects of poison!,has resisted the effects of poison!,pending,exe:blitz_string@0x1A2084
[Save vs Toxins: SUCCESS!],[Save vs Toxins: SUCCESS!],pending,exe:blitz_string@0x1A20D8 | exe:blitz_string@0x1A7520
You can now see creatures in the infrared spectrum.,You can now see creatures in the infrared spectrum.,pending,exe:blitz_string@0x1A211C
rounds.,rounds.,pending,exe:blitz_string@0x1A2190
You've have greatly enhanced Cartography skills for the next,You've have greatly enhanced Cartography skills for the next,pending,exe:blitz_string@0x1A21AC
SFX_Ping,SFX_Ping,pending,exe:blitz_string@0x1A2234
Sonic,Sonic,pending,exe:blitz_string@0x1A2250
Your Leatherskin effect has been neutralized.,Your Leatherskin effect has been neutralized.,pending,exe:blitz_string@0x1A2268
"Your flesh becomes hard like stone, yet you still feel light and nimble.","Your flesh becomes hard like stone, yet you still feel light and nimble.",pending,exe:blitz_string@0x1A22D0
is off-balance for one round.,is off-balance for one round.,pending,exe:blitz_string@0x1A236C
sfx_slip,sfx_slip,pending,exe:blitz_string@0x1A23B4
Your body has successfully neutralized the poisons in your bloodstream.,Your body has successfully neutralized the poisons in your bloodstream.,pending,exe:blitz_string@0x1A23D0
You must close your inventory before you can perform an attack or interact with someone.,You must close your inventory before you can perform an attack or interact with someone.,pending,exe:blitz_string@0x1A246C
Your target is obscured!,Your target is obscured!,pending,exe:blitz_string@0x1A2528
You have no arrows in your quiver!,You have no arrows in your quiver!,pending,exe:blitz_string@0x1A2564
Cannot hold a torch while using a bow!,Cannot hold a torch while using a bow!,pending,exe:blitz_string@0x1A25B4
You see a,You see a,pending,exe:blitz_string@0x1A260C
that has spotted you! It is currently out of your attack range.,that has spotted you! It is currently out of your attack range.,pending,exe:blitz_string@0x1A262C
that isn't aware of your presence. It is currently out of your attack range.,that isn't aware of your presence. It is currently out of your attack range.,pending,exe:blitz_string@0x1A26B8
This person is currently out of your attack range.,This person is currently out of your attack range.,pending,exe:blitz_string@0x1A2760
You cannot bash this object from this position.,You cannot bash this object from this position.,pending,exe:blitz_string@0x1A2838
Target is obscured!,Target is obscured!,pending,exe:blitz_string@0x1A28A4
Target is out of range!,Target is out of range!,pending,exe:blitz_string@0x1A28D8
gold pieces have been,gold pieces have been,pending,exe:blitz_string@0x1A2914
gold piece has been,gold piece has been,pending,exe:blitz_string@0x1A294C
SFX_Coins,SFX_Coins,pending,exe:blitz_string@0x1A2980
's inventory.,'s inventory.,pending,exe:blitz_string@0x1A29A0
removed from,removed from,pending,exe:blitz_string@0x1A29C8
added to,added to,pending,exe:blitz_string@0x1A29F0
Destroyer,Destroyer,pending,exe:blitz_string@0x1A2BA0
Agnostic,Agnostic,pending,exe:blitz_string@0x1A2BDC
Mercenary,Mercenary,pending,exe:blitz_string@0x1A2C80
Bard,Bard,pending,exe:blitz_string@0x1A2CA0
Sawbones,Sawbones,pending,exe:blitz_string@0x1A2CB4
Illusionist,Illusionist,pending,exe:blitz_string@0x1A2CD0
Naturalist,Naturalist,pending,exe:blitz_string@0x1A2CF4
Preserver,Preserver,pending,exe:blitz_string@0x1A2D14
Shadowlark,Shadowlark,pending,exe:blitz_string@0x1A2D34
True Druid,True Druid,pending,exe:blitz_string@0x1A2D54
Conjuror,Conjuror,pending,exe:blitz_string@0x1A2D74
Guardian,Guardian,pending,exe:blitz_string@0x1A2D90
Paladin,Paladin,pending,exe:blitz_string@0x1A2DAC
Rebel,Rebel,pending,exe:blitz_string@0x1A2DC8
Cleric,Cleric,pending,exe:blitz_string@0x1A2DE0
Mage,Mage,pending,exe:blitz_string@0x1A2DF8
Shepherd,Shepherd,pending,exe:blitz_string@0x1A2E0C
Berserker,Berserker,pending,exe:blitz_string@0x1A2E28
Assassin,Assassin,pending,exe:blitz_string@0x1A2E48
Warlock,Warlock,pending,exe:blitz_string@0x1A2E64
Necromancer,Necromancer,pending,exe:blitz_string@0x1A2E80
Blighter,Blighter,pending,exe:blitz_string@0x1A2EA4
Barbarian,Barbarian,pending,exe:blitz_string@0x1A2EC0
Thief,Thief,pending,exe:blitz_string@0x1A2EE0
Theurgist,Theurgist,pending,exe:blitz_string@0x1A2EF8
Mystic,Mystic,pending,exe:blitz_string@0x1A2F18
Vanquisher,Vanquisher,pending,exe:blitz_string@0x1A2F30
Supreme Archmaster,Supreme Archmaster,pending,exe:blitz_string@0x1A2F50
Archmaster,Archmaster,pending,exe:blitz_string@0x1A2F80
Grandmaster,Grandmaster,pending,exe:blitz_string@0x1A2FA0
Master,Master,pending,exe:blitz_string@0x1A2FC4
Specialist,Specialist,pending,exe:blitz_string@0x1A2FDC
Expert,Expert,pending,exe:blitz_string@0x1A2FFC
Adept Authority,Adept Authority,pending,exe:blitz_string@0x1A3014
Adept,Adept,pending,exe:blitz_string@0x1A3040
Headmaster Journeyman,Headmaster Journeyman,pending,exe:blitz_string@0x1A3058
Senior Journeyman,Senior Journeyman,pending,exe:blitz_string@0x1A3090
Journeyman,Journeyman,pending,exe:blitz_string@0x1A30C0
Senior Artisan,Senior Artisan,pending,exe:blitz_string@0x1A30E0
Artisan,Artisan,pending,exe:blitz_string@0x1A3108
Artisan Initiate,Artisan Initiate,pending,exe:blitz_string@0x1A3124
Yeoman,Yeoman,pending,exe:blitz_string@0x1A3150
Senior Apprentice,Senior Apprentice,pending,exe:blitz_string@0x1A3168
Apprentice,Apprentice,pending,exe:blitz_string@0x1A3198
Initiate,Initiate,pending,exe:blitz_string@0x1A31B8
Neophyte,Neophyte,pending,exe:blitz_string@0x1A31D4
Greenhorn,Greenhorn,pending,exe:blitz_string@0x1A31F0
Layman,Layman,pending,exe:blitz_string@0x1A3210
experience points.,experience points.,pending,exe:blitz_string@0x1A3228
SFX_Level,SFX_Level,pending,exe:blitz_string@0x1A326C
LEVEL UP! Click the flashing level icon to advance your level.,LEVEL UP! Click the flashing level icon to advance your level.,pending,exe:blitz_string@0x1A328C
Blue Sparkles,Blue Sparkles,pending,exe:blitz_string@0x1A3314
Hit Points (,Hit Points (,pending,exe:blitz_string@0x1A334C
Green Sparkles,Green Sparkles,pending,exe:blitz_string@0x1A33A0
Mana Points (,Mana Points (,pending,exe:blitz_string@0x1A33C8
incurred no fire damage.,incurred no fire damage.,pending,exe:blitz_string@0x1A33F0
[Save vs. Element: SUCCESS!],[Save vs. Element: SUCCESS!],pending,exe:blitz_string@0x1A3430
incurred no cold damage.,incurred no cold damage.,pending,exe:blitz_string@0x1A3478
incurred no electricity damage.,incurred no electricity damage.,pending,exe:blitz_string@0x1A34B8
incurred no magick damage.,incurred no magick damage.,pending,exe:blitz_string@0x1A3504
[Save vs. Magick: SUCCESS!],[Save vs. Magick: SUCCESS!],pending,exe:blitz_string@0x1A3548
points of,points of,pending,exe:blitz_string@0x1A358C
point of,point of,pending,exe:blitz_string@0x1A35B0
fire,fire,pending,exe:blitz_string@0x1A35D0
cold,cold,pending,exe:blitz_string@0x1A35E8
electric,electric,pending,exe:blitz_string@0x1A3600
magick,magick,pending,exe:blitz_string@0x1A3620
poison,poison,pending,exe:blitz_string@0x1A363C | exe:blitz_string@0x1AF910
Floatie,Floatie,pending,exe:blitz_string@0x1A3658
damage.,damage.,pending,exe:blitz_string@0x1A3674
suffers,suffers,pending,exe:blitz_string@0x1A3690
Gibs,Gibs,pending,exe:blitz_string@0x1A36B0
SFX_Hurt1,SFX_Hurt1,pending,exe:blitz_string@0x1A36C4
SFX_Hurt2,SFX_Hurt2,pending,exe:blitz_string@0x1A36E4
damage and dies!,damage and dies!,pending,exe:blitz_string@0x1A3704
is critically injured and attempts to flee!,is critically injured and attempts to flee!,pending,exe:blitz_string@0x1A3734
drop_loot,drop_loot,pending,exe:blitz_string@0x1A3798
drop_item (Arrow),drop_item (Arrow),pending,exe:blitz_string@0x1A37B8
drop_item (Flight Arrow),drop_item (Flight Arrow),pending,exe:blitz_string@0x1A37E8
drop_item (Ectoplasm),drop_item (Ectoplasm),pending,exe:blitz_string@0x1A3824
transmog,transmog,pending,exe:blitz_string@0x1A385C
Port,Port,pending,exe:blitz_string@0x1A3878 | exe:resource@0x54B18C:csv
drop_item (Silver Key) ; narrative 77,drop_item (Silver Key) ; narrative 77,pending,exe:blitz_string@0x1A388C
narrative 76,narrative 76,pending,exe:blitz_string@0x1A38E4
mo12_die,mo12_die,pending,exe:blitz_string@0x1A3908
under a portcullis!,under a portcullis!,pending,exe:blitz_string@0x1A3924
You've crushed a,You've crushed a,pending,exe:blitz_string@0x1A3958
You've crushed,You've crushed,pending,exe:blitz_string@0x1A3988
You are not currently poisoned. This has no effect on you.,You are not currently poisoned. This has no effect on you.,pending,exe:blitz_string@0x1A39C8
"The toxins in your bloodstream have been reduced, but you are still poisoned.","The toxins in your bloodstream have been reduced, but you are still poisoned.",pending,exe:blitz_string@0x1A3A48
You have removed all toxins from your bloodstream.,You have removed all toxins from your bloodstream.,pending,exe:blitz_string@0x1A3AF0
SFX_Bubble,SFX_Bubble,pending,exe:blitz_string@0x1A3B60
dehex,dehex,pending,exe:blitz_string@0x1A3B80
A curse has been lifted off of you!,A curse has been lifted off of you!,pending,exe:blitz_string@0x1A3B98
was eliminated from your body.,was eliminated from your body.,pending,exe:blitz_string@0x1A3BEC
The disease,The disease,pending,exe:blitz_string@0x1A3C38
". Try a stronger potion or spell, or seek help from a healer",". Try a stronger potion or spell, or seek help from a healer",pending,exe:blitz_string@0x1A3C5C
You have not been cured of the disease,You have not been cured of the disease,pending,exe:blitz_string@0x1A3CE0
SFX_Negative,SFX_Negative,pending,exe:blitz_string@0x1A3D3C
Demon,Demon,pending,exe:blitz_string@0x1A3FC8
Dart,Dart,pending,exe:blitz_string@0x1A3FE0
Spear,Spear,pending,exe:blitz_string@0x1A3FF4
Frost,Frost,pending,exe:blitz_string@0x1A400C
Poison,Poison,pending,exe:blitz_string@0x1A4024
FireDart,FireDart,pending,exe:blitz_string@0x1A403C
proj_arrow,proj_arrow,pending,exe:blitz_string@0x1A40A8
proj_firedart,proj_firedart,pending,exe:blitz_string@0x1A411C
proj_fireball,proj_fireball,pending,exe:blitz_string@0x1A4174
music/battle_loop.wav,music/battle_loop.wav,pending,exe:blitz_string@0x1A41D4
music/title.ogg,music/title.ogg,pending,exe:blitz_string@0x1A4214
Title Track,Title Track,pending,exe:blitz_string@0x1A4240
eschalon.cfg,eschalon.cfg,pending,exe:blitz_string@0x1A4264
Tactical Grid always on?,Tactical Grid always on?,pending,exe:blitz_string@0x1A4288
Graphics Detail Level,Graphics Detail Level,pending,exe:blitz_string@0x1A42C4
Show Compass Directions,Show Compass Directions,pending,exe:blitz_string@0x1A42FC
Show Phase of Day,Show Phase of Day,pending,exe:blitz_string@0x1A4338
Music Volume,Music Volume,pending,exe:blitz_string@0x1A4368
Atmosphere Volume,Atmosphere Volume,pending,exe:blitz_string@0x1A438C
Footsteps Volume,Footsteps Volume,pending,exe:blitz_string@0x1A43BC
Combat music during battles?,Combat music during battles?,pending,exe:blitz_string@0x1A43E8
Additional brightness,Additional brightness,pending,exe:blitz_string@0x1A442C
music/,music/,pending,exe:blitz_string@0x1A4464
sound/,sound/,pending,exe:blitz_string@0x1A44B0
sound/ATMOS_Night.wav,sound/ATMOS_Night.wav,pending,exe:blitz_string@0x1A44C8
SFX_CloseWin,SFX_CloseWin,pending,exe:blitz_string@0x1A45C8
Your inventory is full!,Your inventory is full!,pending,exe:blitz_string@0x1A45EC
added to inventory.,added to inventory.,pending,exe:blitz_string@0x1A4628
Unknown item added to inventory.,Unknown item added to inventory.,pending,exe:blitz_string@0x1A465C
Torch added to inventory.,Torch added to inventory.,pending,exe:blitz_string@0x1A46A8
SFX_Stash,SFX_Stash,pending,exe:blitz_string@0x1A46E8
14_basement,14_basement,pending,exe:blitz_string@0x1A4708
sfx_magic_activate,sfx_magic_activate,pending,exe:blitz_string@0x1A472C
"The portal nearby crackles with energy as the contents of the alembic activate each other, draining down a condensation tube into the floor.","The portal nearby crackles with energy as the contents of the alembic activate each other, draining down a condensation tube into the floor.",pending,exe:blitz_string@0x1A475C
SFX_Stats_Open,SFX_Stats_Open,pending,exe:blitz_string@0x1A4880
0.png,0.png,pending,exe:blitz_string@0x1A4950
.png,.png,pending,exe:blitz_string@0x1A4968
SFX_Stats_Close,SFX_Stats_Close,pending,exe:blitz_string@0x1A497C
Level:,Level:,pending,exe:blitz_string@0x1A49B8
the,the,pending,exe:blitz_string@0x1A49E4
SFX_OpenWin,SFX_OpenWin,pending,exe:blitz_string@0x1A4A60
returned to inventory.,returned to inventory.,pending,exe:blitz_string@0x1A4BAC
SFX_Magic,SFX_Magic,pending,exe:blitz_string@0x1A4C08
You can only place one item into each mixer slot. Right-click on this stack of items in the inventory window to pick up just one.,You can only place one item into each mixer slot. Right-click on this stack of items in the inventory window to pick up just one.,pending,exe:blitz_string@0x1A4C28
You can only put Reagents in this slot.,You can only put Reagents in this slot.,pending,exe:blitz_string@0x1A4D38
You can only put Reactants in this slot.,You can only put Reactants in this slot.,pending,exe:blitz_string@0x1A4D94
XXX,XXX,pending,exe:blitz_string@0x1A4DF0
Ok,Ok,pending,exe:blitz_string@0x1A4E04
You must place an item (such as an empty flask) in the Vessel slot before you can attempt to &MIX components.,You must place an item (such as an empty flask) in the Vessel slot before you can attempt to &MIX components.,pending,exe:blitz_string@0x1A4E14
You must place a ^Reagent in the Reagent Slot before attempting to &Mix components.,You must place a ^Reagent in the Reagent Slot before attempting to &Mix components.,pending,exe:blitz_string@0x1A4EFC
You must place a ^Reactant in the Reactant Slot before attempting to &Mix components.,You must place a ^Reactant in the Reactant Slot before attempting to &Mix components.,pending,exe:blitz_string@0x1A4FB0
Blast,Blast,pending,exe:blitz_string@0x1A52C4
SFX_Blast1,SFX_Blast1,pending,exe:blitz_string@0x1A52DC
Be careful what you are mixing!,Be careful what you are mixing!,pending,exe:blitz_string@0x1A52FC
SFX_Poison,SFX_Poison,pending,exe:blitz_string@0x1A5348
or higher to properly mix this potion.,or higher to properly mix this potion.,pending,exe:blitz_string@0x1A5368
...fizzle... You need an Alchemy Skill rating of,...fizzle... You need an Alchemy Skill rating of,pending,exe:blitz_string@0x1A53C4
SFX_Potion,SFX_Potion,pending,exe:blitz_string@0x1A5434
You have successfully refilled your lantern.,You have successfully refilled your lantern.,pending,exe:blitz_string@0x1A5454
sfx_positive,sfx_positive,pending,exe:blitz_string@0x1A54C8
This weapon has been imbued with additional damage!,This weapon has been imbued with additional damage!,pending,exe:blitz_string@0x1A54EC
This weapon has been enhanced to penetrate armor better!,This weapon has been enhanced to penetrate armor better!,pending,exe:blitz_string@0x1A5560
This armor has been imbued with additional protection!,This armor has been imbued with additional protection!,pending,exe:blitz_string@0x1A55DC
This item has already been imbued this way. Nothing more can be done with it.,This item has already been imbued this way. Nothing more can be done with it.,pending,exe:blitz_string@0x1A5654
You must hold down Left Shift to cast a spell on a non-hostile target.,You must hold down Left Shift to cast a spell on a non-hostile target.,pending,exe:blitz_string@0x1A56FC
You must be standing in a square adjacent to the target object to cast this spell.,You must be standing in a square adjacent to the target object to cast this spell.,pending,exe:blitz_string@0x1A5794
Unable to cast! The power of the spell exceeds your available Mana Points.,Unable to cast! The power of the spell exceeds your available Mana Points.,pending,exe:blitz_string@0x1A5844
SFX_SpellFail,SFX_SpellFail,pending,exe:blitz_string@0x1A58E4
This target is obscured!,This target is obscured!,pending,exe:blitz_string@0x1A590C
This spell must be cast on an inventory item.,This spell must be cast on an inventory item.,pending,exe:blitz_string@0x1A5948
"^pounds while casting. Remove items from your &PRIMARY &WEAPON, &SHIELD, or &GAUNTLETS slots then try casting again. ||Note: this is only a limitation imposed when NPCs or creatures are near.","^pounds while casting. Remove items from your &PRIMARY &WEAPON, &SHIELD, or &GAUNTLETS slots then try casting again. ||Note: this is only a limitation imposed when NPCs or creatures are near.",pending,exe:blitz_string@0x1A59B0
"Due to the somatic requirements of casting a spell and your current ^Strength, you are able to only hold ^","Due to the somatic requirements of casting a spell and your current ^Strength, you are able to only hold ^",pending,exe:blitz_string@0x1A5B3C
You must target an enemy or an object to cast this spell!,You must target an enemy or an object to cast this spell!,pending,exe:blitz_string@0x1A5C1C
SFX_Notice,SFX_Notice,pending,exe:blitz_string@0x1A5C9C
at level,at level,pending,exe:blitz_string@0x1A5CCC
] is required to cast,] is required to cast,pending,exe:blitz_string@0x1A5CEC
Divination skill of [,Divination skill of [,pending,exe:blitz_string@0x1A5D24
Elemental skill of [,Elemental skill of [,pending,exe:blitz_string@0x1A5D5C
Left-click to select a spell and casting level. Right-click on a Spell for a description.,Left-click to select a spell and casting level. Right-click on a Spell for a description.,pending,exe:blitz_string@0x1A5DEC
Hold down a number key (0-9) when clicking 'OK' to Quick Set your readied spell for faster retrieval.,Hold down a number key (0-9) when clicking 'OK' to Quick Set your readied spell for faster retrieval.,pending,exe:blitz_string@0x1A5EAC
has been un-readied.,has been un-readied.,pending,exe:blitz_string@0x1A5F84
Both a Spell and a Casting Level must be selected before the spell can be readied for use.,Both a Spell and a Casting Level must be selected before the spell can be readied for use.,pending,exe:blitz_string@0x1A5FBC
Portal Set,Portal Set,pending,exe:blitz_string@0x1A607C
Open Portal,Open Portal,pending,exe:blitz_string@0x1A609C
Set Anchor,Set Anchor,pending,exe:blitz_string@0x1A60C0
'. Do you wish to open a portal to that location or set a new anchor point? ||You may cancel this spell by pressing *ESC.,'. Do you wish to open a portal to that location or set a new anchor point? ||You may cancel this spell by pressing *ESC.,pending,exe:blitz_string@0x1A60E0
You are casting ^Portal. The slot you have selected has already been anchored in ',You are casting ^Portal. The slot you have selected has already been anchored in ',pending,exe:blitz_string@0x1A61E0
Portal Recall,Portal Recall,pending,exe:blitz_string@0x1A6290
]. Right-click to cast.,]. Right-click to cast.,pending,exe:blitz_string@0x1A62B8
has been readied in Quick Slot [,has been readied in Quick Slot [,pending,exe:blitz_string@0x1A62F4
", Level",", Level",pending,exe:blitz_string@0x1A6344
DI,DI,pending,exe:blitz_string@0x1A638C
EL,EL,pending,exe:blitz_string@0x1A639C
(Anchor not set),(Anchor not set),pending,exe:blitz_string@0x1A63AC
MagSparks,MagSparks,pending,exe:blitz_string@0x1A6628
energy,energy,pending,exe:blitz_string@0x1A6648
sfx_fleshboil,sfx_fleshboil,pending,exe:blitz_string@0x1A6660
SFX_Fire_Rush,SFX_Fire_Rush,pending,exe:blitz_string@0x1A6688
SFX_Freeze,SFX_Freeze,pending,exe:blitz_string@0x1A66B0
incbin::incbin/entities.csv,incbin::incbin/entities.csv,pending,exe:blitz_string@0x1A66D0
resources/incbin/entities.csv,resources/incbin/entities.csv,pending,exe:blitz_string@0x1A6714
Error: No entity file found!,Error: No entity file found!,pending,exe:blitz_string@0x1A675C
ACTION_MELEE,ACTION_MELEE,pending,exe:blitz_string@0x1A67A4 | exe:resource@0x54B18C:csv
ACTION_RANGED,ACTION_RANGED,pending,exe:blitz_string@0x1A67C8 | exe:resource@0x54B18C:csv
ACTION_BOW,ACTION_BOW,pending,exe:blitz_string@0x1A67F0 | exe:resource@0x54B18C:csv
ACTION_CAST,ACTION_CAST,pending,exe:blitz_string@0x1A6810 | exe:resource@0x54B18C:csv
MO,MO,pending,exe:blitz_string@0x1A6844
but failed.,but failed.,pending,exe:blitz_string@0x1A6854
Tried to load,Tried to load,pending,exe:blitz_string@0x1A6878
Projectile deflected by Air Shield!,Projectile deflected by Air Shield!,pending,exe:blitz_string@0x1A68A0
", Target stunned",", Target stunned",pending,exe:blitz_string@0x1A68F4
", Target off-balance",", Target off-balance",pending,exe:blitz_string@0x1A6924
", Target entangled",", Target entangled",pending,exe:blitz_string@0x1A695C
", Target invisible",", Target invisible",pending,exe:blitz_string@0x1A6990
", Target chameleoned",", Target chameleoned",pending,exe:blitz_string@0x1A69C4
", Point-blank shot with bow",", Point-blank shot with bow",pending,exe:blitz_string@0x1A69FC
", Long range attack",", Long range attack",pending,exe:blitz_string@0x1A6A44
", Extremely long range attack",", Extremely long range attack",pending,exe:blitz_string@0x1A6A7C
", Partial Blindness",", Partial Blindness",pending,exe:blitz_string@0x1A6AC8
", Target partially concealed by darkness",", Target partially concealed by darkness",pending,exe:blitz_string@0x1A6B00
", Target heavily concealed by darkness",", Target heavily concealed by darkness",pending,exe:blitz_string@0x1A6B60
", ToHit probability [",", ToHit probability [",pending,exe:blitz_string@0x1A6BC8
attacks,attacks,pending,exe:blitz_string@0x1A6C00
has successfully dodged the attack!,has successfully dodged the attack!,pending,exe:blitz_string@0x1A6C20
[ToHit Modifiers]:,[ToHit Modifiers]:,pending,exe:blitz_string@0x1A6C74
Your attack has no effect on this ethereal being. You must use a weapon or magickal enhancement capable of inflicting bonus damage.,Your attack has no effect on this ethereal being. You must use a weapon or magickal enhancement capable of inflicting bonus damage.,pending,exe:blitz_string@0x1A6CA8
combat_miss,combat_miss,pending,exe:blitz_string@0x1A6DBC
Miss!,Miss!,pending,exe:blitz_string@0x1A6DE0
"Hit, but no damage incurred.","Hit, but no damage incurred.",pending,exe:blitz_string@0x1A6E04
Dirt,Dirt,pending,exe:blitz_string@0x1A6E58
combat_sword_miss1,combat_sword_miss1,pending,exe:blitz_string@0x1A6E6C
combat_sword_miss2,combat_sword_miss2,pending,exe:blitz_string@0x1A6E9C
combat_range_miss,combat_range_miss,pending,exe:blitz_string@0x1A6ECC
combat_hit1,combat_hit1,pending,exe:blitz_string@0x1A6EFC
combat_hit2,combat_hit2,pending,exe:blitz_string@0x1A6F20
combat_hit3,combat_hit3,pending,exe:blitz_string@0x1A6F44
combat_hit5,combat_hit5,pending,exe:blitz_string@0x1A6F68
combat_hit6,combat_hit6,pending,exe:blitz_string@0x1A6F8C
combat_arrow_hit,combat_arrow_hit,pending,exe:blitz_string@0x1A6FB0
SFX_Fleshboil,SFX_Fleshboil,pending,exe:blitz_string@0x1A6FDC
sfx_blast1,sfx_blast1,pending,exe:blitz_string@0x1A7004
sfx_freeze,sfx_freeze,pending,exe:blitz_string@0x1A7024
sfx_bite,sfx_bite,pending,exe:blitz_string@0x1A7044
You have been seen hiding in the shadow!,You have been seen hiding in the shadow!,pending,exe:blitz_string@0x1A7060
HIT!  Damage Roll:,HIT!  Damage Roll:,pending,exe:blitz_string@0x1A70BC
[Enchanted Weapon Bonus],[Enchanted Weapon Bonus],pending,exe:blitz_string@0x1A7120
[Enkindled Weapon Bonus],[Enkindled Weapon Bonus],pending,exe:blitz_string@0x1A716C
"[Target Stunned, Damage Roll x2]","[Target Stunned, Damage Roll x2]",pending,exe:blitz_string@0x1A71B8
"[Nefarious Savage Attack, Damage Roll x2]","[Nefarious Savage Attack, Damage Roll x2]",pending,exe:blitz_string@0x1A7214
Power,Power,pending,exe:blitz_string@0x1A7280
sfx_power,sfx_power,pending,exe:blitz_string@0x1A7298
"[Critical Hit, Damage Roll x2]","[Critical Hit, Damage Roll x2]",pending,exe:blitz_string@0x1A72B8
"[Damage Reduction, Damaged Halved]","[Damage Reduction, Damaged Halved]",pending,exe:blitz_string@0x1A7314
sfx_polthit,sfx_polthit,pending,exe:blitz_string@0x1A7374
Sparks,Sparks,pending,exe:blitz_string@0x1A7398
enk,enk,pending,exe:blitz_string@0x1A73B0
has been injected with paralyzing toxins!,has been injected with paralyzing toxins!,pending,exe:blitz_string@0x1A73C4
You are paralyzed and cannot perform any actions!!,You are paralyzed and cannot perform any actions!!,pending,exe:blitz_string@0x1A7424
"was injected with paralyzing toxins, but resisted the effects!","was injected with paralyzing toxins, but resisted the effects!",pending,exe:blitz_string@0x1A7494
That was your last,That was your last,pending,exe:blitz_string@0x1A7574
SFX_Port_Up,SFX_Port_Up,pending,exe:blitz_string@0x1A75DC
SFX_Port_Down,SFX_Port_Down,pending,exe:blitz_string@0x1A7600
SFX_Door_Open,SFX_Door_Open,pending,exe:blitz_string@0x1A7628
SFX_Door_Close,SFX_Door_Close,pending,exe:blitz_string@0x1A7650
SFX_Lock_Open,SFX_Lock_Open,pending,exe:blitz_string@0x1A7678
SFX_Window,SFX_Window,pending,exe:blitz_string@0x1A76A0
SFX_Chest_Open,SFX_Chest_Open,pending,exe:blitz_string@0x1A76C0
SFX_Chest_Close,SFX_Chest_Close,pending,exe:blitz_string@0x1A76E8
SFX_Bash_Break,SFX_Bash_Break,pending,exe:blitz_string@0x1A7714
a broken object.,a broken object.,pending,exe:blitz_string@0x1A773C
a broken barrel.,a broken barrel.,pending,exe:blitz_string@0x1A7768
There appears to be something laying in the remains of the powder keg!,There appears to be something laying in the remains of the powder keg!,pending,exe:blitz_string@0x1A77AC
the remains of a blasted powder keg.,the remains of a blasted powder keg.,pending,exe:blitz_string@0x1A7844
Object is obscured.,Object is obscured.,pending,exe:blitz_string@0x1A7898
You see,You see,pending,exe:blitz_string@0x1A78CC
Time has erased what was once written here.,Time has erased what was once written here.,pending,exe:blitz_string@0x1A78E8
You are too far away to make out what it says. Move a little closer.,You are too far away to make out what it says. Move a little closer.,pending,exe:blitz_string@0x1A794C
Stinger Dart,Stinger Dart,pending,exe:blitz_string@0x1A79E0
Bixby's Noxious Cloud,Bixby's Noxious Cloud,pending,exe:blitz_string@0x1A7A04
Powder Blast,Powder Blast,pending,exe:blitz_string@0x1A7A3C
Festering Stew,Festering Stew,pending,exe:blitz_string@0x1A7A60
Naga Bite,Naga Bite,pending,exe:blitz_string@0x1A7A88
Acid Bath,Acid Bath,pending,exe:blitz_string@0x1A7AA8
Hellfire,Hellfire,pending,exe:blitz_string@0x1A7AC8
Plaguebath,Plaguebath,pending,exe:blitz_string@0x1A7AE4
% ||Are you sure you want to attempt to disarm this trap?,% ||Are you sure you want to attempt to disarm this trap?,pending,exe:blitz_string@0x1A7B04
|*Chance *of *successfull *disarm:,|*Chance *of *successfull *disarm:,pending,exe:blitz_string@0x1A7B84
^This ^object ^is ^trapped! ||*Trap *Name:,^This ^object ^is ^trapped! ||*Trap *Name:,pending,exe:blitz_string@0x1A7BD8
Developer Mode LOCKED OBJECT UNLOCKED!,Developer Mode LOCKED OBJECT UNLOCKED!,pending,exe:blitz_string@0x1A7C3C
SFX_Container_Latch,SFX_Container_Latch,pending,exe:blitz_string@0x1A7C94
[LOCKED] This is a slider lock that can't be picked. Move the slider to the proper pin to release the lock.,[LOCKED] This is a slider lock that can't be picked. Move the slider to the proper pin to release the lock.,pending,exe:blitz_string@0x1A7CC8
sfx_tumbler_fall,sfx_tumbler_fall,pending,exe:blitz_string@0x1A7DAC
Unlocked!,Unlocked!,pending,exe:blitz_string@0x1A7DD8
SFX_Container_Open,SFX_Container_Open,pending,exe:blitz_string@0x1A7DF8
You've selected the wrong locking pin.,You've selected the wrong locking pin.,pending,exe:blitz_string@0x1A7E28
[LOCKED] The rusted iron lock appears to be of a very simple design.,[LOCKED] The rusted iron lock appears to be of a very simple design.,pending,exe:blitz_string@0x1A7E80
"[LOCKED] It looks like a simple, iron notched-bolt lock.","[LOCKED] It looks like a simple, iron notched-bolt lock.",pending,exe:blitz_string@0x1A7F14
[LOCKED] It appears to be a quality warded lock made of iron.,[LOCKED] It appears to be a quality warded lock made of iron.,pending,exe:blitz_string@0x1A7F90
[LOCKED] It's an uncommon steel warded lock of somewhat complex design.,[LOCKED] It's an uncommon steel warded lock of somewhat complex design.,pending,exe:blitz_string@0x1A8018
[LOCKED] It looks like a fairly complex steel tumbler lock.,[LOCKED] It looks like a fairly complex steel tumbler lock.,pending,exe:blitz_string@0x1A80B4
[LOCKED] It looks like a very complex and rare steel tumbler lock.,[LOCKED] It looks like a very complex and rare steel tumbler lock.,pending,exe:blitz_string@0x1A8138
"[LOCKED] You believe it's a very rare, Dwarven-crafted tumbler lock.","[LOCKED] You believe it's a very rare, Dwarven-crafted tumbler lock.",pending,exe:blitz_string@0x1A81C8
[LOCKED] It looks like an unique Dwarven-crafted lock of magnificent design.,[LOCKED] It looks like an unique Dwarven-crafted lock of magnificent design.,pending,exe:blitz_string@0x1A825C
[LOCKED] You are perplexed by this lock of unknown design.,[LOCKED] You are perplexed by this lock of unknown design.,pending,exe:blitz_string@0x1A8300
"[LOCKED] You are bewildered by this wondrous lock of unknown design, which appears to be bound by Magick.","[LOCKED] You are bewildered by this wondrous lock of unknown design, which appears to be bound by Magick.",pending,exe:blitz_string@0x1A8380
"You have lockpicks in your inventory but you are unskilled in using them. To attempt to pick this lock, you must first learn the skill 'Pick Locks'.","You have lockpicks in your inventory but you are unskilled in using them. To attempt to pick this lock, you must first learn the skill 'Pick Locks'.",pending,exe:blitz_string@0x1A8460
^This ^door ^is ^locked and you have lockpicks in your inventory.,^This ^door ^is ^locked and you have lockpicks in your inventory.,pending,exe:blitz_string@0x1A8594
^This ^object ^is ^locked and you have lockpicks in your inventory.,^This ^object ^is ^locked and you have lockpicks in your inventory.,pending,exe:blitz_string@0x1A8624
% ||Do you want to make an attempt?,% ||Do you want to make an attempt?,pending,exe:blitz_string@0x1A86B8
||Your chance to successfully pick this lock: &,||Your chance to successfully pick this lock: &,pending,exe:blitz_string@0x1A870C
sound/trap_click.wav,sound/trap_click.wav,pending,exe:blitz_string@0x1A87C4
SFX_Disarm,SFX_Disarm,pending,exe:blitz_string@0x1A87F8
SFX_Disarm_Success,SFX_Disarm_Success,pending,exe:blitz_string@0x1A8818
Trap Disarmed!,Trap Disarmed!,pending,exe:blitz_string@0x1A8848
SFX_Disarm_Fail,SFX_Disarm_Fail,pending,exe:blitz_string@0x1A8870
FAILED!,FAILED!,pending,exe:blitz_string@0x1A889C
You do not have any lockpicks in your possession.,You do not have any lockpicks in your possession.,pending,exe:blitz_string@0x1A88B8
sound/sfx_tumbler_jiggle.wav,sound/sfx_tumbler_jiggle.wav,pending,exe:blitz_string@0x1A8958
Chance of success:,Chance of success:,pending,exe:blitz_string@0x1A89AC
SFX_Tumbler_Fall,SFX_Tumbler_Fall,pending,exe:blitz_string@0x1A89E0
You have failed to pick the lock on this attempt. Try again.,You have failed to pick the lock on this attempt. Try again.,pending,exe:blitz_string@0x1A8A0C
You broke a lockpick!,You broke a lockpick!,pending,exe:blitz_string@0x1A8A90
SFX_Lockpick,SFX_Lockpick,pending,exe:blitz_string@0x1A8AC8
quest 23 9,quest 23 9,pending,exe:blitz_string@0x1A8AFC
to,to,pending,exe:blitz_string@0x1A8B1C
quest 52 9,quest 52 9,pending,exe:blitz_string@0x1A8B2C
goblin_cit_l1,goblin_cit_l1,pending,exe:blitz_string@0x1A8B4C
quest 59 9,quest 59 9,pending,exe:blitz_string@0x1A8B74
SFX_EQP_ARMM,SFX_EQP_ARMM,pending,exe:blitz_string@0x1A8B94
A torch was removed from your inventory and placed in the sconce.,A torch was removed from your inventory and placed in the sconce.,pending,exe:blitz_string@0x1A8BB8
This corpse is rife with disease!,This corpse is rife with disease!,pending,exe:blitz_string@0x1A8C48
You cannot close the door because the doorway is blocked!,You cannot close the door because the doorway is blocked!,pending,exe:blitz_string@0x1A8C98
You are standing in the doorway and cannot close the door!,You are standing in the doorway and cannot close the door!,pending,exe:blitz_string@0x1A8D18
sfx_desert,sfx_desert,pending,exe:blitz_string@0x1A8D98
FireFly,FireFly,pending,exe:blitz_string@0x1A8DB8
SFX_Pullbow,SFX_Pullbow,pending,exe:blitz_string@0x1A8DD4
Fuel,Fuel,pending,exe:blitz_string@0x1A8DF8
Penatrator,Penatrator,pending,exe:blitz_string@0x1A8E24
SFX_Glass,SFX_Glass,pending,exe:blitz_string@0x1A8E44
CAST_DIV,CAST_DIV,pending,exe:blitz_string@0x1A8E64
SFX_CAST_ELEM,SFX_CAST_ELEM,pending,exe:blitz_string@0x1A8E80
[Point-blank casting FAILED!] You have been interrupted while casting this spell.,[Point-blank casting FAILED!] You have been interrupted while casting this spell.,pending,exe:blitz_string@0x1A8EA8
SFX_spellfail,SFX_spellfail,pending,exe:blitz_string@0x1A8F58
You walked into some Needle Brush!,You walked into some Needle Brush!,pending,exe:blitz_string@0x1A9014
narrative 52,narrative 52,pending,exe:blitz_string@0x1A9074
narrative 51,narrative 51,pending,exe:blitz_string@0x1A90A8
A trap has been sprung! [Stinger Dart],A trap has been sprung! [Stinger Dart],pending,exe:blitz_string@0x1A9104
SFX_Trap_Dart,SFX_Trap_Dart,pending,exe:blitz_string@0x1A915C
A trap has been sprung! [Bixby's Noxious Cloud],A trap has been sprung! [Bixby's Noxious Cloud],pending,exe:blitz_string@0x1A9184
A trap has been sprung! [Powder Blast],A trap has been sprung! [Powder Blast],pending,exe:blitz_string@0x1A91F0
[A trap has been sprung! [Festering Stew],[A trap has been sprung! [Festering Stew],pending,exe:blitz_string@0x1A9248
wet_trap,wet_trap,pending,exe:blitz_string@0x1A92A8
A trap has been sprung! [Naga Bite],A trap has been sprung! [Naga Bite],pending,exe:blitz_string@0x1A92C4
A trap has been sprung! [Acid Bath],A trap has been sprung! [Acid Bath],pending,exe:blitz_string@0x1A9318
A trap has been sprung! [Hellfire],A trap has been sprung! [Hellfire],pending,exe:blitz_string@0x1A936C
A trap has been sprung! [Plaguebath],A trap has been sprung! [Plaguebath],pending,exe:blitz_string@0x1A93BC
/ Level,/ Level,pending,exe:blitz_string@0x1A94DC
Readied Spell:,Readied Spell:,pending,exe:blitz_string@0x1A94FC
lbs,lbs,pending,exe:blitz_string@0x1A9538
Unskilled Weapon Penalty,Unskilled Weapon Penalty,pending,exe:blitz_string@0x1A9584
Unskilled Armor Penalty,Unskilled Armor Penalty,pending,exe:blitz_string@0x1A95C0
Encumbered,Encumbered,pending,exe:blitz_string@0x1A95FC
Overburdened,Overburdened,pending,exe:blitz_string@0x1A961C
Hidden in shadow,Hidden in shadow,pending,exe:blitz_string@0x1A9640
Silent,Silent,pending,exe:blitz_string@0x1A966C
Diseased:,Diseased:,pending,exe:blitz_string@0x1A9684
You have used up a torch.,You have used up a torch.,pending,exe:blitz_string@0x1A9724
Your lantern has run out of oil.,Your lantern has run out of oil.,pending,exe:blitz_string@0x1A9764
Quest,Quest,pending,exe:blitz_string@0x1A97B0
A quest has been added to your journal!,A quest has been added to your journal!,pending,exe:blitz_string@0x1A97C8
Your actions have gained you experience!,Your actions have gained you experience!,pending,exe:blitz_string@0x1A9824
[Quest Complete] : ',[Quest Complete] : ',pending,exe:blitz_string@0x1A9890
Quest_fin,Quest_fin,pending,exe:blitz_string@0x1A98C4
SFX_Hurt3,SFX_Hurt3,pending,exe:blitz_string@0x1A98E4
music/death.ogg,music/death.ogg,pending,exe:blitz_string@0x1A99D8
Death Track,Death Track,pending,exe:blitz_string@0x1A9A04
Press any key to continue.,Press any key to continue.,pending,exe:blitz_string@0x1A9A3C
You are currently holding an item. It will be lost forever if you do not return it to inventory before saving!,You are currently holding an item. It will be lost forever if you do not return it to inventory before saving!,pending,exe:blitz_string@0x1A9A7C
Failed to read save slot #,Failed to read save slot #,pending,exe:blitz_string@0x1A9BB0
savename,savename,pending,exe:blitz_string@0x1A9BF0
EMPTY,EMPTY,pending,exe:blitz_string@0x1A9C0C
QuickSave,QuickSave,pending,exe:blitz_string@0x1A9C24
/savename,/savename,pending,exe:blitz_string@0x1A9C44
OK,OK,pending,exe:blitz_string@0x1A9C74
You cannot delete the QuickSave slot. Left-click to save over it.,You cannot delete the QuickSave slot. Left-click to save over it.,pending,exe:blitz_string@0x1A9C84
Are you sure you wish to delete the saved game ',Are you sure you wish to delete the saved game ',pending,exe:blitz_string@0x1A9D24
Error encountered while deleting saved game.,Error encountered while deleting saved game.,pending,exe:blitz_string@0x1A9D90
SFX_Scribble1,SFX_Scribble1,pending,exe:blitz_string@0x1A9DF4
SFX_Scribble2,SFX_Scribble2,pending,exe:blitz_string@0x1A9E1C
ERROR SAVING GAME! The system encountered an error. Try saving again. Error CREDIR,ERROR SAVING GAME! The system encountered an error. Try saving again. Error CREDIR,pending,exe:blitz_string@0x1A9E44
ERROR SAVING GAME! The system encountered an error. Try saving again. Error DELDIR.,ERROR SAVING GAME! The system encountered an error. Try saving again. Error DELDIR.,pending,exe:blitz_string@0x1A9EF4
tmp/savename,tmp/savename,pending,exe:blitz_string@0x1A9FA8
tmp/char,tmp/char,pending,exe:blitz_string@0x1A9FCC
hours.,hours.,pending,exe:blitz_string@0x1A9FEC
' successfully saved. Total time played with this character:,' successfully saved. Total time played with this character:,pending,exe:blitz_string@0x1AA008
Game ',Game ',pending,exe:blitz_string@0x1AA090
Damn it!,Damn it!,pending,exe:blitz_string@0x1AA0A8
We're sorry. It appears an ERROR has occured when attemptng to save your game. Try saving it to a different slot.,We're sorry. It appears an ERROR has occured when attemptng to save your game. Try saving it to a different slot.,pending,exe:blitz_string@0x1AA0C4
ERROR WHEN ATTEMPTING TO SAVE GAME!!,ERROR WHEN ATTEMPTING TO SAVE GAME!!,pending,exe:blitz_string@0x1AA1B4
ERROR 101: couldn't initialize cache directory.,ERROR 101: couldn't initialize cache directory.,pending,exe:blitz_string@0x1AA208
ERROR 102: couldn't initialize cache directory.,ERROR 102: couldn't initialize cache directory.,pending,exe:blitz_string@0x1AA274
35_cellar,35_cellar,pending,exe:blitz_string@0x1AA324
35_L2,35_L2,pending,exe:blitz_string@0x1AA344
25_basement,25_basement,pending,exe:blitz_string@0x1AA35C
25_crypt,25_crypt,pending,exe:blitz_string@0x1AA390
There has been a critical error trying to load this game! This saved position is outside the demo area.,There has been a critical error trying to load this game! This saved position is outside the demo area.,pending,exe:blitz_string@0x1AA3AC
A custom portrait was assigned to this character but cannot be found. The game will use a default portrait instead.,A custom portrait was assigned to this character but cannot be found. The game will use a default portrait instead.,pending,exe:blitz_string@0x1AA488
The custom portrait for this character is not the proper size (60 x 60 pixels). The game will use a default portrait instead.,The custom portrait for this character is not the proper size (60 x 60 pixels). The game will use a default portrait instead.,pending,exe:blitz_string@0x1AA57C
' has loaded successfully. Total play time with this character:,' has loaded successfully. Total play time with this character:,pending,exe:blitz_string@0x1AA688
The area beyond exists only in the full version of Eschalon: Book I.,The area beyond exists only in the full version of Eschalon: Book I.,pending,exe:blitz_string@0x1AA714
Go to www.basiliskgames.com to purchase the full version and continue your adventure today!,Go to www.basiliskgames.com to purchase the full version and continue your adventure today!,pending,exe:blitz_string@0x1AA7A8
data/,data/,pending,exe:blitz_string@0x1AA86C
.map' was not found!,.map' was not found!,pending,exe:blitz_string@0x1AA884
Critical error... ',Critical error... ',pending,exe:blitz_string@0x1AA8B8
sound/local_tavern.wav,sound/local_tavern.wav,pending,exe:blitz_string@0x1AA914
sound/local_temple.wav,sound/local_temple.wav,pending,exe:blitz_string@0x1AA94C
sound/local_gap_rumble.wav,sound/local_gap_rumble.wav,pending,exe:blitz_string@0x1AA984
sound/local_river.wav,sound/local_river.wav,pending,exe:blitz_string@0x1AA9C4
sound/local_magick.wav,sound/local_magick.wav,pending,exe:blitz_string@0x1AA9FC
sound/local_blacksmith.wav,sound/local_blacksmith.wav,pending,exe:blitz_string@0x1AAA34
sound/local_swamp.wav,sound/local_swamp.wav,pending,exe:blitz_string@0x1AAA74
sound/local_town.wav,sound/local_town.wav,pending,exe:blitz_string@0x1AAAAC
sound/local_waterfall.wav,sound/local_waterfall.wav,pending,exe:blitz_string@0x1AAAE0
Entering ',Entering ',pending,exe:blitz_string@0x1AAB50
Helpful playing tip: ||Eschalon's game world operates on *Turns. Nothing happens until you take a step or perform an action. Learn to use this to your advantage!,Helpful playing tip: ||Eschalon's game world operates on *Turns. Nothing happens until you take a step or perform an action. Learn to use this to your advantage!,pending,exe:blitz_string@0x1AAB70
"Helpful playing tip: ||Torches on walls can be taken, so don't get caught in the dark without any extras!","Helpful playing tip: ||Torches on walls can be taken, so don't get caught in the dark without any extras!",pending,exe:blitz_string@0x1AACC0
"Helpful playing tip: ||Click on the Automap window to see the locations you can Quick Travel to. To activate each location, you must travel there and &touch the local marker for that area. After that, you can Quick Travel back so long as you are not in a dungeon or with enemies nearby.","Helpful playing tip: ||Click on the Automap window to see the locations you can Quick Travel to. To activate each location, you must travel there and &touch the local marker for that area. After that, you can Quick Travel back so long as you are not in a dungeon or with enemies nearby.",pending,exe:blitz_string@0x1AADA0
"Helpful playing tip: ||When you ready a spell in your Spell Journal, you can hold down a number key 1-5 when you press 'OK' to *Quick *Set that spell. Then you can recall the spell later by just pressing the corresponding number.","Helpful playing tip: ||When you ready a spell in your Spell Journal, you can hold down a number key 1-5 when you press 'OK' to *Quick *Set that spell. Then you can recall the spell later by just pressing the corresponding number.",pending,exe:blitz_string@0x1AAFE8
"Helpful playing tip: ||Wearing a piece of armor without being skilled in the appropriate category still gives you some physical protection, but it reduces your ToHit accuracy and the defensive bonuses you may have acquired through your ^Dexterity and ^Speed.","Helpful playing tip: ||Wearing a piece of armor without being skilled in the appropriate category still gives you some physical protection, but it reduces your ToHit accuracy and the defensive bonuses you may have acquired through your ^Dexterity and ^Speed.",pending,exe:blitz_string@0x1AB1C0
Helpful playing tip: ||The &3rd &mouse &button or the &W key will enable Walk Lock. Your character will walk in the direction of the cursor arrow until you press any key.,Helpful playing tip: ||The &3rd &mouse &button or the &W key will enable Walk Lock. Your character will walk in the direction of the cursor arrow until you press any key.,pending,exe:blitz_string@0x1AB3D0
"Helpful playing tip: ||When you discover a locked object, any keys in your inventory are tried on the lock. If you have the proper key, the lock will release auto- matically. If you have lockpicks in your inventory, you will be given the option to pick the lock.","Helpful playing tip: ||When you discover a locked object, any keys in your inventory are tried on the lock. If you have the proper key, the lock will release auto- matically. If you have lockpicks in your inventory, you will be given the option to pick the lock.",pending,exe:blitz_string@0x1AB530
Helpful playing tip: ||Hold down the &Left &Shift button while left-clicking on a highlighted object to bash it with your currently held weapon. It's just another way to open locked chests and doors!,Helpful playing tip: ||Hold down the &Left &Shift button while left-clicking on a highlighted object to bash it with your currently held weapon. It's just another way to open locked chests and doors!,pending,exe:blitz_string@0x1AB748
Helpful playing tip: ||To cast a *Readied *Spell you must &Right-Click the target. Mac users with one mouse button can hold down the &Left &Control button while clicking.,Helpful playing tip: ||To cast a *Readied *Spell you must &Right-Click the target. Mac users with one mouse button can hold down the &Left &Control button while clicking.,pending,exe:blitz_string@0x1AB8E4
Helpful playing tip: ||Even the best Mage can't rely on Magick all the time. Consider a minor skill using a melee weapon for when your magick fails you.,Helpful playing tip: ||Even the best Mage can't rely on Magick all the time. Consider a minor skill using a melee weapon for when your magick fails you.,pending,exe:blitz_string@0x1ABA44
"Helpful playing tip: ||When you see *Silent in the Active Effects window that means no other creature can currently hear you. If you want to reduce the distance at which others can hear you, increase your ^Move ^Silent skill or stand still by pressing the &Space bar.","Helpful playing tip: ||When you see *Silent in the Active Effects window that means no other creature can currently hear you. If you want to reduce the distance at which others can hear you, increase your ^Move ^Silent skill or stand still by pressing the &Space bar.",pending,exe:blitz_string@0x1ABB80
"Helpful playing tip: ||Demon Oil is a multi-purpose tool...you can injure enemies with it, create barriers of fire, or use it to destroy doors and chests!","Helpful playing tip: ||Demon Oil is a multi-purpose tool...you can injure enemies with it, create barriers of fire, or use it to destroy doors and chests!",pending,exe:blitz_string@0x1ABDA4
"Helpful playing tip: ||To rid yourself of an inventory item, you can pick it up from your inventory and drop it into the game window. However, you can also save items by placing them in chests. They will be safe until you return to retrieve them.","Helpful playing tip: ||To rid yourself of an inventory item, you can pick it up from your inventory and drop it into the game window. However, you can also save items by placing them in chests. They will be safe until you return to retrieve them.",pending,exe:blitz_string@0x1ABEE4
"Helpful playing tip: ||Bashing objects is very hard on your weapons. Anytime you bash an object you run the slight risk of destroying your weapon in the process, so don't use your expensive weapons to do the job!","Helpful playing tip: ||Bashing objects is very hard on your weapons. Anytime you bash an object you run the slight risk of destroying your weapon in the process, so don't use your expensive weapons to do the job!",pending,exe:blitz_string@0x1AC0DC
Helpful playing tip: ||A spell or potion granting you ^Cats ^Eyes allows you to see in the dark without producing any light. It's perfect for when you are trying to be stealthy.,Helpful playing tip: ||A spell or potion granting you ^Cats ^Eyes allows you to see in the dark without producing any light. It's perfect for when you are trying to be stealthy.,pending,exe:blitz_string@0x1AC290
"Helpful playing tip: ||To make ^Hide ^in ^Shadows more effective, stay next to a wall or in a corner surrounded by several walls; this will increase the effect of the Skill. Being surrounded by many trees, especially at night, will also increase the effect of the Skill dramatically.","Helpful playing tip: ||To make ^Hide ^in ^Shadows more effective, stay next to a wall or in a corner surrounded by several walls; this will increase the effect of the Skill. Being surrounded by many trees, especially at night, will also increase the effect of the Skill dramatically.",pending,exe:blitz_string@0x1AC400
"Helpful playing tip: ||Maximum Weapon Damage is calculated from the weapon itself and your skill with it, as well as certain physical Attributes as follows: Bows use ^Dexterity and ^Concentration; Thrown weapons use ^Strength and ^Dexterity; Melee Weapons use ^Strength and ^Speed.","Helpful playing tip: ||Maximum Weapon Damage is calculated from the weapon itself and your skill with it, as well as certain physical Attributes as follows: Bows use ^Dexterity and ^Concentration; Thrown weapons use ^Strength and ^Dexterity; Melee Weapons use ^Strength and ^Speed.",pending,exe:blitz_string@0x1AC644
"Helpful playing tip: ||*Mana *Points recover more quickly than *Hit *Points, but if you depend on spells for your survival it's smart to keep a few Mana Potions on hand for instant mana rejunvination.","Helpful playing tip: ||*Mana *Points recover more quickly than *Hit *Points, but if you depend on spells for your survival it's smart to keep a few Mana Potions on hand for instant mana rejunvination.",pending,exe:blitz_string@0x1AC884
Helpful playing tip: ||Press the &Tab key to display the tactical grid and highlight enemies that may be hidden behind walls.,Helpful playing tip: ||Press the &Tab key to display the tactical grid and highlight enemies that may be hidden behind walls.,pending,exe:blitz_string@0x1ACA20
"Helpful playing tip: ||A switch can be flipped at a distance by throwing something at it, or hitting it with a spell that can damage map objects. Remember, this is the same as bashing, so hold down the &Left &Shift ket to target it.","Helpful playing tip: ||A switch can be flipped at a distance by throwing something at it, or hitting it with a spell that can damage map objects. Remember, this is the same as bashing, so hold down the &Left &Shift ket to target it.",pending,exe:blitz_string@0x1ACB28
Exit,Exit,pending,exe:blitz_string@0x1ACD04
Next Tip,Next Tip,pending,exe:blitz_string@0x1ACD18
This seems to be a very rare or unique potions. It's effects are unknown.,This seems to be a very rare or unique potions. It's effects are unknown.,pending,exe:blitz_string@0x1ACD34
Grants the drinker cat-like eyesight to see in the darkest of conditions. Effect lasts 200 rounds.,Grants the drinker cat-like eyesight to see in the darkest of conditions. Effect lasts 200 rounds.,pending,exe:blitz_string@0x1ACDD4
"Causes the skin of the drinker to become thick and leathery, increasing Armor Rating +2 and reducing the effects of physical damage. Effect lasts 100 rounds.","Causes the skin of the drinker to become thick and leathery, increasing Armor Rating +2 and reducing the effects of physical damage. Effect lasts 100 rounds.",pending,exe:blitz_string@0x1ACEA4
"Causes the drinker to move at increased speed, allowing an extra action per round. The duration is 30 rounds.","Causes the drinker to move at increased speed, allowing an extra action per round. The duration is 30 rounds.",pending,exe:blitz_string@0x1ACFEC
Heals physical wounds when drank. Restores +15 Hit Points.,Heals physical wounds when drank. Restores +15 Hit Points.,pending,exe:blitz_string@0x1AD0D4
Restores +15 Mana points when drank.,Restores +15 Mana points when drank.,pending,exe:blitz_string@0x1AD154
"This serum cures common diseases such as Dungeon Fever, Rusty Knuckles, and Eye Fungus.","This serum cures common diseases such as Dungeon Fever, Rusty Knuckles, and Eye Fungus.",pending,exe:blitz_string@0x1AD1A8
"This serum cures serious diseases such as Blister Pox, Insanity Fever, and Fleshrot.","This serum cures serious diseases such as Blister Pox, Insanity Fever, and Fleshrot.",pending,exe:blitz_string@0x1AD264
"Grants the drinker increased protection from elements, magick, disease and toxins. This protection lasts 120 rounds.","Grants the drinker increased protection from elements, magick, disease and toxins. This protection lasts 120 rounds.",pending,exe:blitz_string@0x1AD318
Heals physical wounds when drank. Restores +40 Hit Points.,Heals physical wounds when drank. Restores +40 Hit Points.,pending,exe:blitz_string@0x1AD40C
This serum removes most poisons and toxins from the drinker's bloodstream.,This serum removes most poisons and toxins from the drinker's bloodstream.,pending,exe:blitz_string@0x1AD48C
This potion grants the drinker +15 points of Strength for 120 rounds.,This potion grants the drinker +15 points of Strength for 120 rounds.,pending,exe:blitz_string@0x1AD52C
Restores +40 Mana points when drank.,Restores +40 Mana points when drank.,pending,exe:blitz_string@0x1AD5C4
"This potion grants the drinker steadfast eyesight and concentration, which gives him +8 ToHit abililty. Effect lasts 100 rounds.","This potion grants the drinker steadfast eyesight and concentration, which gives him +8 ToHit abililty. Effect lasts 100 rounds.",pending,exe:blitz_string@0x1AD618
"When drank, this potion allows a caster to use only half the amount of Mana normally spent when casting a spell. The effect only lasts 10 rounds.","When drank, this potion allows a caster to use only half the amount of Mana normally spent when casting a spell. The effect only lasts 10 rounds.",pending,exe:blitz_string@0x1AD724
"Causes the skin of the user to become thick and leathery, increasing Armor Rating +4 and reducing the effects of physical damage. Effect lasts 100 rounds.","Causes the skin of the user to become thick and leathery, increasing Armor Rating +4 and reducing the effects of physical damage. Effect lasts 100 rounds.",pending,exe:blitz_string@0x1AD854
This potion grants the drinker +15 points of Dexterity. The effect lasts 120 rounds.,This potion grants the drinker +15 points of Dexterity. The effect lasts 120 rounds.,pending,exe:blitz_string@0x1AD994
"Causes the drinker to move at increased speed, allowing an extra action per round. The duration is 40 rounds.","Causes the drinker to move at increased speed, allowing an extra action per round. The duration is 40 rounds.",pending,exe:blitz_string@0x1ADA48
Causes the drinker to become completely invisibile. The duration is 10 rounds.,Causes the drinker to become completely invisibile. The duration is 10 rounds.,pending,exe:blitz_string@0x1ADB30
Heals physical wounds when drank. Restores +100 Hit Points.,Heals physical wounds when drank. Restores +100 Hit Points.,pending,exe:blitz_string@0x1ADBD8
"This potion causes the skin of the drinker to become hard like stone, increasing his Armor Rating +8 and reducing the effects of physical damage. The duration is 160 rounds.","This potion causes the skin of the drinker to become hard like stone, increasing his Armor Rating +8 and reducing the effects of physical damage. The duration is 160 rounds.",pending,exe:blitz_string@0x1ADC5C
"Causes the drinker to move at increased speed, allowing an extra action per round. The duration is 50 rounds.","Causes the drinker to move at increased speed, allowing an extra action per round. The duration is 50 rounds.",pending,exe:blitz_string@0x1ADDC4
Causes the drinker to become completely invisibile. The duration is 20 rounds.,Causes the drinker to become completely invisibile. The duration is 20 rounds.,pending,exe:blitz_string@0x1ADEAC
Causes the drinker to become completely invisibile. The duration is 30 rounds.,Causes the drinker to become completely invisibile. The duration is 30 rounds.,pending,exe:blitz_string@0x1ADF54
Restores +100 Mana points when drank.,Restores +100 Mana points when drank.,pending,exe:blitz_string@0x1ADFFC
"Causes the skin of the user to become thick and leathery, increasing Armor Rating +6 and reducing the effects of physical damage. Effect lasts 100 rounds.","Causes the skin of the user to become thick and leathery, increasing Armor Rating +6 and reducing the effects of physical damage. Effect lasts 100 rounds.",pending,exe:blitz_string@0x1AE054
Your inventory is too heavy...you cannot move!,Your inventory is too heavy...you cannot move!,pending,exe:blitz_string@0x1AE194
Strength,Strength,pending,exe:blitz_string@0x1AE200
Dexterity,Dexterity,pending,exe:blitz_string@0x1AE21C
Endurance,Endurance,pending,exe:blitz_string@0x1AE23C
Speed,Speed,pending,exe:blitz_string@0x1AE25C
Intelligence,Intelligence,pending,exe:blitz_string@0x1AE274
Wisdom,Wisdom,pending,exe:blitz_string@0x1AE298
Perception,Perception,pending,exe:blitz_string@0x1AE2B0
Concentration,Concentration,pending,exe:blitz_string@0x1AE2D0
n/a,n/a,pending,exe:blitz_string@0x1AE2F8
Amulet,Amulet,pending,exe:blitz_string@0x1AE31C
Ring,Ring,pending,exe:blitz_string@0x1AE334
Key,Key,pending,exe:blitz_string@0x1AE348
Miscellaneous,Miscellaneous,pending,exe:blitz_string@0x1AE35C
Potion,Potion,pending,exe:blitz_string@0x1AE384
Gem,Gem,pending,exe:blitz_string@0x1AE39C
Lockpick,Lockpick,pending,exe:blitz_string@0x1AE3B0
Reagent,Reagent,pending,exe:blitz_string@0x1AE3CC
Reactant,Reactant,pending,exe:blitz_string@0x1AE3E8
Consumable,Consumable,pending,exe:blitz_string@0x1AE404
Special,Special,pending,exe:blitz_string@0x1AE424
Gravedigger's Light,Gravedigger's Light,pending,exe:blitz_string@0x1AE440
Resist Elements +20%,Resist Elements +20%,pending,exe:blitz_string@0x1AE474
Resist Toxins +20%,Resist Toxins +20%,pending,exe:blitz_string@0x1AE4A8
Resist Magick +20%,Resist Magick +20%,pending,exe:blitz_string@0x1AE4D8
Resist Disease +20%,Resist Disease +20%,pending,exe:blitz_string@0x1AE508
Unknown,Unknown,pending,exe:blitz_string@0x1AE54C
Category:,Category:,pending,exe:blitz_string@0x1AE568 | exe:blitz_string@0x1AE588
Charges:,Charges:,pending,exe:blitz_string@0x1AE5A8
Turns Remaining:,Turns Remaining:,pending,exe:blitz_string@0x1AE5C8
[Attribute],[Attribute],pending,exe:blitz_string@0x1AE5F8
Base Damage:,Base Damage:,pending,exe:blitz_string@0x1AE61C
Base Armor Rating:,Base Armor Rating:,pending,exe:blitz_string@0x1AE644
Hit Points,Hit Points,pending,exe:blitz_string@0x1AE678
Mana Points,Mana Points,pending,exe:blitz_string@0x1AE69C
ToHit,ToHit,pending,exe:blitz_string@0x1AE6C0
Damage,Damage,pending,exe:blitz_string@0x1AE6D8
Armor Rating,Armor Rating,pending,exe:blitz_string@0x1AE6F4
Weight:,Weight:,pending,exe:blitz_string@0x1AE71C | exe:blitz_string@0x1AE738
Value:,Value:,pending,exe:blitz_string@0x1AE754 | exe:blitz_string@0x1AE770
Merchant's Price:,Merchant's Price:,pending,exe:blitz_string@0x1AE788 | exe:blitz_string@0x1AE7B8
Value: ?,Value: ?,pending,exe:blitz_string@0x1AE7E8
USE,USE,pending,exe:blitz_string@0x1AE804
READ,READ,pending,exe:blitz_string@0x1AE818
MIX,MIX,pending,exe:blitz_string@0x1AE82C
CONSUME,CONSUME,pending,exe:blitz_string@0x1AE840
DRINK,DRINK,pending,exe:blitz_string@0x1AE85C
Right-click to,Right-click to,pending,exe:blitz_string@0x1AE874 | exe:blitz_string@0x1AE8A0
Rarity:,Rarity:,pending,exe:blitz_string@0x1AE8C8
SFX_Key_Punch,SFX_Key_Punch,pending,exe:blitz_string@0x1AE950
Press any key for next page...,Press any key for next page...,pending,exe:blitz_string@0x1AEA04
Press any key to close your Quest Journal,Press any key to close your Quest Journal,pending,exe:blitz_string@0x1AEA4C
It is too dangerous to Quick Travel within Crakamir. You must make your way to the Southern Gate or use a Goblin teleporter.,It is too dangerous to Quick Travel within Crakamir. You must make your way to the Southern Gate or use a Goblin teleporter.,pending,exe:blitz_string@0x1AEADC
You cannot Quick Travel while carrying the Ceramic Crucible.,You cannot Quick Travel while carrying the Ceramic Crucible.,pending,exe:blitz_string@0x1AEBE0
You cannot Quick Travel while inside a dungeon. Find the exit and then you may Quick Travel.,You cannot Quick Travel while inside a dungeon. Find the exit and then you may Quick Travel.,pending,exe:blitz_string@0x1AEC64
You cannot Quick Travel when enemies are near!,You cannot Quick Travel when enemies are near!,pending,exe:blitz_string@0x1AED28
You cannot Quick Travel when you are overburdened!,You cannot Quick Travel when you are overburdened!,pending,exe:blitz_string@0x1AED90
You cannot Quick Travel while poisoned! Seek aid before traveling.,You cannot Quick Travel while poisoned! Seek aid before traveling.,pending,exe:blitz_string@0x1AEE00
Aridell,Aridell,pending,exe:blitz_string@0x1AEE90
Bordertown,Bordertown,pending,exe:blitz_string@0x1AEEAC
Grimmhold East,Grimmhold East,pending,exe:blitz_string@0x1AEECC
Grimmhold West,Grimmhold West,pending,exe:blitz_string@0x1AEEF4
Blackwater,Blackwater,pending,exe:blitz_string@0x1AEF1C
Vela,Vela,pending,exe:blitz_string@0x1AEF4C
Loneloft,Loneloft,pending,exe:blitz_string@0x1AEF60
Tangletree Ossuary,Tangletree Ossuary,pending,exe:blitz_string@0x1AEF8C
sfx_qt,sfx_qt,pending,exe:blitz_string@0x1AEFCC
Quick Traveling to,Quick Traveling to,pending,exe:blitz_string@0x1AEFF8
resources/incbin/narrative.txt,resources/incbin/narrative.txt,pending,exe:blitz_string@0x1AF02C
resources/incbin/books.txt,resources/incbin/books.txt,pending,exe:blitz_string@0x1AF074
incbin::incbin/narrative.txt,incbin::incbin/narrative.txt,pending,exe:blitz_string@0x1AF0B4
incbin::incbin/books.txt,incbin::incbin/books.txt,pending,exe:blitz_string@0x1AF0F8
SFX_Narration,SFX_Narration,pending,exe:blitz_string@0x1AF178
MORE,MORE,pending,exe:blitz_string@0x1AF1A8
of,of,pending,exe:blitz_string@0x1AF1BC
Script Error!,Script Error!,pending,exe:blitz_string@0x1AF230
activate_qt,activate_qt,pending,exe:blitz_string@0x1AF258
add_gold,add_gold,pending,exe:blitz_string@0x1AF27C
alert_npcs,alert_npcs,pending,exe:blitz_string@0x1AF298
all_quests,all_quests,pending,exe:blitz_string@0x1AF2B8
areacheck,areacheck,pending,exe:blitz_string@0x1AF2D8
book,book,pending,exe:blitz_string@0x1AF2F8
cleric_heal,cleric_heal,pending,exe:blitz_string@0x1AF330
close_door,close_door,pending,exe:blitz_string@0x1AF354
close_port,close_port,pending,exe:blitz_string@0x1AF374
commit_crime,commit_crime,pending,exe:blitz_string@0x1AF394
condition,condition,pending,exe:blitz_string@0x1AF3B8
cond_detected,cond_detected,pending,exe:blitz_string@0x1AF3D8
cond_gold,cond_gold,pending,exe:blitz_string@0x1AF400
cond_health,cond_health,pending,exe:blitz_string@0x1AF420
cond_item,cond_item,pending,exe:blitz_string@0x1AF444
cond_mana,cond_mana,pending,exe:blitz_string@0x1AF464
cond_not_quest,cond_not_quest,pending,exe:blitz_string@0x1AF484
cond_quest,cond_quest,pending,exe:blitz_string@0x1AF4AC
cond_special,cond_special,pending,exe:blitz_string@0x1AF4CC
cond_spot,cond_spot,pending,exe:blitz_string@0x1AF4F0
cond_state,cond_state,pending,exe:blitz_string@0x1AF510
convert,convert,pending,exe:blitz_string@0x1AF530
convert_tile,convert_tile,pending,exe:blitz_string@0x1AF54C
cure_disease,cure_disease,pending,exe:blitz_string@0x1AF570
cure_poison,cure_poison,pending,exe:blitz_string@0x1AF594
curse,curse,pending,exe:blitz_string@0x1AF5B8
delay,delay,pending,exe:blitz_string@0x1AF5D0
destroy_obj,destroy_obj,pending,exe:blitz_string@0x1AF5E8
destroy_script,destroy_script,pending,exe:blitz_string@0x1AF60C
det_keg,det_keg,pending,exe:blitz_string@0x1AF634
disease,disease,pending,exe:blitz_string@0x1AF650
display,display,pending,exe:blitz_string@0x1AF66C
drama,drama,pending,exe:blitz_string@0x1AF688
drop_item,drop_item,pending,exe:blitz_string@0x1AF6A0
drop_ent,drop_ent,pending,exe:blitz_string@0x1AF6C0
effect,effect,pending,exe:blitz_string@0x1AF6DC
full_restore,full_restore,pending,exe:blitz_string@0x1AF6F4
give_item,give_item,pending,exe:blitz_string@0x1AF718
gfx,gfx,pending,exe:blitz_string@0x1AF738
heal,heal,pending,exe:blitz_string@0x1AF74C
init_trade,init_trade,pending,exe:blitz_string@0x1AF760
kill_narrative,kill_narrative,pending,exe:blitz_string@0x1AF780
kill_quest,kill_quest,pending,exe:blitz_string@0x1AF7A8
learn,learn,pending,exe:blitz_string@0x1AF7C8
learn_book,learn_book,pending,exe:blitz_string@0x1AF7E0
map,map,pending,exe:blitz_string@0x1AF800
map_port,map_port,pending,exe:blitz_string@0x1AF814
message,message,pending,exe:blitz_string@0x1AF830
move_player,move_player,pending,exe:blitz_string@0x1AF84C
narrative,narrative,pending,exe:blitz_string@0x1AF870
no_crime,no_crime,pending,exe:blitz_string@0x1AF890
notebox,notebox,pending,exe:blitz_string@0x1AF8AC
npc_die,npc_die,pending,exe:blitz_string@0x1AF8C8
npc_disp_change,npc_disp_change,pending,exe:blitz_string@0x1AF8E4
port_to,port_to,pending,exe:blitz_string@0x1AF928
quest,quest,pending,exe:blitz_string@0x1AF944 | exe:blitz_string@0x1B0088
quest_step,quest_step,pending,exe:blitz_string@0x1AF95C
remove,remove,pending,exe:blitz_string@0x1AF97C
remove_barrier,remove_barrier,pending,exe:blitz_string@0x1AF994
remove_gold,remove_gold,pending,exe:blitz_string@0x1AF9BC
remove_item,remove_item,pending,exe:blitz_string@0x1AF9E0
remove_npc,remove_npc,pending,exe:blitz_string@0x1AFA04
rename_item,rename_item,pending,exe:blitz_string@0x1AFA24
rent_room,rent_room,pending,exe:blitz_string@0x1AFA48
restore,restore,pending,exe:blitz_string@0x1AFA68
screen_fade_in,screen_fade_in,pending,exe:blitz_string@0x1AFA84
screen_fade_out,screen_fade_out,pending,exe:blitz_string@0x1AFAAC
spell,spell,pending,exe:blitz_string@0x1AFAD8
sound,sound,pending,exe:blitz_string@0x1AFAF0
strip_items,strip_items,pending,exe:blitz_string@0x1AFB08
teach_skill,teach_skill,pending,exe:blitz_string@0x1AFB2C
time,time,pending,exe:blitz_string@0x1AFB50
to_flask,to_flask,pending,exe:blitz_string@0x1AFB64
toggle_port,toggle_port,pending,exe:blitz_string@0x1AFB80
toggle_switch,toggle_switch,pending,exe:blitz_string@0x1AFBA4
toggle_obj,toggle_obj,pending,exe:blitz_string@0x1AFBCC
trauma,trauma,pending,exe:blitz_string@0x1AFBEC
trap,trap,pending,exe:blitz_string@0x1AFC04
trigger_talk,trigger_talk,pending,exe:blitz_string@0x1AFC18
unlocked_with,unlocked_with,pending,exe:blitz_string@0x1AFC3C
updatezones,updatezones,pending,exe:blitz_string@0x1AFC64
Did Not Find Script Keyword:,Did Not Find Script Keyword:,pending,exe:blitz_string@0x1AFC88
Aridell has been added to The Quick Travel menu.,Aridell has been added to The Quick Travel menu.,pending,exe:blitz_string@0x1AFCD0
Bordertown has been added to the Quick Travel menu.,Bordertown has been added to the Quick Travel menu.,pending,exe:blitz_string@0x1AFD3C
Grimmhold East has been added to the Quick Travel menu.,Grimmhold East has been added to the Quick Travel menu.,pending,exe:blitz_string@0x1AFDB0
Grimmhold West has been added to the Quick Travel menu.,Grimmhold West has been added to the Quick Travel menu.,pending,exe:blitz_string@0x1AFE2C
Blackwater has been added to the Quick Travel menu.,Blackwater has been added to the Quick Travel menu.,pending,exe:blitz_string@0x1AFEA8
Vela has been added to the Quick Travel menu.,Vela has been added to the Quick Travel menu.,pending,exe:blitz_string@0x1AFF1C
Loneloft has been added to the Quick Travel menu.,Loneloft has been added to the Quick Travel menu.,pending,exe:blitz_string@0x1AFF84
Tangletree Ossuary has been added to the Quick Travel menu.,Tangletree Ossuary has been added to the Quick Travel menu.,pending,exe:blitz_string@0x1AFFF4
No way!,No way!,pending,exe:blitz_string@0x1B00A0
Removing Hexes and Curses will require a donation of 1000 gold pieces.,Removing Hexes and Curses will require a donation of 1000 gold pieces.,pending,exe:blitz_string@0x1B00BC
"I am sorry, but you lack the funds needed for this service.","I am sorry, but you lack the funds needed for this service.",pending,exe:blitz_string@0x1B0154
gold pieces.,gold pieces.,pending,exe:blitz_string@0x1B01D8
Restorative services for all of your ailments will require a donation of,Restorative services for all of your ailments will require a donation of,pending,exe:blitz_string@0x1B0200
"I am sorry, but you do not have enough gold. A donation is required from all patrons who seek aid as a sign of penance. Perhaps you could sell your equipment of war and donate the funds to the church.","I am sorry, but you do not have enough gold. A donation is required from all patrons who seek aid as a sign of penance. Perhaps you could sell your equipment of war and donate the funds to the church.",pending,exe:blitz_string@0x1B02A0
I am sorry. Non-believers are immune to faith-based healing. You will need to purchase elixirs and potions to heal yourself.,I am sorry. Non-believers are immune to faith-based healing. You will need to purchase elixirs and potions to heal yourself.,pending,exe:blitz_string@0x1B043C
Hmm...Nefarious persons such as yourself are immune to the altruistic act of healing from another person. You will need to seek aid elsewhere.,Hmm...Nefarious persons such as yourself are immune to the altruistic act of healing from another person. You will need to seek aid elsewhere.,pending,exe:blitz_string@0x1B0540
is no longer infecting your body.,is no longer infecting your body.,pending,exe:blitz_string@0x1B0668
You do not have enough gold!,You do not have enough gold!,pending,exe:blitz_string@0x1B06B8
Your Hit Points are currently at maximum.,Your Hit Points are currently at maximum.,pending,exe:blitz_string@0x1B06FC
Your Mana Points are currently at maximum.,Your Mana Points are currently at maximum.,pending,exe:blitz_string@0x1B075C
[Spot Hidden SUCCESS!],[Spot Hidden SUCCESS!],pending,exe:blitz_string@0x1B07BC
dropped loot.,dropped loot.,pending,exe:blitz_string@0x1B0800
Something has been dropped!,Something has been dropped!,pending,exe:blitz_string@0x1B0828
sfx_loot,sfx_loot,pending,exe:blitz_string@0x1B086C
CRITICAL ERROR ... NO FREE SPOT FOUND TO DROP ITEM ... PLEASE RELOAD LAST SAVE.,CRITICAL ERROR ... NO FREE SPOT FOUND TO DROP ITEM ... PLEASE RELOAD LAST SAVE.,pending,exe:blitz_string@0x1B0888
dropped item.,dropped item.,pending,exe:blitz_string@0x1B0934
has been added to your inventory.,has been added to your inventory.,pending,exe:blitz_string@0x1B095C
Your inventory is full.,Your inventory is full.,pending,exe:blitz_string@0x1B09AC
A quest in your Quest Journal has been removed because it can no longer be finished. You may still be able to complete the game.,A quest in your Quest Journal has been removed because it can no longer be finished. You may still be able to complete the game.,pending,exe:blitz_string@0x1B09E8
You are already familiar with this spell.,You are already familiar with this spell.,pending,exe:blitz_string@0x1B0AF4
for you to comprehend this spell.,for you to comprehend this spell.,pending,exe:blitz_string@0x1B0B54
This incantation is above your skill level. Your Divination Skill needs to be at least level,This incantation is above your skill level. Your Divination Skill needs to be at least level,pending,exe:blitz_string@0x1B0BA4
This incantation is above your skill level. Your Elemental Skill needs to be at least level,This incantation is above your skill level. Your Elemental Skill needs to be at least level,pending,exe:blitz_string@0x1B0C6C
to be able to understand this Divination scroll.,to be able to understand this Divination scroll.,pending,exe:blitz_string@0x1B0D30
This writing on this scroll is too complex for you to understand. You need a Wisdom of at least,This writing on this scroll is too complex for you to understand. You need a Wisdom of at least,pending,exe:blitz_string@0x1B0DA0
to be able to read this Elemental scroll.,to be able to read this Elemental scroll.,pending,exe:blitz_string@0x1B0E6C
This writing on this scroll is too complex for you to read. You need an Intelligence of at least,This writing on this scroll is too complex for you to read. You need an Intelligence of at least,pending,exe:blitz_string@0x1B0ECC
You have learned the spell ',You have learned the spell ',pending,exe:blitz_string@0x1B0F9C
You have gained the skill,You have gained the skill,pending,exe:blitz_string@0x1B0FE0
You have gained two levels in,You have gained two levels in,pending,exe:blitz_string@0x1B1020
SFX_Portal,SFX_Portal,pending,exe:blitz_string@0x1B1068
has been removed from your inventory.,has been removed from your inventory.,pending,exe:blitz_string@0x1B1088
No thanks,No thanks,pending,exe:blitz_string@0x1B10E0
I'll take it,I'll take it,pending,exe:blitz_string@0x1B1100
per night. Are you interested?,per night. Are you interested?,pending,exe:blitz_string@0x1B1124
I can rent you a room for,I can rent you a room for,pending,exe:blitz_string@0x1B1170
"Hey, you don't have enough money to rent a room!","Hey, you don't have enough money to rent a room!",pending,exe:blitz_string@0x1B11B0
You are poisoned and may not live through the night. You need to rid your bloostream of toxins before sleeping.,You are poisoned and may not live through the night. You need to rid your bloostream of toxins before sleeping.,pending,exe:blitz_string@0x1B121C
Thank you! Have a good sleep.,Thank you! Have a good sleep.,pending,exe:blitz_string@0x1B1308
: You are already more skilled than me. I cannot train you anymore.,: You are already more skilled than me. I cannot train you anymore.,pending,exe:blitz_string@0x1B1360
gold pieces. Are you ready to train?,gold pieces. Are you ready to train?,pending,exe:blitz_string@0x1B13F4
will cost you,will cost you,pending,exe:blitz_string@0x1B144C
: to train you in level,: to train you in level,pending,exe:blitz_string@0x1B1478
: You don't have enough enough gold to pay for this training.,: You don't have enough enough gold to pay for this training.,pending,exe:blitz_string@0x1B14B4
SFX_positive,SFX_positive,pending,exe:blitz_string@0x1B153C
You have gained a skill level in,You have gained a skill level in,pending,exe:blitz_string@0x1B1560
: Good job! You'll be a master in no time.,: Good job! You'll be a master in no time.,pending,exe:blitz_string@0x1B15B0
am,am,pending,exe:blitz_string@0x1B1610
pm,pm,pending,exe:blitz_string@0x1B1620
The current time is,The current time is,pending,exe:blitz_string@0x1B1640
Please wait for all turns to finish before attempting this action.,Please wait for all turns to finish before attempting this action.,pending,exe:blitz_string@0x1B1674
SFX_Lever,SFX_Lever,pending,exe:blitz_string@0x1B1704
released the lock!,released the lock!,pending,exe:blitz_string@0x1B1724
The,The,pending,exe:blitz_string@0x1B1758
removed from inventory.,removed from inventory.,pending,exe:blitz_string@0x1B176C
Sound/click2.wav,Sound/click2.wav,pending,exe:blitz_string@0x1B17D4
gold for each of them. How many,gold for each of them. How many,pending,exe:blitz_string@0x1B1808
I'll give you,I'll give you,pending,exe:blitz_string@0x1B1854
are you selling?,are you selling?,pending,exe:blitz_string@0x1B187C
gold each. How many,gold each. How many,pending,exe:blitz_string@0x1B18A8
I'll sell them to you for,I'll sell them to you for,pending,exe:blitz_string@0x1B18DC
s do you want?,s do you want?,pending,exe:blitz_string@0x1B191C
Move the slider to the proper locking pin.,Move the slider to the proper locking pin.,pending,exe:blitz_string@0x1B1944
Press OK when finished.,Press OK when finished.,pending,exe:blitz_string@0x1B19A4
s to pick up.,s to pick up.,pending,exe:blitz_string@0x1B19E0
Select how many,Select how many,pending,exe:blitz_string@0x1B1A08
Select how many Torches to want to drop.,Select how many Torches to want to drop.,pending,exe:blitz_string@0x1B1A34
"Remember, once dropped they are gone forever!","Remember, once dropped they are gone forever!",pending,exe:blitz_string@0x1B1A90
Cancel,Cancel,pending,exe:blitz_string@0x1B1AF8
gold,gold,pending,exe:blitz_string@0x1B1B30
Total Cost:,Total Cost:,pending,exe:blitz_string@0x1B1B48
goblin_cit_l2,goblin_cit_l2,pending,exe:blitz_string@0x1B1B6C
Wood Chips,Wood Chips,pending,exe:blitz_string@0x1B1C08
Damage to this object has caused a trap to be sprung!,Damage to this object has caused a trap to be sprung!,pending,exe:blitz_string@0x1B1C28
Object condition:,Object condition:,pending,exe:blitz_string@0x1B1CA0
abygale,abygale,pending,exe:blitz_string@0x1B1CD0
eeru,eeru,pending,exe:blitz_string@0x1B1CEC
erik,erik,pending,exe:blitz_string@0x1B1D00
farwick,farwick,pending,exe:blitz_string@0x1B1D14
gamfari,gamfari,pending,exe:blitz_string@0x1B1D30
gunther,gunther,pending,exe:blitz_string@0x1B1D4C
krista,krista,pending,exe:blitz_string@0x1B1D68
porter,porter,pending,exe:blitz_string@0x1B1D80
vekkar,vekkar,pending,exe:blitz_string@0x1B1D98
siam,siam,pending,exe:blitz_string@0x1B1DB0
Abygale,Abygale,pending,exe:blitz_string@0x1B1DC4 | exe:resource@0x54B18C:csv
Eeru,Eeru,pending,exe:blitz_string@0x1B1DE0 | exe:resource@0x54B18C:csv
Erik,Erik,pending,exe:blitz_string@0x1B1DF4 | exe:resource@0x54B18C:csv
Farwick,Farwick,pending,exe:blitz_string@0x1B1E08 | exe:resource@0x54B18C:csv
Gamfari,Gamfari,pending,exe:blitz_string@0x1B1E4C | exe:resource@0x54B18C:csv
Gunther,Gunther,pending,exe:blitz_string@0x1B1E68 | exe:resource@0x54B18C:csv
Krista,Krista,pending,exe:blitz_string@0x1B1E84 | exe:resource@0x54B18C:csv
Porter,Porter,pending,exe:blitz_string@0x1B1E9C | exe:resource@0x54B18C:csv
Vekkar,Vekkar,pending,exe:blitz_string@0x1B1EB4 | exe:resource@0x54B18C:csv
Siam,Siam,pending,exe:blitz_string@0x1B1ECC | exe:resource@0x54B18C:csv
.mer,.mer,pending,exe:blitz_string@0x1B1EE0
": I don't believe I've gotten any new inventory since your last visit, but please take a look.",": I don't believe I've gotten any new inventory since your last visit, but please take a look.",pending,exe:blitz_string@0x1B1EF4
: I just got some new items recently. I'm sure I've got something of interest to you.,: I just got some new items recently. I'm sure I've got something of interest to you.,pending,exe:blitz_string@0x1B1FBC
No Thanks,No Thanks,pending,exe:blitz_string@0x1B20BC
^gold.,^gold.,pending,exe:blitz_string@0x1B20DC
": You don't know what that is, eh? I'll tell you what it is for ^",": You don't know what that is, eh? I'll tell you what it is for ^",pending,exe:blitz_string@0x1B20F8
": Sorry, you don't have enough gold.",": Sorry, you don't have enough gold.",pending,exe:blitz_string@0x1B2188
: Thank you!,: Thank you!,pending,exe:blitz_string@0x1B21EC
": Hey, you don't need to know what it is to sell it to me. I'll still make you an offer for it.",": Hey, you don't need to know what it is to sell it to me. I'll still make you an offer for it.",pending,exe:blitz_string@0x1B2210
: That's a fine item but I usually don't buy that sorta thing.,: That's a fine item but I usually don't buy that sorta thing.,pending,exe:blitz_string@0x1B22DC
. You lookin' to sell it?,. You lookin' to sell it?,pending,exe:blitz_string@0x1B2364
: That's a fine,: That's a fine,pending,exe:blitz_string@0x1B23A4
: Thank you for retrieving this for me!,: Thank you for retrieving this for me!,pending,exe:blitz_string@0x1B23D0
": Hmm, that item looks important. I think you should just hang on to it.",": Hmm, that item looks important. I think you should just hang on to it.",pending,exe:blitz_string@0x1B242C
": I'm sorry, I generally don't purchase that type of merchandise. I'm sure you can find another merchant who will buy it.",": I'm sorry, I generally don't purchase that type of merchandise. I'm sure you can find another merchant who will buy it.",pending,exe:blitz_string@0x1B24C8
": I wish I could do more business with you, but I do not have enough gold. Come back next week.",": I wish I could do more business with you, but I do not have enough gold. Come back next week.",pending,exe:blitz_string@0x1B25C8
: I'm sorry- I am overstocked right now and cannot purchase any more. Come back next week after I have a chance to sell some of my inventory.,: I'm sorry- I am overstocked right now and cannot purchase any more. Come back next week after I have a chance to sell some of my inventory.,pending,exe:blitz_string@0x1B2694
^gold for it.,^gold for it.,pending,exe:blitz_string@0x1B27C0
": That item really isn't worth much to me, but I'll give you ^",": That item really isn't worth much to me, but I'll give you ^",pending,exe:blitz_string@0x1B27E8
": Sure, I'll make you an offer on that...",": Sure, I'll make you an offer on that...",pending,exe:blitz_string@0x1B2870
. Is this an acceptable offer?,. Is this an acceptable offer?,pending,exe:blitz_string@0x1B28D0
^gold for this,^gold for this,pending,exe:blitz_string@0x1B2918
offers you ^,offers you ^,pending,exe:blitz_string@0x1B2944
": Hmm, you'll get no better deal from any other merchant.",": Hmm, you'll get no better deal from any other merchant.",pending,exe:blitz_string@0x1B296C
": Oh, I'm sorry. I can't afford all of those right now.",": Oh, I'm sorry. I can't afford all of those right now.",pending,exe:blitz_string@0x1B2A18
s removed from inventory.,s removed from inventory.,pending,exe:blitz_string@0x1B2A94
: Pleasure doing business with you!,: Pleasure doing business with you!,pending,exe:blitz_string@0x1B2AD4
Bar of Mythril,Bar of Mythril,pending,exe:blitz_string@0x1B2B28
: I'll make you a great deal on that!,: I'll make you a great deal on that!,pending,exe:blitz_string@0x1B2BC0
^gold. Are you interested in purchasing it?,^gold. Are you interested in purchasing it?,pending,exe:blitz_string@0x1B2C18
is ^,is ^,pending,exe:blitz_string@0x1B2C7C
: My price for this,: My price for this,pending,exe:blitz_string@0x1B2C94
s. Are you interested in purchasing them?,s. Are you interested in purchasing them?,pending,exe:blitz_string@0x1B2CC8
^gold for these,^gold for these,pending,exe:blitz_string@0x1B2D28
: It'll be ^,: It'll be ^,pending,exe:blitz_string@0x1B2D58
": Hey, you don't have enough gold to purchase this item!",": Hey, you don't have enough gold to purchase this item!",pending,exe:blitz_string@0x1B2D7C
s added to inventory.,s added to inventory.,pending,exe:blitz_string@0x1B2DF8
: I'm sure we can find something that better suits you.,: I'm sure we can find something that better suits you.,pending,exe:blitz_string@0x1B2E30
: Thank you for your business!,: Thank you for your business!,pending,exe:blitz_string@0x1B2EAC
You must drop any item currently held before you can access the Options Menu.,You must drop any item currently held before you can access the Options Menu.,pending,exe:blitz_string@0x1B2EF4
High,High,pending,exe:blitz_string@0x1B3048
Low,Low,pending,exe:blitz_string@0x1B305C
Performance rating: 5 (Lower is better),Performance rating: 5 (Lower is better),pending,exe:blitz_string@0x1B3088
(Lower is better),(Lower is better),pending,exe:blitz_string@0x1B30E4
Performance rating:,Performance rating:,pending,exe:blitz_string@0x1B3118
Stay,Stay,pending,exe:blitz_string@0x1B314C
Are you ready to exit to main menu? Make sure you've saved your game!,Are you ready to exit to main menu? Make sure you've saved your game!,pending,exe:blitz_string@0x1B3160
This icon will flash when you have gained enough experience to advance to the next level.,This icon will flash when you have gained enough experience to advance to the next level.,pending,exe:blitz_string@0x1B31F8
You are paralyzed and cannot get into your inventory.,You are paralyzed and cannot get into your inventory.,pending,exe:blitz_string@0x1B32B8
You are trying to swap to a two-handed weapon while holding a shield. You must un-equip the shield first.,You are trying to swap to a two-handed weapon while holding a shield. You must un-equip the shield first.,pending,exe:blitz_string@0x1B3330
Primary Weapon switched to,Primary Weapon switched to,pending,exe:blitz_string@0x1B3410
You are now fighting empty-handed.,You are now fighting empty-handed.,pending,exe:blitz_string@0x1B3454
is no longer charmed.,is no longer charmed.,pending,exe:blitz_string@0x1B34A4
has witnessed you commit a crime!,has witnessed you commit a crime!,pending,exe:blitz_string@0x1B34E0
has heard a crime being committed!,has heard a crime being committed!,pending,exe:blitz_string@0x1B3530
SFX_Bash,SFX_Bash,pending,exe:blitz_string@0x1B3584
just fell apart!!,just fell apart!!,pending,exe:blitz_string@0x1B35A0
Your,Your,pending,exe:blitz_string@0x1B35D0
SFX_Break,SFX_Break,pending,exe:blitz_string@0x1B35E8
A piece of it flew up and hit you in the eye!,A piece of it flew up and hit you in the eye!,pending,exe:blitz_string@0x1B3608
It seems you may not have enough room to pitch your tent here. Find a location with more free space before camping.,It seems you may not have enough room to pitch your tent here. Find a location with more free space before camping.,pending,exe:blitz_string@0x1B3670
This area is a bit too wet to pitch your tent. Find a drier location for a campsite.,This area is a bit too wet to pitch your tent. Find a drier location for a campsite.,pending,exe:blitz_string@0x1B3764
"You think for a moment that this is a good area to make camp and tend to your wounds, but you are suddenly overcome with a sense of uneasiness. You conclude that resting in this area is not a good idea.","You think for a moment that this is a good area to make camp and tend to your wounds, but you are suddenly overcome with a sense of uneasiness. You conclude that resting in this area is not a good idea.",pending,exe:blitz_string@0x1B3818
You are diseased. You will regain Hit Points and Mana Points much slower than normal.,You are diseased. You will regain Hit Points and Mana Points much slower than normal.,pending,exe:blitz_string@0x1B39B8
You are cursed. The wounds on your body will not heal while resting until the hex is lifted.,You are cursed. The wounds on your body will not heal while resting until the hex is lifted.,pending,exe:blitz_string@0x1B3A70
Rest,Rest,pending,exe:blitz_string@0x1B3B34
"You are about to camp. Time will advance rapidly allowing you to regain ^Hit ^Points and ^Mana ^Points quicker. Press &ESC at anytime to end resting. The longer you rest, the greater chance you have of being caught by a random encounter.","You are about to camp. Time will advance rapidly allowing you to regain ^Hit ^Points and ^Mana ^Points quicker. Press &ESC at anytime to end resting. The longer you rest, the greater chance you have of being caught by a random encounter.",pending,exe:blitz_string@0x1B3B48
You have decided to rest...,You have decided to rest...,pending,exe:blitz_string@0x1B3D58
You have restored all of your Mana and Hit Points. Press ESC to end resting.,You have restored all of your Mana and Hit Points. Press ESC to end resting.,pending,exe:blitz_string@0x1B3D9C
bs,bs,pending,exe:blitz_string@0x1B3E40
darkford,darkford,pending,exe:blitz_string@0x1B3E50
shadowmirk_l1,shadowmirk_l1,pending,exe:blitz_string@0x1B3E6C
shadowmirk_l2,shadowmirk_l2,pending,exe:blitz_string@0x1B3E94
shadowmirk_l3,shadowmirk_l3,pending,exe:blitz_string@0x1B3EBC
ug_reposit,ug_reposit,pending,exe:blitz_string@0x1B3EE4
You have been startled awake by a nearby sound!,You have been startled awake by a nearby sound!,pending,exe:blitz_string@0x1B3F04
minutes.,minutes.,pending,exe:blitz_string@0x1B3F70
"hours,","hours,",pending,exe:blitz_string@0x1B3F90
You have rested for,You have rested for,pending,exe:blitz_string@0x1B3FAC
This item is strange to you. You must have it identified before you can use it.,This item is strange to you. You must have it identified before you can use it.,pending,exe:blitz_string@0x1B3FE0
.wav,.wav,pending,exe:blitz_string@0x1B408C
"Vidar the Knife: Hey boys, we're drinkin' tonight! Let's go!","Vidar the Knife: Hey boys, we're drinkin' tonight! Let's go!",pending,exe:blitz_string@0x1B40A0
The thugs quickly run off into the forest with your gold.,The thugs quickly run off into the forest with your gold.,pending,exe:blitz_string@0x1B4124
"Vidar the Knife: Looks like you're a little short on gold, eh? Don't let him escape, boys! We've got ourselves a rat to skin!","Vidar the Knife: Looks like you're a little short on gold, eh? Don't let him escape, boys! We've got ourselves a rat to skin!",pending,exe:blitz_string@0x1B41A4
ghost_laugh,ghost_laugh,pending,exe:blitz_string@0x1B42C0
trap_click,trap_click,pending,exe:blitz_string@0x1B42E4
"Although you have a key that fits a keyhole, it appears all four keys must be inserted at once to unlock the stone.","Although you have a key that fits a keyhole, it appears all four keys must be inserted at once to unlock the stone.",pending,exe:blitz_string@0x1B43B0
"Although you have keys that fit in the keyholes, it appears all four keys must be inserted at once to unlock the stone.","Although you have keys that fit in the keyholes, it appears all four keys must be inserted at once to unlock the stone.",pending,exe:blitz_string@0x1B44A4
sfx_torchoff,sfx_torchoff,pending,exe:blitz_string@0x1B45A0
sfx_torchon,sfx_torchon,pending,exe:blitz_string@0x1B45C4
music/insanity.ogg,music/insanity.ogg,pending,exe:blitz_string@0x1B4644
"You Set the Crux of Ages within the prongs atop the pedestal. Suddenly there is an immense burst of energy and the prongs snap shut, holding the Crux securely in place!","You Set the Crux of Ages within the prongs atop the pedestal. Suddenly there is an immense burst of energy and the prongs snap shut, holding the Crux securely in place!",pending,exe:blitz_string@0x1B46D4
message(This portal has become inactive.),message(This portal has become inactive.),pending,exe:blitz_string@0x1B4830
music/eschalon_theme.ogg,music/eschalon_theme.ogg,pending,exe:blitz_string@0x1B499C
"As the Chancellor falls to the floor, a gate opens and a platoon of Spire Guards rushes into the room. 'Assassin!' they yell as they charge at you...","As the Chancellor falls to the floor, a gate opens and a platoon of Spire Guards rushes into the room. 'Assassin!' they yell as they charge at you...",pending,exe:blitz_string@0x1B4A28
quest_step 60,quest_step 60,pending,exe:blitz_string@0x1B4B60
You have an egg in your inventory that fits in a cradle perfectly; however it appears all three cradles must be filled for anything to happen.,You have an egg in your inventory that fits in a cradle perfectly; however it appears all three cradles must be filled for anything to happen.,pending,exe:blitz_string@0x1B4BA8
The two eggs in your inventory seem to fit the cradles perfectly; however it appears all three cradles must be filled for anything to happen.,The two eggs in your inventory seem to fit the cradles perfectly; however it appears all three cradles must be filled for anything to happen.,pending,exe:blitz_string@0x1B4CD0
The three eggs in your inventory fit perfectly in the cradles of the display rack!,The three eggs in your inventory fit perfectly in the cradles of the display rack!,pending,exe:blitz_string@0x1B4DF8
Automatic experience boost to the next level...,Automatic experience boost to the next level...,pending,exe:blitz_string@0x1B4EA8
Awesome,Awesome,pending,exe:blitz_string@0x1B4F14
You have gone on a terrible rampage and have killed the Chancellor and all his elite guards. We at &Basilisk &Games didn't think this was possible! You have earned the title ^Destroyer. Please send us an email and tell us that you got this message!,You have gone on a terrible rampage and have killed the Chancellor and all his elite guards. We at &Basilisk &Games didn't think this was possible! You have earned the title ^Destroyer. Please send us an email and tell us that you got this message!,pending,exe:blitz_string@0x1B4F30
You drink the water. Its purity invigorates your mind and body. You have gained +2 Skill Points to use at your next level!,You drink the water. Its purity invigorates your mind and body. You have gained +2 Skill Points to use at your next level!,pending,exe:blitz_string@0x1B515C
gob_curse,gob_curse,pending,exe:blitz_string@0x1B525C
Infidel!,Infidel!,pending,exe:blitz_string@0x1B527C
sfx_compress,sfx_compress,pending,exe:blitz_string@0x1B5298
Your actions have gained you experience.,Your actions have gained you experience.,pending,exe:blitz_string@0x1B52BC
message(This lever is locked. The lighthouse fire cannot be extinguished this way.),message(This lever is locked. The lighthouse fire cannot be extinguished this way.),pending,exe:blitz_string@0x1B5318
10 Hive Larvae removed from inventory.,10 Hive Larvae removed from inventory.,pending,exe:blitz_string@0x1B53CC
sfx_narration,sfx_narration,pending,exe:blitz_string@0x1B5424
There he is- the intruder who has relit the lighthouse fire! Kill him!,There he is- the intruder who has relit the lighthouse fire! Kill him!,pending,exe:blitz_string@0x1B544C
data/ash.map,data/ash.map,pending,exe:blitz_string@0x1B54E4
You take the boat to Ash Island.,You take the boat to Ash Island.,pending,exe:blitz_string@0x1B5508
"The current appears to be pulling the boat to sea, but now is not a good time to take this voyage.","The current appears to be pulling the boat to sea, but now is not a good time to take this voyage.",pending,exe:blitz_string@0x1B5554
SFX_Weapon_EQP_POL,SFX_Weapon_EQP_POL,pending,exe:blitz_string@0x1B5644
SFX_EQP_ARML,SFX_EQP_ARML,pending,exe:blitz_string@0x1B5674
SFX_Weapon_EQP_SWD,SFX_Weapon_EQP_SWD,pending,exe:blitz_string@0x1B5698
SFX_Beaker,SFX_Beaker,pending,exe:blitz_string@0x1B56C8
Diamond-tipped Throwing Dart,Diamond-tipped Throwing Dart,pending,exe:blitz_string@0x1B56E8
sfx_beaker,sfx_beaker,pending,exe:blitz_string@0x1B578C
SFX_EQP_Ring,SFX_EQP_Ring,pending,exe:blitz_string@0x1B57AC
SFX_Key,SFX_Key,pending,exe:blitz_string@0x1B57D0
SFX_STATS_CLOSE,SFX_STATS_CLOSE,pending,exe:blitz_string@0x1B57EC
Vintage Wine,Vintage Wine,pending,exe:blitz_string@0x1B5838
SFX_Pot,SFX_Pot,pending,exe:blitz_string@0x1B585C
SFX_Gem,SFX_Gem,pending,exe:blitz_string@0x1B5878
SFX_Amulet,SFX_Amulet,pending,exe:blitz_string@0x1B5894
fire_burst,fire_burst,pending,exe:blitz_string@0x1B58B8
music/forge_thy_destiny.ogg,music/forge_thy_destiny.ogg,pending,exe:blitz_string@0x1B59B4
sound/ched_stat.wav,sound/ched_stat.wav,pending,exe:blitz_string@0x1B5A00
sound/ched_skill.wav,sound/ched_skill.wav,pending,exe:blitz_string@0x1B5A34
A custom character portrait ^mypic.png was found but cannot be used because the size of the image is wrong. Custom portraits must be 60 x 60 pixels in size.,A custom character portrait ^mypic.png was found but cannot be used because the size of the image is wrong. Custom portraits must be 60 x 60 pixels in size.,pending,exe:blitz_string@0x1B5A68
sound/thunder2.wav,sound/thunder2.wav,pending,exe:blitz_string@0x1B5C04
sound/sfx_die_roll.wav,sound/sfx_die_roll.wav,pending,exe:blitz_string@0x1B5C34
sound/sfx_scribble1.wav,sound/sfx_scribble1.wav,pending,exe:blitz_string@0x1B5C6C
sound/sfx_scribble2.wav,sound/sfx_scribble2.wav,pending,exe:blitz_string@0x1B5CA8
Level,Level,pending,exe:blitz_string@0x1B5CF8
"1) You cannot make any changes to your Character's Name, Origin, Axiom or Classification while Leveling Up.","1) You cannot make any changes to your Character's Name, Origin, Axiom or Classification while Leveling Up.",pending,exe:blitz_string@0x1B5D40
"2) Distibute your available Attribute and Skill points, or save some for your next level  3) Press the green arrow to continue.","2) Distibute your available Attribute and Skill points, or save some for your next level  3) Press the green arrow to continue.",pending,exe:blitz_string@0x1B5E24
Nor'lander,Nor'lander,pending,exe:blitz_string@0x1B5F38
You cannot remove this Class Granted Skill unless you change your Character's Classification.,You cannot remove this Class Granted Skill unless you change your Character's Classification.,pending,exe:blitz_string@0x1B5FC8
Press F12 to toggle the Help screen,Press F12 to toggle the Help screen,pending,exe:blitz_string@0x1B60A0 | runtime_draw
You cannot reroll an established character.,You cannot reroll an established character.,pending,exe:blitz_string@0x1B60F4
Press F1 to quick start with a pre-made Fighter character,Press F1 to quick start with a pre-made Fighter character,pending,exe:blitz_string@0x1B6158
Press F2 to quick start with a pre-made Rogue character,Press F2 to quick start with a pre-made Rogue character,pending,exe:blitz_string@0x1B61D8
Press F3 to quick start with a pre-made Magick-User character,Press F3 to quick start with a pre-made Magick-User character,pending,exe:blitz_string@0x1B6254
Press F4 to quick start with a pre-made Healer character,Press F4 to quick start with a pre-made Healer character,pending,exe:blitz_string@0x1B62DC
Press F5 to quick start with a pre-made Ranger character,Press F5 to quick start with a pre-made Ranger character,pending,exe:blitz_string@0x1B6358
You cannot alter these character traits after the character has been created,You cannot alter these character traits after the character has been created,pending,exe:blitz_string@0x1B63D4
You cannot raise any skill more than 5 points per character level.,You cannot raise any skill more than 5 points per character level.,pending,exe:blitz_string@0x1B6478
for 1 point,for 1 point,pending,exe:blitz_string@0x1B6508
Upgrade this Skill to level,Upgrade this Skill to level,pending,exe:blitz_string@0x1B652C
You do not have enough available Skill Points to purchase this Skill,You do not have enough available Skill Points to purchase this Skill,pending,exe:blitz_string@0x1B6570
Purchase this Skill for 3 points,Purchase this Skill for 3 points,pending,exe:blitz_string@0x1B6604 | runtime_draw
You have no remaining Skill Points to use,You have no remaining Skill Points to use,pending,exe:blitz_string@0x1B6650
data/rogue,data/rogue,pending,exe:blitz_string@0x1B66B0
data/magick,data/magick,pending,exe:blitz_string@0x1B66D0
data/healer,data/healer,pending,exe:blitz_string@0x1B66F4
data/ranger,data/ranger,pending,exe:blitz_string@0x1B6718
"Because you changed your Character's Class ^after placing additional Skill Points in his Class Granted Skill, you have overdrawn your Available Skill Points. Before you can continue, you must ^sell ^back Skills so that your Available Skill Points equals 0","Because you changed your Character's Class ^after placing additional Skill Points in his Class Granted Skill, you have overdrawn your Available Skill Points. Before you can continue, you must ^sell ^back Skills so that your Available Skill Points equals 0",pending,exe:blitz_string@0x1B673C
You must choose your Character's ^Origin before Continuing.,You must choose your Character's ^Origin before Continuing.,pending,exe:blitz_string@0x1B6948
You must choose your Character's ^Axiom before Continuing.,You must choose your Character's ^Axiom before Continuing.,pending,exe:blitz_string@0x1B69CC
You must choose your Character's ^Classification before Continuing.,You must choose your Character's ^Classification before Continuing.,pending,exe:blitz_string@0x1B6A4C
You must enter your Character's ^Name before Continuing.,You must enter your Character's ^Name before Continuing.,pending,exe:blitz_string@0x1B6AE0
Save 'em,Save 'em,pending,exe:blitz_string@0x1B6B5C
Back,Back,pending,exe:blitz_string@0x1B6B78
You still have ^Skill ^Points to distibute. Press &Back to return to the Character Editor or &Save &'em to save the points for your Character's next level-up.,You still have ^Skill ^Points to distibute. Press &Back to return to the Character Editor or &Save &'em to save the points for your Character's next level-up.,pending,exe:blitz_string@0x1B6B8C
You still have ^Attribute ^Points to distibute. Press &Back to return to the Character Editor or &Save &'em to save the points for your Character's next level-up.,You still have ^Attribute ^Points to distibute. Press &Back to return to the Character Editor or &Save &'em to save the points for your Character's next level-up.,pending,exe:blitz_string@0x1B6CD4
Ready to exit the Character Editor?,Ready to exit the Character Editor?,pending,exe:blitz_string@0x1B6E24
Abort character and return to main menu?,Abort character and return to main menu?,pending,exe:blitz_string@0x1B6E78
. Maximum Mana Points have increased by,. Maximum Mana Points have increased by,pending,exe:blitz_string@0x1B6ED4
's maximum Hit Points have increased by,'s maximum Hit Points have increased by,pending,exe:blitz_string@0x1B6F30
"There is a spray of acid and you try to jump out of they way, but you are hit in the face!","There is a spray of acid and you try to jump out of they way, but you are hit in the face!",pending,exe:blitz_string@0x1B6F90
sfx_negative,sfx_negative,pending,exe:blitz_string@0x1B7050
Your helm was destroyed!,Your helm was destroyed!,pending,exe:blitz_string@0x1B7074
Your cloak was destroyed by acid!,Your cloak was destroyed by acid!,pending,exe:blitz_string@0x1B70B0
"There is a spray of acid and you try to jump out of they way, but you are hit in the chest!","There is a spray of acid and you try to jump out of they way, but you are hit in the chest!",pending,exe:blitz_string@0x1B7100
Your torso armor was destroyed!,Your torso armor was destroyed!,pending,exe:blitz_string@0x1B71C4
Your weapon was destroyed by acid!,Your weapon was destroyed by acid!,pending,exe:blitz_string@0x1B7210
Your belt was destroyed by acid!,Your belt was destroyed by acid!,pending,exe:blitz_string@0x1B7260
were destroyed by acid!,were destroyed by acid!,pending,exe:blitz_string@0x1B72AC
"There is a spray of acid and you try to jump out of they way, but you are hit in the legs!","There is a spray of acid and you try to jump out of they way, but you are hit in the legs!",pending,exe:blitz_string@0x1B72E8
Your leg armor was destroyed!,Your leg armor was destroyed!,pending,exe:blitz_string@0x1B73A8
was destroyed by acid!,was destroyed by acid!,pending,exe:blitz_string@0x1B73F0
You were able to avoid the splash of acid!,You were able to avoid the splash of acid!,pending,exe:blitz_string@0x1B742C
Fire_Burst,Fire_Burst,pending,exe:blitz_string@0x1B7490
Compress,Compress,pending,exe:blitz_string@0x1B74C0
effect not recognized!!,effect not recognized!!,pending,exe:blitz_string@0x1B74DC
Step_Water1,Step_Water1,pending,exe:blitz_string@0x1B775C
Step_Water2,Step_Water2,pending,exe:blitz_string@0x1B7780
Coif,Coif,pending,exe:blitz_string@0x1B7900
Mace,Mace,pending,exe:blitz_string@0x1B7914
Cudgel,Cudgel,pending,exe:blitz_string@0x1B7928
Skullcrusher,Skullcrusher,pending,exe:blitz_string@0x1B7940
Quarterstaff,Quarterstaff,pending,exe:blitz_string@0x1B7964
Casting,Casting,pending,exe:blitz_string@0x1B7D10
ERROR casting,ERROR casting,pending,exe:blitz_string@0x1B7D30
SFX_negative,SFX_negative,pending,exe:blitz_string@0x1B7D58
Blessings have no effect on Atheistic persons.,Blessings have no effect on Atheistic persons.,pending,exe:blitz_string@0x1B7D7C
This spell must be focused on a living creature.,This spell must be focused on a living creature.,pending,exe:blitz_string@0x1B7DE4
SFX_Spellfail,SFX_Spellfail,pending,exe:blitz_string@0x1B7E50
has avoided being charmed!,has avoided being charmed!,pending,exe:blitz_string@0x1B7E78
[Save vs Magick: SUCCESS!],[Save vs Magick: SUCCESS!],pending,exe:blitz_string@0x1B7EBC
has been charmed and will temporarily defend you.,has been charmed and will temporarily defend you.,pending,exe:blitz_string@0x1B7F00
[Save vs Magick: FAILED!],[Save vs Magick: FAILED!],pending,exe:blitz_string@0x1B7F70
This target appears to be uneffected by the spell.,This target appears to be uneffected by the spell.,pending,exe:blitz_string@0x1B7FB0
"Target was not charmed, but it appears they may be effected if the spell were cast at a higher level.","Target was not charmed, but it appears they may be effected if the spell were cast at a higher level.",pending,exe:blitz_string@0x1B8020
This spell has no effect on inanimate objects. Try casting it on a living creature.,This spell has no effect on inanimate objects. Try casting it on a living creature.,pending,exe:blitz_string@0x1B80F8
You are not current cursed or hexed. This spell has no effect on you.,You are not current cursed or hexed. This spell has no effect on you.,pending,exe:blitz_string@0x1B81AC
The curse was too strong. You must cast this spell at a higher level to be effective.,The curse was too strong. You must cast this spell at a higher level to be effective.,pending,exe:blitz_string@0x1B8244
Hit Points.,Hit Points.,pending,exe:blitz_string@0x1B82FC
You are bathed in divine light which heals you,You are bathed in divine light which heals you,pending,exe:blitz_string@0x1B8320
SFX_Entangle,SFX_Entangle,pending,exe:blitz_string@0x1B838C
"Weeds and tanglebrush ensnare your target's legs, temporarily binding them!","Weeds and tanglebrush ensnare your target's legs, temporarily binding them!",pending,exe:blitz_string@0x1B83B0
This target is too powerful to become entangled.,This target is too powerful to become entangled.,pending,exe:blitz_string@0x1B8454
"Target was not entangled, but it appears they may be effected if the spell were cast at a higher level.","Target was not entangled, but it appears they may be effected if the spell were cast at a higher level.",pending,exe:blitz_string@0x1B84C0
Spell_Lore,Spell_Lore,pending,exe:blitz_string@0x1B859C
The spell was able to identify this rare item.,The spell was able to identify this rare item.,pending,exe:blitz_string@0x1B85BC
You will need to cast this spell at a higher level to determine what this item is.,You will need to cast this spell at a higher level to determine what this item is.,pending,exe:blitz_string@0x1B8624
This spell can only be cast on an inanimate object.,This spell can only be cast on an inanimate object.,pending,exe:blitz_string@0x1B86D4
"This object is not locked, so this spell had no effect.","This object is not locked, so this spell had no effect.",pending,exe:blitz_string@0x1B8748
The lock begins glowing red until it melts into globs of molten metal!,The lock begins glowing red until it melts into globs of molten metal!,pending,exe:blitz_string@0x1B87C4
was not enough to melt it.,was not enough to melt it.,pending,exe:blitz_string@0x1B885C
"Although the lock begins to glow red, casting the spell at level","Although the lock begins to glow red, casting the spell at level",pending,exe:blitz_string@0x1B88A0
A Portal has been set for this location. You may Recall it at any time by casting 'Portal' again.,A Portal has been set for this location. You may Recall it at any time by casting 'Portal' again.,pending,exe:blitz_string@0x1B8930
You much be able to lay your hands on the target you wish to Smite. Move closer to the target and cast again.,You much be able to lay your hands on the target you wish to Smite. Move closer to the target and cast again.,pending,exe:blitz_string@0x1B8A00
SonicBlast,SonicBlast,pending,exe:blitz_string@0x1B8AE8
round!,round!,pending,exe:blitz_string@0x1B8B08
has been stunned for,has been stunned for,pending,exe:blitz_string@0x1B8B24
[Save vs Magick FAILED!],[Save vs Magick FAILED!],pending,exe:blitz_string@0x1B8B5C
rounds!,rounds!,pending,exe:blitz_string@0x1B8B9C
has resisted being stunned.,has resisted being stunned.,pending,exe:blitz_string@0x1B8BB8
[Save vs Magick SUCCESS!],[Save vs Magick SUCCESS!],pending,exe:blitz_string@0x1B8BFC
"This object is not trapped, so this spell had no effect.","This object is not trapped, so this spell had no effect.",pending,exe:blitz_string@0x1B8C3C
This trap has been successfuly disarmed!,This trap has been successfuly disarmed!,pending,exe:blitz_string@0x1B8CB8
There seemed to be absolutly no effect upon the trap at this casting level. Try casting the spell at a higher lever.,There seemed to be absolutly no effect upon the trap at this casting level. Try casting the spell at a higher lever.,pending,exe:blitz_string@0x1B8D14
"had very little effect on this trap. Try casting the spell again, perhaps at a higher level.","had very little effect on this trap. Try casting the spell again, perhaps at a higher level.",pending,exe:blitz_string@0x1B8E08
Casting this spell at level,Casting this spell at level,pending,exe:blitz_string@0x1B8ED0
The trap was not disabled on this attempt! Try casting the spell again.,The trap was not disabled on this attempt! Try casting the spell again.,pending,exe:blitz_string@0x1B8F14
This spell does not effect inanimate objects.,This spell does not effect inanimate objects.,pending,exe:blitz_string@0x1B8FB0
Walking Corpse,Walking Corpse,pending,exe:blitz_string@0x1B9018 | exe:resource@0x54B18C:csv
Skeleton,Skeleton,pending,exe:blitz_string@0x1B9040 | exe:resource@0x54B18C:csv
flees!,flees!,pending,exe:blitz_string@0x1B905C
[Save vs. Divinity FAILED!] The,[Save vs. Divinity FAILED!] The,pending,exe:blitz_string@0x1B9078
SFX_Level2,SFX_Level2,pending,exe:blitz_string@0x1B90C4
seems to have negated the effect of your turning.,seems to have negated the effect of your turning.,pending,exe:blitz_string@0x1B90E4
[Save vs. Divinity SUCCESS!] The,[Save vs. Divinity SUCCESS!] The,pending,exe:blitz_string@0x1B9154
This person is unconcious...probably because of something you did.,This person is unconcious...probably because of something you did.,pending,exe:blitz_string@0x1B91A4
This person has died and cannot talk.,This person has died and cannot talk.,pending,exe:blitz_string@0x1B9234
This person is too busy to talk to you.,This person is too busy to talk to you.,pending,exe:blitz_string@0x1B928C
This target is currently charmed.,This target is currently charmed.,pending,exe:blitz_string@0x1B92E8
.tre,.tre,pending,exe:blitz_string@0x1B9338
incbin::incbin/,incbin::incbin/,pending,exe:blitz_string@0x1B934C
This person just ignores you. Perhaps they are too busy to chat.,This person just ignores you. Perhaps they are too busy to chat.,pending,exe:blitz_string@0x1B9378
": Pay your taxes, citizen!",": Pay your taxes, citizen!",pending,exe:blitz_string@0x1B9404
: Greetings.,: Greetings.,pending,exe:blitz_string@0x1B9444
: Don't cause any trouble.,: Don't cause any trouble.,pending,exe:blitz_string@0x1B9468
This Acolyte is deep in thought and completely ignores you.,This Acolyte is deep in thought and completely ignores you.,pending,exe:blitz_string@0x1B94A8
sound/dramatic_cue.wav,sound/dramatic_cue.wav,pending,exe:blitz_string@0x1B9584
sound/Woosh.wav,sound/Woosh.wav,pending,exe:blitz_string@0x1B95E4
Welcome to Eschalon: Book I by Basilisk Games - Copyright 2007-2008,Welcome to Eschalon: Book I by Basilisk Games - Copyright 2007-2008,pending,exe:blitz_string@0x1B962C
Press F1 for helpful playing tips. Press F3 for help on keyboard shortcuts.,Press F1 for helpful playing tips. Press F3 for help on keyboard shortcuts.,pending,exe:blitz_string@0x1B96C0
You awaken...,You awaken...,pending,exe:blitz_string@0x1B9764
ITEM CATEGORY,ITEM CATEGORY,pending,exe:resource@0x54159C:csv
DESCRIPTION,DESCRIPTION,pending,exe:resource@0x54159C:csv
LBS,LBS,pending,exe:resource@0x54159C:csv
SKILL REQUIRED,SKILL REQUIRED,pending,exe:resource@0x54159C:csv
RARE,RARE,pending,exe:resource@0x54159C:csv
ICON,ICON,pending,exe:resource@0x54159C:csv
COMB,COMB,pending,exe:resource@0x54159C:csv
DAM,DAM,pending,exe:resource@0x54159C:csv
AR,AR,pending,exe:resource@0x54159C:csv | exe:resource@0x54B18C:csv
ATTR,ATTR,pending,exe:resource@0x54159C:csv
AT m,AT m,pending,exe:resource@0x54159C:csv
SKILL,SKILL,pending,exe:resource@0x54159C:csv
SK m,SK m,pending,exe:resource@0x54159C:csv
HP m,HP m,pending,exe:resource@0x54159C:csv
MANA m,MANA m,pending,exe:resource@0x54159C:csv
2H m,2H m,pending,exe:resource@0x54159C:csv
DMG m,DMG m,pending,exe:resource@0x54159C:csv
AR m,AR m,pending,exe:resource@0x54159C:csv
RES m,RES m,pending,exe:resource@0x54159C:csv
Effect,Effect,pending,exe:resource@0x54159C:csv
Script (called when USED),Script (called when USED),pending,exe:resource@0x54159C:csv
Sound(SFX_Stats_Open) ; book 14,Sound(SFX_Stats_Open) ; book 14,pending,exe:resource@0x54159C:csv
Sound(SFX_Stats_Open) ; book 29,Sound(SFX_Stats_Open) ; book 29,pending,exe:resource@0x54159C:csv
Sound(SFX_Stats_Open) ; book 35,Sound(SFX_Stats_Open) ; book 35,pending,exe:resource@0x54159C:csv
Sound(SFX_Stats_Open) ; book 43,Sound(SFX_Stats_Open) ; book 43,pending,exe:resource@0x54159C:csv
Message(*Gulp*  Delicious!) ; Remove ; Sound(Eat) ; restore 2,Message(*Gulp*  Delicious!) ; Remove ; Sound(Eat) ; restore 2,pending,exe:resource@0x54159C:csv
heal 5 0 ; sound(sfx_stash) ; message (You clean your wounds and apply bandages.) ; remove,heal 5 0 ; sound(sfx_stash) ; message (You clean your wounds and apply bandages.) ; remove,pending,exe:resource@0x54159C:csv
Sound(SFX_Stats_Open) ; book 41,Sound(SFX_Stats_Open) ; book 41,pending,exe:resource@0x54159C:csv
Sound(SFX_Stats_Open) ; book 30,Sound(SFX_Stats_Open) ; book 30,pending,exe:resource@0x54159C:csv
Sound(SFX_Stats_Open) ; book 17 ; learn_book 36,Sound(SFX_Stats_Open) ; book 17 ; learn_book 36,pending,exe:resource@0x54159C:csv
Message(*Gulp*  Refreshing!) ; Remove ; Sound(SFX_Quaff),Message(*Gulp*  Refreshing!) ; Remove ; Sound(SFX_Quaff),pending,exe:resource@0x54159C:csv
Message(*Gulp*  Mmm- that's good stuff!) ; Remove ; Sound(SFX_Quaff),Message(*Gulp*  Mmm- that's good stuff!) ; Remove ; Sound(SFX_Quaff),pending,exe:resource@0x54159C:csv
Message(*Gulp*  That was a great year.) ; Remove ; Sound(SFX_Quaff),Message(*Gulp*  That was a great year.) ; Remove ; Sound(SFX_Quaff),pending,exe:resource@0x54159C:csv
Message(*Gulp*  Smooth!) ; Remove ; Sound(SFX_Quaff),Message(*Gulp*  Smooth!) ; Remove ; Sound(SFX_Quaff),pending,exe:resource@0x54159C:csv
Message(*Gulp*  You wish you had some cheese to go with this...) ; Remove ; Sound(SFX_Quaff),Message(*Gulp*  You wish you had some cheese to go with this...) ; Remove ; Sound(SFX_Quaff),pending,exe:resource@0x54159C:csv
Message(*Gulp*  Delicious!) ; Remove ; Sound(Eat) ; heal 1 1,Message(*Gulp*  Delicious!) ; Remove ; Sound(Eat) ; heal 1 1,pending,exe:resource@0x54159C:csv
Sound(SFX_Stats_Open) ; book 24 ; learn_book 40,Sound(SFX_Stats_Open) ; book 24 ; learn_book 40,pending,exe:resource@0x54159C:csv
Time,Time,pending,exe:resource@0x54159C:csv
sound (SFX_Quaff) ; cure_poison 4 ; to_flask,sound (SFX_Quaff) ; cure_poison 4 ; to_flask,pending,exe:resource@0x54159C:csv
Message(*Gulp*  Delicious!) ; Remove ; Sound(Eat) ; heal 5 1,Message(*Gulp*  Delicious!) ; Remove ; Sound(Eat) ; heal 5 1,pending,exe:resource@0x54159C:csv
Sound(SFX_Stats_Open) ; book 20 ; learn_book 38,Sound(SFX_Stats_Open) ; book 20 ; learn_book 38,pending,exe:resource@0x54159C:csv
Sound(SFX_Stats_Open) ; book 19 ; learn_book 41,Sound(SFX_Stats_Open) ; book 19 ; learn_book 41,pending,exe:resource@0x54159C:csv
IC_RANDOM,IC_RANDOM,pending,exe:resource@0x54159C:csv
cond_health ; Message(You feel the elixir course through your veins.) ; Heal 15 0 ; Sound(SFX_quaff) ; Sound(SFX_Heal) ; to_flask,cond_health ; Message(You feel the elixir course through your veins.) ; Heal 15 0 ; Sound(SFX_quaff) ; Sound(SFX_Heal) ; to_flask,pending,exe:resource@0x54159C:csv
cond_health ; Message(You feel the elixir course through your veins.) ; Heal 40 0 ; Sound(SFX_quaff) ; Sound(SFX_Heal) ; to_flask,cond_health ; Message(You feel the elixir course through your veins.) ; Heal 40 0 ; Sound(SFX_quaff) ; Sound(SFX_Heal) ; to_flask,pending,exe:resource@0x54159C:csv
cond_health ; Message(You feel the elixir course through your veins.) ; Heal 90 0 ; Sound(SFX_quaff) ; Sound(SFX_Heal) ; to_flask,cond_health ; Message(You feel the elixir course through your veins.) ; Heal 90 0 ; Sound(SFX_quaff) ; Sound(SFX_Heal) ; to_flask,pending,exe:resource@0x54159C:csv
Sound(SFX_Stats_Open) ; book 26 ; learn_book 44,Sound(SFX_Stats_Open) ; book 26 ; learn_book 44,pending,exe:resource@0x54159C:csv
Sound(SFX_Stats_Open) ; book 23 ; learn_book 42,Sound(SFX_Stats_Open) ; book 23 ; learn_book 42,pending,exe:resource@0x54159C:csv
Message(*Gulp*  Yuck!) ; Remove ; Sound(SFX_Disease),Message(*Gulp*  Yuck!) ; Remove ; Sound(SFX_Disease),pending,exe:resource@0x54159C:csv
Sound(SFX_Stats_Open) ; book 34,Sound(SFX_Stats_Open) ; book 34,pending,exe:resource@0x54159C:csv
Sound(SFX_Stats_Open) ; book 42,Sound(SFX_Stats_Open) ; book 42,pending,exe:resource@0x54159C:csv
Message(A faint message is inscribed on the band: ''Mary - my eternal love''.),Message(A faint message is inscribed on the band: ''Mary - my eternal love''.),pending,exe:resource@0x54159C:csv
sound (SFX_Quaff) ; effect (Invisible) 2 ; to_flask,sound (SFX_Quaff) ; effect (Invisible) 2 ; to_flask,pending,exe:resource@0x54159C:csv
sound (SFX_Quaff) ; effect (Invisible) 4 ; to_flask,sound (SFX_Quaff) ; effect (Invisible) 4 ; to_flask,pending,exe:resource@0x54159C:csv
sound (SFX_Quaff) ; effect (Invisible) 6 ; to_flask,sound (SFX_Quaff) ; effect (Invisible) 6 ; to_flask,pending,exe:resource@0x54159C:csv
Sound(SFX_Stats_Open) ; book 27 ; learn_book 33,Sound(SFX_Stats_Open) ; book 27 ; learn_book 33,pending,exe:resource@0x54159C:csv
Sound(SFX_Stats_Open) ; book 10,Sound(SFX_Stats_Open) ; book 10,pending,exe:resource@0x54159C:csv
Sound(SFX_Stats_Open) ; book 16 ; learn_book 35,Sound(SFX_Stats_Open) ; book 16 ; learn_book 35,pending,exe:resource@0x54159C:csv
sound (SFX_Quaff) ; effect (Leatherskin) 2 ; to_flask,sound (SFX_Quaff) ; effect (Leatherskin) 2 ; to_flask,pending,exe:resource@0x54159C:csv
sound (SFX_Quaff) ; effect (Leatherskin) 4 ; to_flask,sound (SFX_Quaff) ; effect (Leatherskin) 4 ; to_flask,pending,exe:resource@0x54159C:csv
sound (SFX_Quaff) ; effect (Leatherskin) 6 ; to_flask,sound (SFX_Quaff) ; effect (Leatherskin) 6 ; to_flask,pending,exe:resource@0x54159C:csv
Sound(SFX_Stats_Open) ; book 36,Sound(SFX_Stats_Open) ; book 36,pending,exe:resource@0x54159C:csv
Sound(SFX_Stats_Open) ; book 25 ; learn_book 34,Sound(SFX_Stats_Open) ; book 25 ; learn_book 34,pending,exe:resource@0x54159C:csv
Sound(SFX_Stats_Open) ; book 21 ; learn_book 43,Sound(SFX_Stats_Open) ; book 21 ; learn_book 43,pending,exe:resource@0x54159C:csv
cond_mana ; Message(You feel a surge of power as the potion restores your arcane energies.) ; Restore 15 ; Sound(SFX_Quaff) ; Sound(SFX_Restore) ; to_flask,cond_mana ; Message(You feel a surge of power as the potion restores your arcane energies.) ; Restore 15 ; Sound(SFX_Quaff) ; Sound(SFX_Restore) ; to_flask,pending,exe:resource@0x54159C:csv
cond_mana ; Message(You feel a surge of power as the potion restores your arcane energies.) ; Restore 40 ; Sound(SFX_Quaff) ; Sound(SFX_Restore) ; to_flask,cond_mana ; Message(You feel a surge of power as the potion restores your arcane energies.) ; Restore 40 ; Sound(SFX_Quaff) ; Sound(SFX_Restore) ; to_flask,pending,exe:resource@0x54159C:csv
cond_mana ; Message(You feel a surge of power as the potion restores your arcane energies.) ; Restore 90 ; Sound(SFX_Quaff) ; Sound(SFX_Restore) ; to_flask,cond_mana ; Message(You feel a surge of power as the potion restores your arcane energies.) ; Restore 90 ; Sound(SFX_Quaff) ; Sound(SFX_Restore) ; to_flask,pending,exe:resource@0x54159C:csv
sound(SFX_Stats_Open) ; message(You are viewing a map. Press any key to continue...) ; display (regmap1.png),sound(SFX_Stats_Open) ; message(You are viewing a map. Press any key to continue...) ; display (regmap1.png),pending,exe:resource@0x54159C:csv
Sound(SFX_Stats_Open) ; book 22 ; learn_book 39,Sound(SFX_Stats_Open) ; book 22 ; learn_book 39,pending,exe:resource@0x54159C:csv
Sound(SFX_Stats_Open) ; book 37,Sound(SFX_Stats_Open) ; book 37,pending,exe:resource@0x54159C:csv
Sound(SFX_Stats_Open) ; book 2,Sound(SFX_Stats_Open) ; book 2,pending,exe:resource@0x54159C:csv
Sound(SFX_Stats_Open) ; book 48,Sound(SFX_Stats_Open) ; book 48,pending,exe:resource@0x54159C:csv
sound (SFX_Quaff) ; message(The elixir is bitter and causes you to choke!) ; poison 200 ; cond_quest 18 1 ; kill_quest 18 ; to_flask,sound (SFX_Quaff) ; message(The elixir is bitter and causes you to choke!) ; poison 200 ; cond_quest 18 1 ; kill_quest 18 ; to_flask,pending,exe:resource@0x54159C:csv
sound (SFX_Quaff) ; effect (Cat's Eyes) 2 ; to_flask,sound (SFX_Quaff) ; effect (Cat's Eyes) 2 ; to_flask,pending,exe:resource@0x54159C:csv
sound (SFX_Quaff) ; cure_disease 6 ; to_flask,sound (SFX_Quaff) ; cure_disease 6 ; to_flask,pending,exe:resource@0x54159C:csv
sound (SFX_Quaff) ; cure_disease 3 ; to_flask,sound (SFX_Quaff) ; cure_disease 3 ; to_flask,pending,exe:resource@0x54159C:csv
sound (SFX_Quaff) ; effect (Mana Fortified) 3 ; to_flask,sound (SFX_Quaff) ; effect (Mana Fortified) 3 ; to_flask,pending,exe:resource@0x54159C:csv
sound (SFX_Quaff) ; effect (Greater Protection) 3 ; to_flask,sound (SFX_Quaff) ; effect (Greater Protection) 3 ; to_flask,pending,exe:resource@0x54159C:csv
sound (SFX_Quaff) ; effect (Haste) 2 ; to_flask,sound (SFX_Quaff) ; effect (Haste) 2 ; to_flask,pending,exe:resource@0x54159C:csv
sound (SFX_Quaff) ; effect (Haste) 4 ; to_flask,sound (SFX_Quaff) ; effect (Haste) 4 ; to_flask,pending,exe:resource@0x54159C:csv
sound (SFX_Quaff) ; effect (Haste) 6 ; to_flask,sound (SFX_Quaff) ; effect (Haste) 6 ; to_flask,pending,exe:resource@0x54159C:csv
sound (SFX_Quaff) ; effect (Keensight) 3 ; to_flask,sound (SFX_Quaff) ; effect (Keensight) 3 ; to_flask,pending,exe:resource@0x54159C:csv
sound (SFX_Quaff) ; effect (Nimbleness) 3 ; to_flask,sound (SFX_Quaff) ; effect (Nimbleness) 3 ; to_flask,pending,exe:resource@0x54159C:csv
sound (SFX_Quaff) ; effect (Ogre Strength) 3 ; to_flask,sound (SFX_Quaff) ; effect (Ogre Strength) 3 ; to_flask,pending,exe:resource@0x54159C:csv
sound (SFX_Quaff) ; effect (Predator Sight) 3 ; to_flask,sound (SFX_Quaff) ; effect (Predator Sight) 3 ; to_flask,pending,exe:resource@0x54159C:csv
sound (SFX_Quaff) ; effect (Stoneskin) 2 ; to_flask,sound (SFX_Quaff) ; effect (Stoneskin) 2 ; to_flask,pending,exe:resource@0x54159C:csv
sound (SFX_Quaff) ; cond_special 12 ; kill_quest 25 ; to_flask,sound (SFX_Quaff) ; cond_special 12 ; kill_quest 25 ; to_flask,pending,exe:resource@0x54159C:csv
Message(*Gulp*  Delicious!) ; Remove ; Sound(Eat) ; heal 3 1,Message(*Gulp*  Delicious!) ; Remove ; Sound(Eat) ; heal 3 1,pending,exe:resource@0x54159C:csv
Sound(SFX_Stats_Open) ; book 46,Sound(SFX_Stats_Open) ; book 46,pending,exe:resource@0x54159C:csv
Learn ; Remove,Learn ; Remove,pending,exe:resource@0x54159C:csv
Sound(SFX_Stats_Open) ; book 3,Sound(SFX_Stats_Open) ; book 3,pending,exe:resource@0x54159C:csv
Sound(SFX_Stats_Open) ; book 13,Sound(SFX_Stats_Open) ; book 13,pending,exe:resource@0x54159C:csv
Sound(SFX_Stats_Open) ; book 4,Sound(SFX_Stats_Open) ; book 4,pending,exe:resource@0x54159C:csv
Sound(SFX_Stats_Open) ; book 6,Sound(SFX_Stats_Open) ; book 6,pending,exe:resource@0x54159C:csv
Sound(SFX_Stats_Open) ; book 5,Sound(SFX_Stats_Open) ; book 5,pending,exe:resource@0x54159C:csv
Sound(SFX_Stats_Open) ; book 28 ; learn_book 31,Sound(SFX_Stats_Open) ; book 28 ; learn_book 31,pending,exe:resource@0x54159C:csv
Sound(SFX_Stats_Open) ; book 40,Sound(SFX_Stats_Open) ; book 40,pending,exe:resource@0x54159C:csv
Sound(SFX_Stats_Open) ; book 38,Sound(SFX_Stats_Open) ; book 38,pending,exe:resource@0x54159C:csv
Sound(SFX_Stats_Open) ; book 18 ; learn_book 32,Sound(SFX_Stats_Open) ; book 18 ; learn_book 32,pending,exe:resource@0x54159C:csv
Sound(SFX_Stats_Open) ; book 1,Sound(SFX_Stats_Open) ; book 1,pending,exe:resource@0x54159C:csv
Sound(SFX_Stats_Open) ; book 44,Sound(SFX_Stats_Open) ; book 44,pending,exe:resource@0x54159C:csv
Sound(SFX_Stats_Open) ; book 15 ; learn_book 37,Sound(SFX_Stats_Open) ; book 15 ; learn_book 37,pending,exe:resource@0x54159C:csv
Sound(SFX_Stats_Open) ; book 33 ; learn_book 30,Sound(SFX_Stats_Open) ; book 33 ; learn_book 30,pending,exe:resource@0x54159C:csv
Sound(SFX_Stats_Open) ; book 39,Sound(SFX_Stats_Open) ; book 39,pending,exe:resource@0x54159C:csv
Sound(SFX_Stats_Open) ; book 9,Sound(SFX_Stats_Open) ; book 9,pending,exe:resource@0x54159C:csv
Message(*Gulp*  That takes the hunger away.) ; Remove ; Sound(Eat) ; heal 1 1,Message(*Gulp*  That takes the hunger away.) ; Remove ; Sound(Eat) ; heal 1 1,pending,exe:resource@0x54159C:csv
Message(This strange object doesn't seem to belong to this world),Message(This strange object doesn't seem to belong to this world),pending,exe:resource@0x54159C:csv
"""IC_NOTE"",""2nd Sealed Note"",0.1,0,9,196,0,0,0,0,0,0,0,0,0,0,0,0,0,0,0,""Sound(SFX_Stats_Open) ; book 14""","""IC_NOTE"",""2nd Sealed Note"",0.1,0,9,196,0,0,0,0,0,0,0,0,0,0,0,0,0,0,0,""Sound(SFX_Stats_Open) ; book 14""",pending,exe:resource@0x54159C:line
"""IC_NOTE"",""3rd Sealed Note"",0.1,0,9,196,0,0,0,0,0,0,0,0,0,0,0,0,0,0,0,""Sound(SFX_Stats_Open) ; book 29""","""IC_NOTE"",""3rd Sealed Note"",0.1,0,9,196,0,0,0,0,0,0,0,0,0,0,0,0,0,0,0,""Sound(SFX_Stats_Open) ; book 29""",pending,exe:resource@0x54159C:line
"""IC_GAUNTS"",""Adamantine Bracers"",1.5,""SKILL_ARMOR_LIGHT"",3,76,1250,0,0,4,0,0,0,0,0,0,0,0,0,0,0,","""IC_GAUNTS"",""Adamantine Bracers"",1.5,""SKILL_ARMOR_LIGHT"",3,76,1250,0,0,4,0,0,0,0,0,0,0,0,0,0,0,",pending,exe:resource@0x54159C:line
"""IC_WEAPON"",""Adamantine Dagger"",1.5,""SKILL_WEAPON_SHORT_BLADE"",3,3,450,0,5,0,0,0,0,0,0,0,0,0,0,0,0,","""IC_WEAPON"",""Adamantine Dagger"",1.5,""SKILL_WEAPON_SHORT_BLADE"",3,3,450,0,5,0,0,0,0,0,0,0,0,0,0,0,0,",pending,exe:resource@0x54159C:line
"""IC_AMULET"",""Amulet of Accuracy"",0.1,0,2,172,100,0,0,0,0,0,0,0,0,0,3,0,0,0,0,","""IC_AMULET"",""Amulet of Accuracy"",0.1,0,2,172,100,0,0,0,0,0,0,0,0,0,3,0,0,0,0,",pending,exe:resource@0x54159C:line
"""IC_AMULET"",""Amulet of Greater Protection"",0.1,0,4,176,1000,0,0,0,0,0,0,0,0,0,0,0,5,0,0,","""IC_AMULET"",""Amulet of Greater Protection"",0.1,0,4,176,1000,0,0,0,0,0,0,0,0,0,0,0,5,0,0,",pending,exe:resource@0x54159C:line
"""IC_AMULET"",""Amulet of Protection"",0.1,0,3,176,200,0,0,0,0,0,0,0,0,0,0,0,2,0,0,","""IC_AMULET"",""Amulet of Protection"",0.1,0,3,176,200,0,0,0,0,0,0,0,0,0,0,0,2,0,0,",pending,exe:resource@0x54159C:line
"""IC_AMULET"",""Amulet of the Master Merchant"",0.1,0,3,177,425,0,0,0,0,0,""SKILL_MERCANTILE"",3,0,0,0,0,0,0,0,","""IC_AMULET"",""Amulet of the Master Merchant"",0.1,0,3,177,425,0,0,0,0,0,""SKILL_MERCANTILE"",3,0,0,0,0,0,0,0,",pending,exe:resource@0x54159C:line
"""IC_AMULET"",""Amulet Passkey 15"",0.1,0,9,108,0,0,0,0,0,0,0,0,0,0,0,0,0,0,0,","""IC_AMULET"",""Amulet Passkey 15"",0.1,0,9,108,0,0,0,0,0,0,0,0,0,0,0,0,0,0,0,",pending,exe:resource@0x54159C:line
"""IC_FOOD"",""Apple"",0.1,0,1,203,1,0,0,0,0,0,0,0,0,0,0,0,0,0,0,""Message(*Gulp*  Delicious!) ; Remove ; Sound(Eat) ; restore 2""","""IC_FOOD"",""Apple"",0.1,0,1,203,1,0,0,0,0,0,0,0,0,0,0,0,0,0,0,""Message(*Gulp*  Delicious!) ; Remove ; Sound(Eat) ; restore 2""",pending,exe:resource@0x54159C:line
"""IC_QUIVER"",""Assassin's Arrow"",0.1,0,3,21,8,1,0,0,0,0,0,0,0,0,3,3,0,0,0,","""IC_QUIVER"",""Assassin's Arrow"",0.1,0,3,21,8,1,0,0,0,0,0,0,0,0,3,3,0,0,0,",pending,exe:resource@0x54159C:line
"""IC_MISC"",""Bandages"",0.1,0,1,216,5,0,0,0,0,0,0,0,0,0,0,0,0,0,0,""heal 5 0 ; sound(sfx_stash) ; message (You clean your wounds and apply bandages.) ; remove""","""IC_MISC"",""Bandages"",0.1,0,1,216,5,0,0,0,0,0,0,0,0,0,0,0,0,0,0,""heal 5 0 ; sound(sfx_stash) ; message (You clean your wounds and apply bandages.) ; remove""",pending,exe:resource@0x54159C:line
"""IC_KEY"",""Bent Key"",0.1,0,9,225,0,0,0,0,0,0,0,0,0,0,0,0,0,0,0,","""IC_KEY"",""Bent Key"",0.1,0,9,225,0,0,0,0,0,0,0,0,0,0,0,0,0,0,0,",pending,exe:resource@0x54159C:line
"""IC_AMULET"",""Bitter Naga Amulet"",0.1,0,2,127,180,0,0,0,0,0,0,0,0,0,0,0,0,2,0,","""IC_AMULET"",""Bitter Naga Amulet"",0.1,0,2,127,180,0,0,0,0,0,0,0,0,0,0,0,0,2,0,",pending,exe:resource@0x54159C:line
"""IC_BELT"",""Blessed Rope Belt of the Healer"",0.5,0,2,57,150,0,0,0,0,0,0,0,5,5,0,0,0,0,0,","""IC_BELT"",""Blessed Rope Belt of the Healer"",0.5,0,2,57,150,0,0,0,0,0,0,0,5,5,0,0,0,0,0,",pending,exe:resource@0x54159C:line
"""IC_AMULET"",""Bloodlust Amulet"",0.1,0,3,173,450,0,0,0,1,2,0,0,0,0,2,0,0,0,0,","""IC_AMULET"",""Bloodlust Amulet"",0.1,0,3,173,450,0,0,0,1,2,0,0,0,0,2,0,0,0,0,",pending,exe:resource@0x54159C:line
"""IC_NOTE"",""Bloodstained Note"",0.1,0,9,196,0,0,0,0,0,0,0,0,0,0,0,0,0,0,0,""Sound(SFX_Stats_Open) ; book 30""","""IC_NOTE"",""Bloodstained Note"",0.1,0,9,196,0,0,0,0,0,0,0,0,0,0,0,0,0,0,0,""Sound(SFX_Stats_Open) ; book 30""",pending,exe:resource@0x54159C:line
"""IC_KEY"",""Blue Goblin Key"",0.1,0,9,226,0,0,0,0,0,0,0,0,0,0,0,0,0,0,0,","""IC_KEY"",""Blue Goblin Key"",0.1,0,9,226,0,0,0,0,0,0,0,0,0,0,0,0,0,0,0,",pending,exe:resource@0x54159C:line
"""IC_GAUNTS"",""Boiled Leather Bracers"",0.5,""SKILL_ARMOR_LIGHT"",1,74,50,0,0,2,0,0,0,0,0,0,0,0,0,0,0,","""IC_GAUNTS"",""Boiled Leather Bracers"",0.5,""SKILL_ARMOR_LIGHT"",1,74,50,0,0,2,0,0,0,0,0,0,0,0,0,0,0,",pending,exe:resource@0x54159C:line
"""IC_WEAPON"",""Bone Dagger"",0.5,""SKILL_WEAPON_SHORT_BLADE"",1,1,5,0,1,0,0,0,0,0,0,0,0,0,0,0,0,","""IC_WEAPON"",""Bone Dagger"",0.5,""SKILL_WEAPON_SHORT_BLADE"",1,1,5,0,1,0,0,0,0,0,0,0,0,0,0,0,0,",pending,exe:resource@0x54159C:line
"""IC_AMULET"",""Bonesplitter's Charm"",0.1,0,3,184,390,0,0,0,1,2,""SKILL_WEAPON_BLUDGEONING"",3,0,0,0,0,0,0,0,","""IC_AMULET"",""Bonesplitter's Charm"",0.1,0,3,184,390,0,0,0,1,2,""SKILL_WEAPON_BLUDGEONING"",3,0,0,0,0,0,0,0,",pending,exe:resource@0x54159C:line
"""IC_FOOD"",""Bottle of Ale"",0.3,0,1,117,3,0,0,0,0,0,0,0,0,0,0,0,0,0,0,""Message(*Gulp*  Refreshing!) ; Remove ; Sound(SFX_Quaff)""","""IC_FOOD"",""Bottle of Ale"",0.3,0,1,117,3,0,0,0,0,0,0,0,0,0,0,0,0,0,0,""Message(*Gulp*  Refreshing!) ; Remove ; Sound(SFX_Quaff)""",pending,exe:resource@0x54159C:line
"""IC_FOOD"",""Bottle of Rare Vintage Wine"",0.3,0,2,117,110,0,0,0,0,0,0,0,0,0,0,0,0,0,0,""Message(*Gulp*  Mmm- that's good stuff!) ; Remove ; Sound(SFX_Quaff)""","""IC_FOOD"",""Bottle of Rare Vintage Wine"",0.3,0,2,117,110,0,0,0,0,0,0,0,0,0,0,0,0,0,0,""Message(*Gulp*  Mmm- that's good stuff!) ; Remove ; Sound(SFX_Quaff)""",pending,exe:resource@0x54159C:line
"""IC_FOOD"",""Bottle of Vintage Wine"",0.3,0,1,117,50,0,0,0,0,0,0,0,0,0,0,0,0,0,0,""Message(*Gulp*  That was a great year.) ; Remove ; Sound(SFX_Quaff)""","""IC_FOOD"",""Bottle of Vintage Wine"",0.3,0,1,117,50,0,0,0,0,0,0,0,0,0,0,0,0,0,0,""Message(*Gulp*  That was a great year.) ; Remove ; Sound(SFX_Quaff)""",pending,exe:resource@0x54159C:line
"""IC_FOOD"",""Bottle of Whiskey"",0.3,0,1,117,5,0,0,0,0,0,0,0,0,0,0,0,0,0,0,""Message(*Gulp*  Smooth!) ; Remove ; Sound(SFX_Quaff)""","""IC_FOOD"",""Bottle of Whiskey"",0.3,0,1,117,5,0,0,0,0,0,0,0,0,0,0,0,0,0,0,""Message(*Gulp*  Smooth!) ; Remove ; Sound(SFX_Quaff)""",pending,exe:resource@0x54159C:line
"""IC_FOOD"",""Bottle of Wine"",0.3,0,1,117,6,0,0,0,0,0,0,0,0,0,0,0,0,0,0,""Message(*Gulp*  You wish you had some cheese to go with this...) ; Remove ; Sound(SFX_Quaff)""","""IC_FOOD"",""Bottle of Wine"",0.3,0,1,117,6,0,0,0,0,0,0,0,0,0,0,0,0,0,0,""Message(*Gulp*  You wish you had some cheese to go with this...) ; Remove ; Sound(SFX_Quaff)""",pending,exe:resource@0x54159C:line
"""IC_QUEST"",""Brass Locket"",0.1,0,9,165,15,0,0,0,0,0,0,0,0,0,0,0,0,0,0,","""IC_QUEST"",""Brass Locket"",0.1,0,9,165,15,0,0,0,0,0,0,0,0,0,0,0,0,0,0,",pending,exe:resource@0x54159C:line
"""IC_RING"",""Brass Ring"",0.1,0,1,102,4,0,0,0,0,0,0,0,0,0,0,0,0,0,0,","""IC_RING"",""Brass Ring"",0.1,0,1,102,4,0,0,0,0,0,0,0,0,0,0,0,0,0,0,",pending,exe:resource@0x54159C:line
"""IC_KEY"",""Brassy Key"",0.1,0,9,220,0,0,0,0,0,0,0,0,0,0,0,0,0,0,0,","""IC_KEY"",""Brassy Key"",0.1,0,9,220,0,0,0,0,0,0,0,0,0,0,0,0,0,0,0,",pending,exe:resource@0x54159C:line
"""IC_FOOD"",""Bread"",0.1,0,1,204,2,0,0,0,0,0,0,0,0,0,0,0,0,0,0,""Message(*Gulp*  Delicious!) ; Remove ; Sound(Eat) ; heal 1 1""","""IC_FOOD"",""Bread"",0.1,0,1,204,2,0,0,0,0,0,0,0,0,0,0,0,0,0,0,""Message(*Gulp*  Delicious!) ; Remove ; Sound(Eat) ; heal 1 1""",pending,exe:resource@0x54159C:line
"""IC_RING"",""Brewmaster's Ring"",0.1,0,2,153,650,0,0,0,0,0,""SKILL_ALCHEMY"",3,0,0,0,0,0,0,0,","""IC_RING"",""Brewmaster's Ring"",0.1,0,2,153,650,0,0,0,0,0,""SKILL_ALCHEMY"",3,0,0,0,0,0,0,0,",pending,exe:resource@0x54159C:line
"""IC_GAUNTS"",""Burglar's Leather Gloves"",0.2,""SKILL_ARMOR_LIGHT"",2,70,250,0,0,1,0,0,""SKILL_PICK_LOCKS"",3,0,0,0,0,0,0,0,","""IC_GAUNTS"",""Burglar's Leather Gloves"",0.2,""SKILL_ARMOR_LIGHT"",2,70,250,0,0,1,0,0,""SKILL_PICK_LOCKS"",3,0,0,0,0,0,0,0,",pending,exe:resource@0x54159C:line
"""IC_QUEST"",""Burley Acorn"",0.1,0,9,235,10,0,0,0,0,0,0,0,0,0,0,0,0,0,0,","""IC_QUEST"",""Burley Acorn"",0.1,0,9,235,10,0,0,0,0,0,0,0,0,0,0,0,0,0,0,",pending,exe:resource@0x54159C:line
"""IC_RING"",""Copper Ring"",0.1,0,1,102,3,0,0,0,0,0,0,0,0,0,0,0,0,0,0,","""IC_RING"",""Copper Ring"",0.1,0,1,102,3,0,0,0,0,0,0,0,0,0,0,0,0,0,0,",pending,exe:resource@0x54159C:line
"""IC_REAGENT"",""Cotton Wick"",0.1,0,1,209,2,1,0,0,0,0,0,0,0,0,0,0,0,0,0,","""IC_REAGENT"",""Cotton Wick"",0.1,0,1,209,2,1,0,0,0,0,0,0,0,0,0,0,0,0,0,",pending,exe:resource@0x54159C:line
"""IC_KEY"",""Crypt Key"",0.1,0,9,222,0,0,0,0,0,0,0,0,0,0,0,0,0,0,0,","""IC_KEY"",""Crypt Key"",0.1,0,9,222,0,0,0,0,0,0,0,0,0,0,0,0,0,0,0,",pending,exe:resource@0x54159C:line
"""IC_AMULET"",""Deadeye Pendant"",0.1,0,2,183,470,0,0,0,2,2,""SKILL_WEAPON_THROWN"",4,0,0,0,0,0,0,0,","""IC_AMULET"",""Deadeye Pendant"",0.1,0,2,183,470,0,0,0,2,2,""SKILL_WEAPON_THROWN"",4,0,0,0,0,0,0,0,",pending,exe:resource@0x54159C:line
"""IC_WEAPON"",""Demon Oil I"",0.3,""SKILL_WEAPON_THROWN"",1,137,30,1,10,0,0,0,0,0,0,0,0,0,0,0,0,","""IC_WEAPON"",""Demon Oil I"",0.3,""SKILL_WEAPON_THROWN"",1,137,30,1,10,0,0,0,0,0,0,0,0,0,0,0,0,",pending,exe:resource@0x54159C:line
"""IC_WEAPON"",""Demon Oil II"",0.3,""SKILL_WEAPON_THROWN"",2,147,60,1,20,0,0,0,0,0,0,0,0,0,0,0,0,","""IC_WEAPON"",""Demon Oil II"",0.3,""SKILL_WEAPON_THROWN"",2,147,60,1,20,0,0,0,0,0,0,0,0,0,0,0,0,",pending,exe:resource@0x54159C:line
"""IC_WEAPON"",""Demon Oil III"",0.3,""SKILL_WEAPON_THROWN"",3,157,120,1,30,0,0,0,0,0,0,0,0,0,0,0,0,","""IC_WEAPON"",""Demon Oil III"",0.3,""SKILL_WEAPON_THROWN"",3,157,120,1,30,0,0,0,0,0,0,0,0,0,0,0,0,",pending,exe:resource@0x54159C:line
"""IC_POTION"",""Detox Serum"",0.3,0,1,169,80,1,0,0,0,0,0,0,0,0,0,0,0,0,0,""sound (SFX_Quaff) ; cure_poison 4 ; to_flask""","""IC_POTION"",""Detox Serum"",0.3,0,1,169,80,1,0,0,0,0,0,0,0,0,0,0,0,0,0,""sound (SFX_Quaff) ; cure_poison 4 ; to_flask""",pending,exe:resource@0x54159C:line
"""IC_GEM"",""Diamond Chip"",0.1,0,2,101,100,0,0,0,0,0,0,0,0,0,0,0,0,0,0,","""IC_GEM"",""Diamond Chip"",0.1,0,2,101,100,0,0,0,0,0,0,0,0,0,0,0,0,0,0,",pending,exe:resource@0x54159C:line
"""IC_QUIVER"",""Diamond Head Arrows"",0.1,0,4,21,30,1,0,0,0,0,0,0,0,0,5,4,0,0,0,","""IC_QUIVER"",""Diamond Head Arrows"",0.1,0,4,21,30,1,0,0,0,0,0,0,0,0,5,4,0,0,0,",pending,exe:resource@0x54159C:line
"""IC_WEAPON"",""Diamond-edge Long Sword"",5.5,""SKILL_WEAPON_SWORD"",3,46,900,0,7,0,0,0,0,0,0,0,0,0,0,0,0,","""IC_WEAPON"",""Diamond-edge Long Sword"",5.5,""SKILL_WEAPON_SWORD"",3,46,900,0,7,0,0,0,0,0,0,0,0,0,0,0,0,",pending,exe:resource@0x54159C:line
"""IC_AMULET"",""Dire Rabbit's Foot"",0.1,0,3,107,480,0,0,0,2,2,""SKILL_DODGE"",6,0,0,0,0,0,0,0,","""IC_AMULET"",""Dire Rabbit's Foot"",0.1,0,3,107,480,0,0,0,2,2,""SKILL_DODGE"",6,0,0,0,0,0,0,0,",pending,exe:resource@0x54159C:line
"""IC_QUEST"",""Divine Ore"",0.1,0,9,236,500,0,0,0,0,0,0,0,0,0,0,0,0,0,0,","""IC_QUEST"",""Divine Ore"",0.1,0,9,236,500,0,0,0,0,0,0,0,0,0,0,0,0,0,0,",pending,exe:resource@0x54159C:line
"""IC_KEY"",""Door Key"",0.1,0,9,225,0,0,0,0,0,0,0,0,0,0,0,0,0,0,0,","""IC_KEY"",""Door Key"",0.1,0,9,225,0,0,0,0,0,0,0,0,0,0,0,0,0,0,0,",pending,exe:resource@0x54159C:line
"""IC_FOOD"",""Dried Meat"",0.1,0,2,200,10,0,0,0,0,0,0,0,0,0,0,0,0,0,0,""Message(*Gulp*  Delicious!) ; Remove ; Sound(Eat) ; heal 5 1""","""IC_FOOD"",""Dried Meat"",0.1,0,2,200,10,0,0,0,0,0,0,0,0,0,0,0,0,0,0,""Message(*Gulp*  Delicious!) ; Remove ; Sound(Eat) ; heal 5 1""",pending,exe:resource@0x54159C:line
"""IC_MISC"",""Easter Egg"",0.1,0,9,234,0,0,0,0,0,0,0,0,0,0,0,0,0,0,0,","""IC_MISC"",""Easter Egg"",0.1,0,9,234,0,0,0,0,0,0,0,0,0,0,0,0,0,0,0,",pending,exe:resource@0x54159C:line
"""IC_MISC"",""Empty Flask"",0.1,0,1,100,2,1,0,0,0,0,0,0,0,0,0,0,0,0,0,","""IC_MISC"",""Empty Flask"",0.1,0,1,100,2,1,0,0,0,0,0,0,0,0,0,0,0,0,0,",pending,exe:resource@0x54159C:line
"""IC_AMULET"",""Evil Amulet"",0.1,0,2,116,200,0,0,0,0,0,0,0,0,0,0,1,0,0,0,","""IC_AMULET"",""Evil Amulet"",0.1,0,2,116,200,0,0,0,0,0,0,0,0,0,0,1,0,0,0,",pending,exe:resource@0x54159C:line
"""IC_KEY"",""Fancy Key"",0.1,0,9,222,0,0,0,0,0,0,0,0,0,0,0,0,0,0,0,","""IC_KEY"",""Fancy Key"",0.1,0,9,222,0,0,0,0,0,0,0,0,0,0,0,0,0,0,0,",pending,exe:resource@0x54159C:line
"""IC_MISC"",""Fine Porcelain Cup"",0.2,0,2,231,40,0,0,0,0,0,0,0,0,0,0,0,0,0,0,","""IC_MISC"",""Fine Porcelain Cup"",0.2,0,2,231,40,0,0,0,0,0,0,0,0,0,0,0,0,0,0,",pending,exe:resource@0x54159C:line
"""IC_MISC"",""Fine Porcelain Plate"",0.5,0,2,206,60,0,0,0,0,0,0,0,0,0,0,0,0,0,0,","""IC_MISC"",""Fine Porcelain Plate"",0.5,0,2,206,60,0,0,0,0,0,0,0,0,0,0,0,0,0,0,",pending,exe:resource@0x54159C:line
"""IC_WEAPON"",""Flask of Incinerator Fuel"",0.3,""SKILL_WEAPON_THROWN"",9,39,400,1,0,0,0,0,0,0,0,0,0,0,0,0,0,","""IC_WEAPON"",""Flask of Incinerator Fuel"",0.3,""SKILL_WEAPON_THROWN"",9,39,400,1,0,0,0,0,0,0,0,0,0,0,0,0,0,",pending,exe:resource@0x54159C:line
"""IC_QUIVER"",""Flight Arrow"",0.1,0,2,20,4,1,0,0,0,0,0,0,0,0,1,2,0,0,0,","""IC_QUIVER"",""Flight Arrow"",0.1,0,2,20,4,1,0,0,0,0,0,0,0,0,1,2,0,0,0,",pending,exe:resource@0x54159C:line
"""IC_KEY"",""Gate Key"",0.1,0,9,224,0,0,0,0,0,0,0,0,0,0,0,0,0,0,0,","""IC_KEY"",""Gate Key"",0.1,0,9,224,0,0,0,0,0,0,0,0,0,0,0,0,0,0,0,",pending,exe:resource@0x54159C:line
"""IC_KEY"",""Gold Goblin Key"",0.1,0,9,227,0,0,0,0,0,0,0,0,0,0,0,0,0,0,0,","""IC_KEY"",""Gold Goblin Key"",0.1,0,9,227,0,0,0,0,0,0,0,0,0,0,0,0,0,0,0,",pending,exe:resource@0x54159C:line
"""IC_KEY"",""Golden Key"",0.1,0,9,220,0,0,0,0,0,0,0,0,0,0,0,0,0,0,0,","""IC_KEY"",""Golden Key"",0.1,0,9,220,0,0,0,0,0,0,0,0,0,0,0,0,0,0,0,",pending,exe:resource@0x54159C:line
"""IC_AMULET"",""Gravedigger's Amulet"",0.1,0,3,128,200,0,0,0,0,0,0,0,0,0,0,0,0,0,7,","""IC_AMULET"",""Gravedigger's Amulet"",0.1,0,3,128,200,0,0,0,0,0,0,0,0,0,0,0,0,0,7,",pending,exe:resource@0x54159C:line
"""IC_KEY"",""Green Goblin Key"",0.1,0,9,228,0,0,0,0,0,0,0,0,0,0,0,0,0,0,0,","""IC_KEY"",""Green Goblin Key"",0.1,0,9,228,0,0,0,0,0,0,0,0,0,0,0,0,0,0,0,",pending,exe:resource@0x54159C:line
"""IC_POTION"",""Healing Elixir I"",0.3,0,1,134,15,1,0,0,0,0,0,0,0,0,0,0,0,0,0,""cond_health ; Message(You feel the elixir course through your veins.) ; Heal 15 0 ; Sound(SFX_quaff) ; Sound(SFX_Heal) ; to_flask""","""IC_POTION"",""Healing Elixir I"",0.3,0,1,134,15,1,0,0,0,0,0,0,0,0,0,0,0,0,0,""cond_health ; Message(You feel the elixir course through your veins.) ; Heal 15 0 ; Sound(SFX_quaff) ; Sound(SFX_Heal) ; to_flask""",pending,exe:resource@0x54159C:line
"""IC_POTION"",""Healing Elixir II"",0.3,0,2,144,45,1,0,0,0,0,0,0,0,0,0,0,0,0,0,""cond_health ; Message(You feel the elixir course through your veins.) ; Heal 40 0 ; Sound(SFX_quaff) ; Sound(SFX_Heal) ; to_flask""","""IC_POTION"",""Healing Elixir II"",0.3,0,2,144,45,1,0,0,0,0,0,0,0,0,0,0,0,0,0,""cond_health ; Message(You feel the elixir course through your veins.) ; Heal 40 0 ; Sound(SFX_quaff) ; Sound(SFX_Heal) ; to_flask""",pending,exe:resource@0x54159C:line
"""IC_POTION"",""Healing Elixir III"",0.3,0,3,154,100,1,0,0,0,0,0,0,0,0,0,0,0,0,0,""cond_health ; Message(You feel the elixir course through your veins.) ; Heal 90 0 ; Sound(SFX_quaff) ; Sound(SFX_Heal) ; to_flask""","""IC_POTION"",""Healing Elixir III"",0.3,0,3,154,100,1,0,0,0,0,0,0,0,0,0,0,0,0,0,""cond_health ; Message(You feel the elixir course through your veins.) ; Heal 90 0 ; Sound(SFX_quaff) ; Sound(SFX_Heal) ; to_flask""",pending,exe:resource@0x54159C:line
"""IC_KEY"",""Heavy Key"",0.1,0,9,224,0,0,0,0,0,0,0,0,0,0,0,0,0,0,0,","""IC_KEY"",""Heavy Key"",0.1,0,9,224,0,0,0,0,0,0,0,0,0,0,0,0,0,0,0,",pending,exe:resource@0x54159C:line
"""IC_MISC"",""Hive Larvae"",0.5,0,9,211,10,0,0,0,0,0,0,0,0,0,0,0,0,0,0,""Message(*Gulp*  Yuck!) ; Remove ; Sound(SFX_Disease)""","""IC_MISC"",""Hive Larvae"",0.5,0,9,211,10,0,0,0,0,0,0,0,0,0,0,0,0,0,0,""Message(*Gulp*  Yuck!) ; Remove ; Sound(SFX_Disease)""",pending,exe:resource@0x54159C:line
"""IC_NOTE"",""Incriminating Letter"",0.1,0,9,190,0,0,0,0,0,0,0,0,0,0,0,0,0,0,0,""Sound(SFX_Stats_Open) ; book 42""","""IC_NOTE"",""Incriminating Letter"",0.1,0,9,190,0,0,0,0,0,0,0,0,0,0,0,0,0,0,0,""Sound(SFX_Stats_Open) ; book 42""",pending,exe:resource@0x54159C:line
"""IC_MISC"",""Inkwell & Quill"",0.1,0,2,120,2,0,0,0,0,0,0,0,0,0,0,0,0,0,0,","""IC_MISC"",""Inkwell & Quill"",0.1,0,2,120,2,0,0,0,0,0,0,0,0,0,0,0,0,0,0,",pending,exe:resource@0x54159C:line
"""IC_RING"",""Inscribed Gold Wedding Ring"",0.1,0,9,102,20,0,0,0,0,0,0,0,0,0,0,0,0,0,0,""Message(A faint message is inscribed on the band: ''Mary - my eternal love''.)""","""IC_RING"",""Inscribed Gold Wedding Ring"",0.1,0,9,102,20,0,0,0,0,0,0,0,0,0,0,0,0,0,0,""Message(A faint message is inscribed on the band: ''Mary - my eternal love''.)""",pending,exe:resource@0x54159C:line
"""IC_POTION"",""Invisibility I"",0.3,0,2,139,40,1,0,0,0,0,0,0,0,0,0,0,0,0,0,""sound (SFX_Quaff) ; effect (Invisible) 2 ; to_flask""","""IC_POTION"",""Invisibility I"",0.3,0,2,139,40,1,0,0,0,0,0,0,0,0,0,0,0,0,0,""sound (SFX_Quaff) ; effect (Invisible) 2 ; to_flask""",pending,exe:resource@0x54159C:line
"""IC_POTION"",""Invisibility II"",0.3,0,3,149,90,1,0,0,0,0,0,0,0,0,0,0,0,0,0,""sound (SFX_Quaff) ; effect (Invisible) 4 ; to_flask""","""IC_POTION"",""Invisibility II"",0.3,0,3,149,90,1,0,0,0,0,0,0,0,0,0,0,0,0,0,""sound (SFX_Quaff) ; effect (Invisible) 4 ; to_flask""",pending,exe:resource@0x54159C:line
"""IC_POTION"",""Invisibility III"",0.3,0,4,159,200,1,0,0,0,0,0,0,0,0,0,0,0,0,0,""sound (SFX_Quaff) ; effect (Invisible) 6 ; to_flask""","""IC_POTION"",""Invisibility III"",0.3,0,4,159,200,1,0,0,0,0,0,0,0,0,0,0,0,0,0,""sound (SFX_Quaff) ; effect (Invisible) 6 ; to_flask""",pending,exe:resource@0x54159C:line
"""IC_WEAPON"",""Iron Dagger"",0.7,""SKILL_WEAPON_SHORT_BLADE"",1,1,24,0,1,0,0,0,0,0,0,0,0,0,0,0,0,","""IC_WEAPON"",""Iron Dagger"",0.7,""SKILL_WEAPON_SHORT_BLADE"",1,1,24,0,1,0,0,0,0,0,0,0,0,0,0,0,0,",pending,exe:resource@0x54159C:line
"""IC_GAUNTS"",""Iron Gauntlets of the Warlord"",3.5,""SKILL_ARMOR_HEAVY"",3,73,700,0,0,3,0,0,0,0,0,0,5,2,0,0,0,","""IC_GAUNTS"",""Iron Gauntlets of the Warlord"",3.5,""SKILL_ARMOR_HEAVY"",3,73,700,0,0,3,0,0,0,0,0,0,5,2,0,0,0,",pending,exe:resource@0x54159C:line
"""IC_KEY"",""Iron Key"",0.1,0,9,221,0,0,0,0,0,0,0,0,0,0,0,0,0,0,0,","""IC_KEY"",""Iron Key"",0.1,0,9,221,0,0,0,0,0,0,0,0,0,0,0,0,0,0,0,",pending,exe:resource@0x54159C:line
"""IC_WEAPON"",""Iron Throwing Dart"",0.2,""SKILL_WEAPON_THROWN"",1,9,2,1,2,0,0,0,0,0,0,0,0,0,0,0,0,","""IC_WEAPON"",""Iron Throwing Dart"",0.2,""SKILL_WEAPON_THROWN"",1,9,2,1,2,0,0,0,0,0,0,0,0,0,0,0,0,",pending,exe:resource@0x54159C:line
"""IC_NOTE"",""It's a Trap!"",2,0,3,187,50,0,0,0,0,0,0,0,0,0,0,0,0,0,0,""Sound(SFX_Stats_Open) ; book 27 ; learn_book 33""","""IC_NOTE"",""It's a Trap!"",2,0,3,187,50,0,0,0,0,0,0,0,0,0,0,0,0,0,0,""Sound(SFX_Stats_Open) ; book 27 ; learn_book 33""",pending,exe:resource@0x54159C:line
"""IC_AMULET"",""Ivory Amulet"",0.1,0,1,106,27,0,0,0,0,0,0,0,5,0,0,0,0,0,0,","""IC_AMULET"",""Ivory Amulet"",0.1,0,1,106,27,0,0,0,0,0,0,0,5,0,0,0,0,0,0,",pending,exe:resource@0x54159C:line
"""IC_REAGENT"",""Jelly Fungus"",0.1,0,2,140,25,1,0,0,0,0,0,0,0,0,0,0,0,0,0,","""IC_REAGENT"",""Jelly Fungus"",0.1,0,2,140,25,1,0,0,0,0,0,0,0,0,0,0,0,0,0,",pending,exe:resource@0x54159C:line
"""IC_NOTE"",""Journal Entry"",0.1,0,9,195,0,0,0,0,0,0,0,0,0,0,0,0,0,0,0,""Sound(SFX_Stats_Open) ; book 10""","""IC_NOTE"",""Journal Entry"",0.1,0,9,195,0,0,0,0,0,0,0,0,0,0,0,0,0,0,0,""Sound(SFX_Stats_Open) ; book 10""",pending,exe:resource@0x54159C:line
"""IC_GEM"",""Large Diamond"",0.1,0,4,111,1800,0,0,0,0,0,0,0,0,0,0,0,0,0,0,","""IC_GEM"",""Large Diamond"",0.1,0,4,111,1800,0,0,0,0,0,0,0,0,0,0,0,0,0,0,",pending,exe:resource@0x54159C:line
"""IC_GEM"",""Large Emerald"",0.1,0,3,124,350,0,0,0,0,0,0,0,0,0,0,0,0,0,0,","""IC_GEM"",""Large Emerald"",0.1,0,3,124,350,0,0,0,0,0,0,0,0,0,0,0,0,0,0,",pending,exe:resource@0x54159C:line
"""IC_GEM"",""Large Ruby"",0.1,0,3,125,450,0,0,0,0,0,0,0,0,0,0,0,0,0,0,","""IC_GEM"",""Large Ruby"",0.1,0,3,125,450,0,0,0,0,0,0,0,0,0,0,0,0,0,0,",pending,exe:resource@0x54159C:line
"""IC_GAUNTS"",""Leather Bracers"",0.4,""SKILL_ARMOR_LIGHT"",1,74,10,0,0,1,0,0,0,0,0,0,0,0,0,0,0,","""IC_GAUNTS"",""Leather Bracers"",0.4,""SKILL_ARMOR_LIGHT"",1,74,10,0,0,1,0,0,0,0,0,0,0,0,0,0,0,",pending,exe:resource@0x54159C:line
"""IC_GAUNTS"",""Leather Gloves"",0.3,""SKILL_ARMOR_LIGHT"",1,70,15,0,0,1,0,0,0,0,0,0,0,0,0,0,0,","""IC_GAUNTS"",""Leather Gloves"",0.3,""SKILL_ARMOR_LIGHT"",1,70,15,0,0,1,0,0,0,0,0,0,0,0,0,0,0,",pending,exe:resource@0x54159C:line
"""IC_TORSO"",""Leather Jerkin"",1.5,""SKILL_ARMOR_LIGHT"",1,80,15,0,0,1,0,0,0,0,0,0,0,0,0,0,0,","""IC_TORSO"",""Leather Jerkin"",1.5,""SKILL_ARMOR_LIGHT"",1,80,15,0,0,1,0,0,0,0,0,0,0,0,0,0,0,",pending,exe:resource@0x54159C:line
"""IC_TORSO"",""Leather of the Prowler"",2.5,""SKILL_ARMOR_LIGHT"",3,83,525,0,0,2,0,0,""SKILL_MOVE_SILENT"",4,0,0,0,0,0,0,0,","""IC_TORSO"",""Leather of the Prowler"",2.5,""SKILL_ARMOR_LIGHT"",3,83,525,0,0,2,0,0,""SKILL_MOVE_SILENT"",4,0,0,0,0,0,0,0,",pending,exe:resource@0x54159C:line
"""IC_POTION"",""Leatherskin I"",0.3,0,1,138,20,1,0,0,0,0,0,0,0,0,0,0,0,0,0,""sound (SFX_Quaff) ; effect (Leatherskin) 2 ; to_flask""","""IC_POTION"",""Leatherskin I"",0.3,0,1,138,20,1,0,0,0,0,0,0,0,0,0,0,0,0,0,""sound (SFX_Quaff) ; effect (Leatherskin) 2 ; to_flask""",pending,exe:resource@0x54159C:line
"""IC_POTION"",""Leatherskin II"",0.3,0,2,148,40,1,0,0,0,0,0,0,0,0,0,0,0,0,0,""sound (SFX_Quaff) ; effect (Leatherskin) 4 ; to_flask""","""IC_POTION"",""Leatherskin II"",0.3,0,2,148,40,1,0,0,0,0,0,0,0,0,0,0,0,0,0,""sound (SFX_Quaff) ; effect (Leatherskin) 4 ; to_flask""",pending,exe:resource@0x54159C:line
"""IC_POTION"",""Leatherskin III"",0.3,0,3,158,90,1,0,0,0,0,0,0,0,0,0,0,0,0,0,""sound (SFX_Quaff) ; effect (Leatherskin) 6 ; to_flask""","""IC_POTION"",""Leatherskin III"",0.3,0,3,158,90,1,0,0,0,0,0,0,0,0,0,0,0,0,0,""sound (SFX_Quaff) ; effect (Leatherskin) 6 ; to_flask""",pending,exe:resource@0x54159C:line
"""IC_NOTE"",""Letter to Penelope"",0.1,0,9,196,0,0,0,0,0,0,0,0,0,0,0,0,0,0,0,""Sound(SFX_Stats_Open) ; book 36""","""IC_NOTE"",""Letter to Penelope"",0.1,0,9,196,0,0,0,0,0,0,0,0,0,0,0,0,0,0,0,""Sound(SFX_Stats_Open) ; book 36""",pending,exe:resource@0x54159C:line
"""IC_LOCKPICK"",""Lock Pick"",0.1,0,1,126,15,1,0,0,0,0,0,0,0,0,0,0,0,0,0,","""IC_LOCKPICK"",""Lock Pick"",0.1,0,1,126,15,1,0,0,0,0,0,0,0,0,0,0,0,0,0,",pending,exe:resource@0x54159C:line
"""IC_RING"",""Loremaster's Ring"",0.1,0,3,130,1000,0,0,0,0,0,""SKILL_LORE"",6,0,0,0,0,0,0,0,","""IC_RING"",""Loremaster's Ring"",0.1,0,3,130,1000,0,0,0,0,0,""SKILL_LORE"",6,0,0,0,0,0,0,0,",pending,exe:resource@0x54159C:line
"""IC_AMULET"",""Mana Cache Amulet"",0.1,0,2,174,220,0,0,0,0,0,0,0,0,20,0,0,0,0,0,","""IC_AMULET"",""Mana Cache Amulet"",0.1,0,2,174,220,0,0,0,0,0,0,0,0,20,0,0,0,0,0,",pending,exe:resource@0x54159C:line
"""IC_POTION"",""Mana Potion I"",0.3,0,1,136,15,1,0,0,0,0,0,0,0,0,0,0,0,0,0,""cond_mana ; Message(You feel a surge of power as the potion restores your arcane energies.) ; Restore 15 ; Sound(SFX_Quaff) ; Sound(SFX_Restore) ; to_flask""","""IC_POTION"",""Mana Potion I"",0.3,0,1,136,15,1,0,0,0,0,0,0,0,0,0,0,0,0,0,""cond_mana ; Message(You feel a surge of power as the potion restores your arcane energies.) ; Restore 15 ; Sound(SFX_Quaff) ; Sound(SFX_Restore) ; to_flask""",pending,exe:resource@0x54159C:line
"""IC_POTION"",""Mana Potion II"",0.3,0,2,146,45,1,0,0,0,0,0,0,0,0,0,0,0,0,0,""cond_mana ; Message(You feel a surge of power as the potion restores your arcane energies.) ; Restore 40 ; Sound(SFX_Quaff) ; Sound(SFX_Restore) ; to_flask""","""IC_POTION"",""Mana Potion II"",0.3,0,2,146,45,1,0,0,0,0,0,0,0,0,0,0,0,0,0,""cond_mana ; Message(You feel a surge of power as the potion restores your arcane energies.) ; Restore 40 ; Sound(SFX_Quaff) ; Sound(SFX_Restore) ; to_flask""",pending,exe:resource@0x54159C:line
"""IC_POTION"",""Mana Potion III"",0.3,0,4,156,100,1,0,0,0,0,0,0,0,0,0,0,0,0,0,""cond_mana ; Message(You feel a surge of power as the potion restores your arcane energies.) ; Restore 90 ; Sound(SFX_Quaff) ; Sound(SFX_Restore) ; to_flask""","""IC_POTION"",""Mana Potion III"",0.3,0,4,156,100,1,0,0,0,0,0,0,0,0,0,0,0,0,0,""cond_mana ; Message(You feel a surge of power as the potion restores your arcane energies.) ; Restore 90 ; Sound(SFX_Quaff) ; Sound(SFX_Restore) ; to_flask""",pending,exe:resource@0x54159C:line
"""IC_REAGENT"",""Mandrake Root"",0.1,0,1,150,30,1,0,0,0,0,0,0,0,0,0,0,0,0,0,","""IC_REAGENT"",""Mandrake Root"",0.1,0,1,150,30,1,0,0,0,0,0,0,0,0,0,0,0,0,0,",pending,exe:resource@0x54159C:line
"""IC_MISC"",""Map of Thaermore"",0.1,0,2,185,5,0,0,0,0,0,0,0,0,0,0,0,0,0,0,""sound(SFX_Stats_Open) ; message(You are viewing a map. Press any key to continue...) ; display (regmap1.png)""","""IC_MISC"",""Map of Thaermore"",0.1,0,2,185,5,0,0,0,0,0,0,0,0,0,0,0,0,0,0,""sound(SFX_Stats_Open) ; message(You are viewing a map. Press any key to continue...) ; display (regmap1.png)""",pending,exe:resource@0x54159C:line
"""IC_NOTE"",""Mercenary's Note"",0.1,0,9,195,0,0,0,0,0,0,0,0,0,0,0,0,0,0,0,""Sound(SFX_Stats_Open) ; book 37""","""IC_NOTE"",""Mercenary's Note"",0.1,0,9,195,0,0,0,0,0,0,0,0,0,0,0,0,0,0,0,""Sound(SFX_Stats_Open) ; book 37""",pending,exe:resource@0x54159C:line
"""IC_RING"",""Mystic's Ring"",0.1,0,2,143,355,0,0,0,7,2,0,0,0,0,0,0,0,0,0,","""IC_RING"",""Mystic's Ring"",0.1,0,2,143,355,0,0,0,7,2,0,0,0,0,0,0,0,0,0,",pending,exe:resource@0x54159C:line
"""IC_KEY"",""Odd Key"",0.1,0,9,222,0,0,0,0,0,0,0,0,0,0,0,0,0,0,0,","""IC_KEY"",""Odd Key"",0.1,0,9,222,0,0,0,0,0,0,0,0,0,0,0,0,0,0,0,",pending,exe:resource@0x54159C:line
"""IC_NOTE"",""Portal Instructions"",0.1,0,9,190,0,0,0,0,0,0,0,0,0,0,0,0,0,0,0,""Sound(SFX_Stats_Open) ; book 48""","""IC_NOTE"",""Portal Instructions"",0.1,0,9,190,0,0,0,0,0,0,0,0,0,0,0,0,0,0,0,""Sound(SFX_Stats_Open) ; book 48""",pending,exe:resource@0x54159C:line
"""IC_POTION"",""Potion of Absolute Restoration"",0.3,0,9,182,300,1,0,0,0,0,0,0,0,0,0,0,0,0,0,""sound (SFX_Quaff) ; message(The elixir is bitter and causes you to choke!) ; poison 200 ; cond_quest 18 1 ; kill_quest 18 ; to_flask""","""IC_POTION"",""Potion of Absolute Restoration"",0.3,0,9,182,300,1,0,0,0,0,0,0,0,0,0,0,0,0,0,""sound (SFX_Quaff) ; message(The elixir is bitter and causes you to choke!) ; poison 200 ; cond_quest 18 1 ; kill_quest 18 ; to_flask""",pending,exe:resource@0x54159C:line
"""IC_POTION"",""Potion of Cat's Eyes"",0.3,0,1,179,30,1,0,0,0,0,0,0,0,0,0,0,0,0,0,""sound (SFX_Quaff) ; effect (Cat's Eyes) 2 ; to_flask""","""IC_POTION"",""Potion of Cat's Eyes"",0.3,0,1,179,30,1,0,0,0,0,0,0,0,0,0,0,0,0,0,""sound (SFX_Quaff) ; effect (Cat's Eyes) 2 ; to_flask""",pending,exe:resource@0x54159C:line
"""IC_POTION"",""Potion of Cure Greater Disease"",0.3,0,3,237,400,1,0,0,0,0,0,0,0,0,0,0,0,0,0,""sound (SFX_Quaff) ; cure_disease 6 ; to_flask""","""IC_POTION"",""Potion of Cure Greater Disease"",0.3,0,3,237,400,1,0,0,0,0,0,0,0,0,0,0,0,0,0,""sound (SFX_Quaff) ; cure_disease 6 ; to_flask""",pending,exe:resource@0x54159C:line
"""IC_POTION"",""Potion of Cure Lesser Disease"",0.3,0,2,238,110,1,0,0,0,0,0,0,0,0,0,0,0,0,0,""sound (SFX_Quaff) ; cure_disease 3 ; to_flask""","""IC_POTION"",""Potion of Cure Lesser Disease"",0.3,0,2,238,110,1,0,0,0,0,0,0,0,0,0,0,0,0,0,""sound (SFX_Quaff) ; cure_disease 3 ; to_flask""",pending,exe:resource@0x54159C:line
"""IC_POTION"",""Potion of Fortified Mana"",0.3,0,2,168,80,1,0,0,0,0,0,0,0,0,0,0,0,0,0,""sound (SFX_Quaff) ; effect (Mana Fortified) 3 ; to_flask""","""IC_POTION"",""Potion of Fortified Mana"",0.3,0,2,168,80,1,0,0,0,0,0,0,0,0,0,0,0,0,0,""sound (SFX_Quaff) ; effect (Mana Fortified) 3 ; to_flask""",pending,exe:resource@0x54159C:line
"""IC_POTION"",""Potion of Greater Protection"",0.3,0,3,205,150,1,0,0,0,0,0,0,0,0,0,0,0,0,0,""sound (SFX_Quaff) ; effect (Greater Protection) 3 ; to_flask""","""IC_POTION"",""Potion of Greater Protection"",0.3,0,3,205,150,1,0,0,0,0,0,0,0,0,0,0,0,0,0,""sound (SFX_Quaff) ; effect (Greater Protection) 3 ; to_flask""",pending,exe:resource@0x54159C:line
"""IC_POTION"",""Potion of Haste I"",0.3,0,1,135,20,1,0,0,0,0,0,0,0,0,0,0,0,0,0,""sound (SFX_Quaff) ; effect (Haste) 2 ; to_flask""","""IC_POTION"",""Potion of Haste I"",0.3,0,1,135,20,1,0,0,0,0,0,0,0,0,0,0,0,0,0,""sound (SFX_Quaff) ; effect (Haste) 2 ; to_flask""",pending,exe:resource@0x54159C:line
"""IC_POTION"",""Potion of Haste II"",0.3,0,2,145,40,1,0,0,0,0,0,0,0,0,0,0,0,0,0,""sound (SFX_Quaff) ; effect (Haste) 4 ; to_flask""","""IC_POTION"",""Potion of Haste II"",0.3,0,2,145,40,1,0,0,0,0,0,0,0,0,0,0,0,0,0,""sound (SFX_Quaff) ; effect (Haste) 4 ; to_flask""",pending,exe:resource@0x54159C:line
"""IC_POTION"",""Potion of Haste III"",0.3,0,4,155,90,1,0,0,0,0,0,0,0,0,0,0,0,0,0,""sound (SFX_Quaff) ; effect (Haste) 6 ; to_flask""","""IC_POTION"",""Potion of Haste III"",0.3,0,4,155,90,1,0,0,0,0,0,0,0,0,0,0,0,0,0,""sound (SFX_Quaff) ; effect (Haste) 6 ; to_flask""",pending,exe:resource@0x54159C:line
"""IC_POTION"",""Potion of Keensight"",0.3,0,2,166,100,1,0,0,0,0,0,0,0,0,0,0,0,0,0,""sound (SFX_Quaff) ; effect (Keensight) 3 ; to_flask""","""IC_POTION"",""Potion of Keensight"",0.3,0,2,166,100,1,0,0,0,0,0,0,0,0,0,0,0,0,0,""sound (SFX_Quaff) ; effect (Keensight) 3 ; to_flask""",pending,exe:resource@0x54159C:line
"""IC_POTION"",""Potion of Nimbleness"",0.3,0,3,164,150,1,0,0,0,0,0,0,0,0,0,0,0,0,0,""sound (SFX_Quaff) ; effect (Nimbleness) 3 ; to_flask""","""IC_POTION"",""Potion of Nimbleness"",0.3,0,3,164,150,1,0,0,0,0,0,0,0,0,0,0,0,0,0,""sound (SFX_Quaff) ; effect (Nimbleness) 3 ; to_flask""",pending,exe:resource@0x54159C:line
"""IC_POTION"",""Potion of Ogre Strength"",0.3,0,3,167,150,1,0,0,0,0,0,0,0,0,0,0,0,0,0,""sound (SFX_Quaff) ; effect (Ogre Strength) 3 ; to_flask""","""IC_POTION"",""Potion of Ogre Strength"",0.3,0,3,167,150,1,0,0,0,0,0,0,0,0,0,0,0,0,0,""sound (SFX_Quaff) ; effect (Ogre Strength) 3 ; to_flask""",pending,exe:resource@0x54159C:line
"""IC_POTION"",""Potion of Predator Sight"",0.3,0,1,38,70,1,0,0,0,0,0,0,0,0,0,0,0,0,0,""sound (SFX_Quaff) ; effect (Predator Sight) 3 ; to_flask""","""IC_POTION"",""Potion of Predator Sight"",0.3,0,1,38,70,1,0,0,0,0,0,0,0,0,0,0,0,0,0,""sound (SFX_Quaff) ; effect (Predator Sight) 3 ; to_flask""",pending,exe:resource@0x54159C:line
"""IC_POTION"",""Potion of Stoneskin"",0.3,0,4,215,180,1,0,0,0,0,0,0,0,0,0,0,0,0,0,""sound (SFX_Quaff) ; effect (Stoneskin) 2 ; to_flask""","""IC_POTION"",""Potion of Stoneskin"",0.3,0,4,215,180,1,0,0,0,0,0,0,0,0,0,0,0,0,0,""sound (SFX_Quaff) ; effect (Stoneskin) 2 ; to_flask""",pending,exe:resource@0x54159C:line
"""IC_POTION"",""Purest Water"",0.5,0,9,230,500,0,0,0,0,0,0,0,0,0,0,0,0,0,0,""sound (SFX_Quaff) ; cond_special 12 ; kill_quest 25 ; to_flask""","""IC_POTION"",""Purest Water"",0.5,0,9,230,500,0,0,0,0,0,0,0,0,0,0,0,0,0,0,""sound (SFX_Quaff) ; cond_special 12 ; kill_quest 25 ; to_flask""",pending,exe:resource@0x54159C:line
"""IC_AMULET"",""Rabbit's Foot"",0.1,0,1,107,160,0,0,0,0,0,""SKILL_DODGE"",3,0,0,0,0,0,0,0,","""IC_AMULET"",""Rabbit's Foot"",0.1,0,1,107,160,0,0,0,0,0,""SKILL_DODGE"",3,0,0,0,0,0,0,0,",pending,exe:resource@0x54159C:line
"""IC_GAUNTS"",""Ranger's Leather Bracers"",0.6,""SKILL_ARMOR_LIGHT"",3,74,275,0,0,2,0,0,""SKILL_WEAPON_BOW"",2,0,0,0,0,0,0,0,","""IC_GAUNTS"",""Ranger's Leather Bracers"",0.6,""SKILL_ARMOR_LIGHT"",3,74,275,0,0,2,0,0,""SKILL_WEAPON_BOW"",2,0,0,0,0,0,0,0,",pending,exe:resource@0x54159C:line
"""IC_KEY"",""Red Goblin Key"",0.1,0,9,229,0,0,0,0,0,0,0,0,0,0,0,0,0,0,0,","""IC_KEY"",""Red Goblin Key"",0.1,0,9,229,0,0,0,0,0,0,0,0,0,0,0,0,0,0,0,",pending,exe:resource@0x54159C:line
"""IC_RING"",""Ring of Magi"",0.1,0,3,218,600,0,0,0,0,0,0,0,0,20,0,0,0,0,0,","""IC_RING"",""Ring of Magi"",0.1,0,3,218,600,0,0,0,0,0,0,0,0,20,0,0,0,0,0,",pending,exe:resource@0x54159C:line
"""IC_RING"",""Ring of Sparks"",0.1,0,1,113,80,0,0,0,0,0,0,0,0,5,0,0,0,0,0,","""IC_RING"",""Ring of Sparks"",0.1,0,1,113,80,0,0,0,0,0,0,0,0,5,0,0,0,0,0,",pending,exe:resource@0x54159C:line
"""IC_RING"",""Ring of the Assassin"",0.1,0,3,122,1800,0,0,0,0,0,0,0,0,0,5,2,0,0,0,","""IC_RING"",""Ring of the Assassin"",0.1,0,3,122,1800,0,0,0,0,0,0,0,0,0,5,2,0,0,0,",pending,exe:resource@0x54159C:line
"""IC_RING"",""Ring of the Fire Master"",0.1,0,4,132,1020,0,0,0,0,0,""SKILL_ARCANE_ELEMENTAL"",3,0,0,0,0,0,0,0,","""IC_RING"",""Ring of the Fire Master"",0.1,0,4,132,1020,0,0,0,0,0,""SKILL_ARCANE_ELEMENTAL"",3,0,0,0,0,0,0,0,",pending,exe:resource@0x54159C:line
"""IC_RING"",""Ring of the Harbinger"",0.1,0,3,217,600,0,0,0,0,0,0,0,20,0,0,0,0,0,0,","""IC_RING"",""Ring of the Harbinger"",0.1,0,3,217,600,0,0,0,0,0,0,0,20,0,0,0,0,0,0,",pending,exe:resource@0x54159C:line
"""IC_RING"",""Ring of the Hawk"",0.1,0,2,163,500,0,0,0,0,0,""SKILL_SPOT_HIDDEN"",3,0,0,0,0,0,0,0,","""IC_RING"",""Ring of the Hawk"",0.1,0,2,163,500,0,0,0,0,0,""SKILL_SPOT_HIDDEN"",3,0,0,0,0,0,0,0,",pending,exe:resource@0x54159C:line
"""IC_RING"",""Ring of the Shadow"",0.1,0,4,133,950,0,0,0,0,0,""SKILL_HIDE_SHADOWS"",6,0,0,0,0,0,0,0,","""IC_RING"",""Ring of the Shadow"",0.1,0,4,133,950,0,0,0,0,0,""SKILL_HIDE_SHADOWS"",6,0,0,0,0,0,0,0,",pending,exe:resource@0x54159C:line
"""IC_RING"",""Ring of the Wise"",0.1,0,2,123,280,0,0,0,6,2,0,0,0,0,0,0,0,0,0,","""IC_RING"",""Ring of the Wise"",0.1,0,2,123,280,0,0,0,6,2,0,0,0,0,0,0,0,0,0,",pending,exe:resource@0x54159C:line
"""IC_RING"",""Ring of Vigor"",0.1,0,1,112,95,0,0,0,0,0,0,0,5,0,0,0,0,0,0,","""IC_RING"",""Ring of Vigor"",0.1,0,1,112,95,0,0,0,0,0,0,0,5,0,0,0,0,0,0,",pending,exe:resource@0x54159C:line
"""IC_BELT"",""Rope Belt"",0.5,0,1,57,1,0,0,0,0,0,0,0,0,0,0,0,0,0,0,","""IC_BELT"",""Rope Belt"",0.5,0,1,57,1,0,0,0,0,0,0,0,0,0,0,0,0,0,0,",pending,exe:resource@0x54159C:line
"""IC_KEY"",""Rusted Key"",0.1,0,9,225,0,0,0,0,0,0,0,0,0,0,0,0,0,0,0,","""IC_KEY"",""Rusted Key"",0.1,0,9,225,0,0,0,0,0,0,0,0,0,0,0,0,0,0,0,",pending,exe:resource@0x54159C:line
"""IC_WEAPON"",""Sacrificial Dagger"",1.5,""SKILL_WEAPON_SHORT_BLADE"",3,3,120,0,3,0,0,0,0,0,0,0,0,0,0,0,0,","""IC_WEAPON"",""Sacrificial Dagger"",1.5,""SKILL_WEAPON_SHORT_BLADE"",3,3,120,0,3,0,0,0,0,0,0,0,0,0,0,0,0,",pending,exe:resource@0x54159C:line
"""IC_FOOD"",""Salted Fish"",0.1,0,1,201,5,0,0,0,0,0,0,0,0,0,0,0,0,0,0,""Message(*Gulp*  Delicious!) ; Remove ; Sound(Eat) ; heal 3 1""","""IC_FOOD"",""Salted Fish"",0.1,0,1,201,5,0,0,0,0,0,0,0,0,0,0,0,0,0,0,""Message(*Gulp*  Delicious!) ; Remove ; Sound(Eat) ; heal 3 1""",pending,exe:resource@0x54159C:line
"""IC_NOTE"",""Sam's Guide to Demon Oil"",0.1,0,2,195,50,0,0,0,0,0,0,0,0,0,0,0,0,0,0,""Sound(SFX_Stats_Open) ; book 46""","""IC_NOTE"",""Sam's Guide to Demon Oil"",0.1,0,2,195,50,0,0,0,0,0,0,0,0,0,0,0,0,0,0,""Sound(SFX_Stats_Open) ; book 46""",pending,exe:resource@0x54159C:line
"""IC_RING"",""Scholar's Ring"",0.1,0,3,219,600,0,0,0,5,4,0,0,0,0,0,0,0,0,0,","""IC_RING"",""Scholar's Ring"",0.1,0,3,219,600,0,0,0,5,4,0,0,0,0,0,0,0,0,0,",pending,exe:resource@0x54159C:line
"""IC_SCROLL"",""Scroll of Air Shield"",0.1,""SKILL_ARCANE_ELEMENTAL"",2,121,150,0,0,0,0,0,0,0,0,0,0,0,0,0,0,""Learn ; Remove""","""IC_SCROLL"",""Scroll of Air Shield"",0.1,""SKILL_ARCANE_ELEMENTAL"",2,121,150,0,0,0,0,0,0,0,0,0,0,0,0,0,0,""Learn ; Remove""",pending,exe:resource@0x54159C:line
"""IC_SCROLL"",""Scroll of Bless"",0.1,""SKILL_ARCANE_DIVINATION"",1,129,150,0,0,0,0,0,0,0,0,0,0,0,0,0,0,""Learn ; Remove""","""IC_SCROLL"",""Scroll of Bless"",0.1,""SKILL_ARCANE_DIVINATION"",1,129,150,0,0,0,0,0,0,0,0,0,0,0,0,0,0,""Learn ; Remove""",pending,exe:resource@0x54159C:line
"""IC_SCROLL"",""Scroll of Cat's Eyes"",0.1,""SKILL_ARCANE_DIVINATION"",1,129,150,0,0,0,0,0,0,0,0,0,0,0,0,0,0,""Learn ; Remove""","""IC_SCROLL"",""Scroll of Cat's Eyes"",0.1,""SKILL_ARCANE_DIVINATION"",1,129,150,0,0,0,0,0,0,0,0,0,0,0,0,0,0,""Learn ; Remove""",pending,exe:resource@0x54159C:line
"""IC_SCROLL"",""Scroll of Chameleon"",0.1,""SKILL_ARCANE_ELEMENTAL"",2,121,500,0,0,0,0,0,0,0,0,0,0,0,0,0,0,""Learn ; Remove""","""IC_SCROLL"",""Scroll of Chameleon"",0.1,""SKILL_ARCANE_ELEMENTAL"",2,121,500,0,0,0,0,0,0,0,0,0,0,0,0,0,0,""Learn ; Remove""",pending,exe:resource@0x54159C:line
"""IC_SCROLL"",""Scroll of Charm"",0.1,""SKILL_ARCANE_DIVINATION"",3,129,500,0,0,0,0,0,0,0,0,0,0,0,0,0,0,""Learn ; Remove""","""IC_SCROLL"",""Scroll of Charm"",0.1,""SKILL_ARCANE_DIVINATION"",3,129,500,0,0,0,0,0,0,0,0,0,0,0,0,0,0,""Learn ; Remove""",pending,exe:resource@0x54159C:line
"""IC_SCROLL"",""Scroll of Compress Atmosphere"",0.1,""SKILL_ARCANE_ELEMENTAL"",3,121,500,0,0,0,0,0,0,0,0,0,0,0,0,0,0,""Learn ; Remove""","""IC_SCROLL"",""Scroll of Compress Atmosphere"",0.1,""SKILL_ARCANE_ELEMENTAL"",3,121,500,0,0,0,0,0,0,0,0,0,0,0,0,0,0,""Learn ; Remove""",pending,exe:resource@0x54159C:line
"""IC_SCROLL"",""Scroll of Cure Disease"",0.1,""SKILL_ARCANE_DIVINATION"",3,129,500,0,0,0,0,0,0,0,0,0,0,0,0,0,0,""Learn ; Remove""","""IC_SCROLL"",""Scroll of Cure Disease"",0.1,""SKILL_ARCANE_DIVINATION"",3,129,500,0,0,0,0,0,0,0,0,0,0,0,0,0,0,""Learn ; Remove""",pending,exe:resource@0x54159C:line
"""IC_SCROLL"",""Scroll of Dancing Lights"",0.1,""SKILL_ARCANE_ELEMENTAL"",2,121,150,0,0,0,0,0,0,0,0,0,0,0,0,0,0,""Learn ; Remove""","""IC_SCROLL"",""Scroll of Dancing Lights"",0.1,""SKILL_ARCANE_ELEMENTAL"",2,121,150,0,0,0,0,0,0,0,0,0,0,0,0,0,0,""Learn ; Remove""",pending,exe:resource@0x54159C:line
"""IC_SCROLL"",""Scroll of Deep Freeze"",0.1,""SKILL_ARCANE_ELEMENTAL"",3,121,500,0,0,0,0,0,0,0,0,0,0,0,0,0,0,""Learn ; Remove""","""IC_SCROLL"",""Scroll of Deep Freeze"",0.1,""SKILL_ARCANE_ELEMENTAL"",3,121,500,0,0,0,0,0,0,0,0,0,0,0,0,0,0,""Learn ; Remove""",pending,exe:resource@0x54159C:line
"""IC_SCROLL"",""Scroll of Dehex"",0.1,""SKILL_ARCANE_DIVINATION"",4,129,900,0,0,0,0,0,0,0,0,0,0,0,0,0,0,""Learn ; Remove""","""IC_SCROLL"",""Scroll of Dehex"",0.1,""SKILL_ARCANE_DIVINATION"",4,129,900,0,0,0,0,0,0,0,0,0,0,0,0,0,0,""Learn ; Remove""",pending,exe:resource@0x54159C:line
"""IC_SCROLL"",""Scroll of Detox"",0.1,""SKILL_ARCANE_DIVINATION"",3,129,500,0,0,0,0,0,0,0,0,0,0,0,0,0,0,""Learn ; Remove""","""IC_SCROLL"",""Scroll of Detox"",0.1,""SKILL_ARCANE_DIVINATION"",3,129,500,0,0,0,0,0,0,0,0,0,0,0,0,0,0,""Learn ; Remove""",pending,exe:resource@0x54159C:line
"""IC_SCROLL"",""Scroll of Divine Heal"",0.1,""SKILL_ARCANE_DIVINATION"",2,129,150,0,0,0,0,0,0,0,0,0,0,0,0,0,0,""Learn ; Remove""","""IC_SCROLL"",""Scroll of Divine Heal"",0.1,""SKILL_ARCANE_DIVINATION"",2,129,150,0,0,0,0,0,0,0,0,0,0,0,0,0,0,""Learn ; Remove""",pending,exe:resource@0x54159C:line
"""IC_SCROLL"",""Scroll of Element Armor"",0.1,""SKILL_ARCANE_ELEMENTAL"",2,121,150,0,0,0,0,0,0,0,0,0,0,0,0,0,0,""Learn ; Remove""","""IC_SCROLL"",""Scroll of Element Armor"",0.1,""SKILL_ARCANE_ELEMENTAL"",2,121,150,0,0,0,0,0,0,0,0,0,0,0,0,0,0,""Learn ; Remove""",pending,exe:resource@0x54159C:line
"""IC_SCROLL"",""Scroll of Enchanted Weapon"",0.1,""SKILL_ARCANE_DIVINATION"",3,129,500,0,0,0,0,0,0,0,0,0,0,0,0,0,0,""Learn ; Remove""","""IC_SCROLL"",""Scroll of Enchanted Weapon"",0.1,""SKILL_ARCANE_DIVINATION"",3,129,500,0,0,0,0,0,0,0,0,0,0,0,0,0,0,""Learn ; Remove""",pending,exe:resource@0x54159C:line
"""IC_SCROLL"",""Scroll of Enkindled Weapon"",0.1,""SKILL_ARCANE_ELEMENTAL"",3,121,500,0,0,0,0,0,0,0,0,0,0,0,0,0,0,""Learn ; Remove""","""IC_SCROLL"",""Scroll of Enkindled Weapon"",0.1,""SKILL_ARCANE_ELEMENTAL"",3,121,500,0,0,0,0,0,0,0,0,0,0,0,0,0,0,""Learn ; Remove""",pending,exe:resource@0x54159C:line
"""IC_SCROLL"",""Scroll of Entangle"",0.1,""SKILL_ARCANE_DIVINATION"",2,129,150,0,0,0,0,0,0,0,0,0,0,0,0,0,0,""Learn ; Remove""","""IC_SCROLL"",""Scroll of Entangle"",0.1,""SKILL_ARCANE_DIVINATION"",2,129,150,0,0,0,0,0,0,0,0,0,0,0,0,0,0,""Learn ; Remove""",pending,exe:resource@0x54159C:line
"""IC_SCROLL"",""Scroll of Fire Dart"",0.1,""SKILL_ARCANE_ELEMENTAL"",2,121,150,0,0,0,0,0,0,0,0,0,0,0,0,0,0,""Learn ; Remove""","""IC_SCROLL"",""Scroll of Fire Dart"",0.1,""SKILL_ARCANE_ELEMENTAL"",2,121,150,0,0,0,0,0,0,0,0,0,0,0,0,0,0,""Learn ; Remove""",pending,exe:resource@0x54159C:line
"""IC_SCROLL"",""Scroll of Fireball"",0.1,""SKILL_ARCANE_ELEMENTAL"",3,121,500,0,0,0,0,0,0,0,0,0,0,0,0,0,0,""Learn ; Remove""","""IC_SCROLL"",""Scroll of Fireball"",0.1,""SKILL_ARCANE_ELEMENTAL"",3,121,500,0,0,0,0,0,0,0,0,0,0,0,0,0,0,""Learn ; Remove""",pending,exe:resource@0x54159C:line
"""IC_SCROLL"",""Scroll of Fleshboil"",0.1,""SKILL_ARCANE_DIVINATION"",2,129,150,0,0,0,0,0,0,0,0,0,0,0,0,0,0,""Learn ; Remove""","""IC_SCROLL"",""Scroll of Fleshboil"",0.1,""SKILL_ARCANE_DIVINATION"",2,129,150,0,0,0,0,0,0,0,0,0,0,0,0,0,0,""Learn ; Remove""",pending,exe:resource@0x54159C:line
"""IC_SCROLL"",""Scroll of Gravedigger's Flame"",0.1,""SKILL_ARCANE_ELEMENTAL"",2,121,150,0,0,0,0,0,0,0,0,0,0,0,0,0,0,""Learn ; Remove""","""IC_SCROLL"",""Scroll of Gravedigger's Flame"",0.1,""SKILL_ARCANE_ELEMENTAL"",2,121,150,0,0,0,0,0,0,0,0,0,0,0,0,0,0,""Learn ; Remove""",pending,exe:resource@0x54159C:line
"""IC_SCROLL"",""Scroll of Haste"",0.1,""SKILL_ARCANE_DIVINATION"",3,129,500,0,0,0,0,0,0,0,0,0,0,0,0,0,0,""Learn ; Remove""","""IC_SCROLL"",""Scroll of Haste"",0.1,""SKILL_ARCANE_DIVINATION"",3,129,500,0,0,0,0,0,0,0,0,0,0,0,0,0,0,""Learn ; Remove""",pending,exe:resource@0x54159C:line
"""IC_SCROLL"",""Scroll of Invisibility"",0.1,""SKILL_ARCANE_ELEMENTAL"",3,121,900,0,0,0,0,0,0,0,0,0,0,0,0,0,0,""Learn ; Remove""","""IC_SCROLL"",""Scroll of Invisibility"",0.1,""SKILL_ARCANE_ELEMENTAL"",3,121,900,0,0,0,0,0,0,0,0,0,0,0,0,0,0,""Learn ; Remove""",pending,exe:resource@0x54159C:line
"""IC_SCROLL"",""Scroll of Leatherskin"",0.1,""SKILL_ARCANE_DIVINATION"",2,129,150,0,0,0,0,0,0,0,0,0,0,0,0,0,0,""Learn ; Remove""","""IC_SCROLL"",""Scroll of Leatherskin"",0.1,""SKILL_ARCANE_DIVINATION"",2,129,150,0,0,0,0,0,0,0,0,0,0,0,0,0,0,""Learn ; Remove""",pending,exe:resource@0x54159C:line
"""IC_SCROLL"",""Scroll of Lock Melt"",0.1,""SKILL_ARCANE_ELEMENTAL"",2,121,150,0,0,0,0,0,0,0,0,0,0,0,0,0,0,""Learn ; Remove""","""IC_SCROLL"",""Scroll of Lock Melt"",0.1,""SKILL_ARCANE_ELEMENTAL"",2,121,150,0,0,0,0,0,0,0,0,0,0,0,0,0,0,""Learn ; Remove""",pending,exe:resource@0x54159C:line
"""IC_SCROLL"",""Scroll of Lore"",0.1,""SKILL_ARCANE_DIVINATION"",2,129,150,0,0,0,0,0,0,0,0,0,0,0,0,0,0,""Learn ; Remove""","""IC_SCROLL"",""Scroll of Lore"",0.1,""SKILL_ARCANE_DIVINATION"",2,129,150,0,0,0,0,0,0,0,0,0,0,0,0,0,0,""Learn ; Remove""",pending,exe:resource@0x54159C:line
"""IC_SCROLL"",""Scroll of Mass Boil"",0.1,""SKILL_ARCANE_DIVINATION"",4,129,900,0,0,0,0,0,0,0,0,0,0,0,0,0,0,""Learn ; Remove""","""IC_SCROLL"",""Scroll of Mass Boil"",0.1,""SKILL_ARCANE_DIVINATION"",4,129,900,0,0,0,0,0,0,0,0,0,0,0,0,0,0,""Learn ; Remove""",pending,exe:resource@0x54159C:line
"""IC_SCROLL"",""Scroll of Nimbleness"",0.1,""SKILL_ARCANE_DIVINATION"",3,129,500,0,0,0,0,0,0,0,0,0,0,0,0,0,0,""Learn ; Remove""","""IC_SCROLL"",""Scroll of Nimbleness"",0.1,""SKILL_ARCANE_DIVINATION"",3,129,500,0,0,0,0,0,0,0,0,0,0,0,0,0,0,""Learn ; Remove""",pending,exe:resource@0x54159C:line
"""IC_SCROLL"",""Scroll of Ogre Strength"",0.1,""SKILL_ARCANE_DIVINATION"",3,129,500,0,0,0,0,0,0,0,0,0,0,0,0,0,0,""Learn ; Remove""","""IC_SCROLL"",""Scroll of Ogre Strength"",0.1,""SKILL_ARCANE_DIVINATION"",3,129,500,0,0,0,0,0,0,0,0,0,0,0,0,0,0,""Learn ; Remove""",pending,exe:resource@0x54159C:line
"""IC_SCROLL"",""Scroll of Poison Spray"",0.1,""SKILL_ARCANE_DIVINATION"",3,129,500,0,0,0,0,0,0,0,0,0,0,0,0,0,0,""Learn ; Remove""","""IC_SCROLL"",""Scroll of Poison Spray"",0.1,""SKILL_ARCANE_DIVINATION"",3,129,500,0,0,0,0,0,0,0,0,0,0,0,0,0,0,""Learn ; Remove""",pending,exe:resource@0x54159C:line
"""IC_SCROLL"",""Scroll of Portal"",0.1,""SKILL_ARCANE_ELEMENTAL"",3,121,500,0,0,0,0,0,0,0,0,0,0,0,0,0,0,""Learn ; Remove""","""IC_SCROLL"",""Scroll of Portal"",0.1,""SKILL_ARCANE_ELEMENTAL"",3,121,500,0,0,0,0,0,0,0,0,0,0,0,0,0,0,""Learn ; Remove""",pending,exe:resource@0x54159C:line
"""IC_SCROLL"",""Scroll of Predator Sight"",0.1,""SKILL_ARCANE_ELEMENTAL"",2,121,150,0,0,0,0,0,0,0,0,0,0,0,0,0,0,""Learn ; Remove""","""IC_SCROLL"",""Scroll of Predator Sight"",0.1,""SKILL_ARCANE_ELEMENTAL"",2,121,150,0,0,0,0,0,0,0,0,0,0,0,0,0,0,""Learn ; Remove""",pending,exe:resource@0x54159C:line
"""IC_SCROLL"",""Scroll of Reveal Map"",0.1,""SKILL_ARCANE_ELEMENTAL"",2,121,150,0,0,0,0,0,0,0,0,0,0,0,0,0,0,""Learn ; Remove""","""IC_SCROLL"",""Scroll of Reveal Map"",0.1,""SKILL_ARCANE_ELEMENTAL"",2,121,150,0,0,0,0,0,0,0,0,0,0,0,0,0,0,""Learn ; Remove""",pending,exe:resource@0x54159C:line
"""IC_SCROLL"",""Scroll of Smite"",0.1,""SKILL_ARCANE_DIVINATION"",3,129,900,0,0,0,0,0,0,0,0,0,0,0,0,0,0,""Learn ; Remove""","""IC_SCROLL"",""Scroll of Smite"",0.1,""SKILL_ARCANE_DIVINATION"",3,129,900,0,0,0,0,0,0,0,0,0,0,0,0,0,0,""Learn ; Remove""",pending,exe:resource@0x54159C:line
"""IC_SCROLL"",""Scroll of Sonic Blast"",0.1,""SKILL_ARCANE_ELEMENTAL"",2,121,150,0,0,0,0,0,0,0,0,0,0,0,0,0,0,""Learn ; Remove""","""IC_SCROLL"",""Scroll of Sonic Blast"",0.1,""SKILL_ARCANE_ELEMENTAL"",2,121,150,0,0,0,0,0,0,0,0,0,0,0,0,0,0,""Learn ; Remove""",pending,exe:resource@0x54159C:line
"""IC_SCROLL"",""Scroll of Stoneskin"",0.1,""SKILL_ARCANE_DIVINATION"",3,129,500,0,0,0,0,0,0,0,0,0,0,0,0,0,0,""Learn ; Remove""","""IC_SCROLL"",""Scroll of Stoneskin"",0.1,""SKILL_ARCANE_DIVINATION"",3,129,500,0,0,0,0,0,0,0,0,0,0,0,0,0,0,""Learn ; Remove""",pending,exe:resource@0x54159C:line
"""IC_SCROLL"",""Scroll of Sunder Flesh"",0.1,""SKILL_ARCANE_DIVINATION"",3,129,500,0,0,0,0,0,0,0,0,0,0,0,0,0,0,""Learn ; Remove""","""IC_SCROLL"",""Scroll of Sunder Flesh"",0.1,""SKILL_ARCANE_DIVINATION"",3,129,500,0,0,0,0,0,0,0,0,0,0,0,0,0,0,""Learn ; Remove""",pending,exe:resource@0x54159C:line
"""IC_SCROLL"",""Scroll of Supernova"",0.1,""SKILL_ARCANE_ELEMENTAL"",4,121,900,0,0,0,0,0,0,0,0,0,0,0,0,0,0,""Learn ; Remove""","""IC_SCROLL"",""Scroll of Supernova"",0.1,""SKILL_ARCANE_ELEMENTAL"",4,121,900,0,0,0,0,0,0,0,0,0,0,0,0,0,0,""Learn ; Remove""",pending,exe:resource@0x54159C:line
"""IC_SCROLL"",""Scroll of Trapkill"",0.1,""SKILL_ARCANE_ELEMENTAL"",3,121,500,0,0,0,0,0,0,0,0,0,0,0,0,0,0,""Learn ; Remove""","""IC_SCROLL"",""Scroll of Trapkill"",0.1,""SKILL_ARCANE_ELEMENTAL"",3,121,500,0,0,0,0,0,0,0,0,0,0,0,0,0,0,""Learn ; Remove""",pending,exe:resource@0x54159C:line
"""IC_SCROLL"",""Scroll of Turn Undead"",0.1,""SKILL_ARCANE_DIVINATION"",3,129,500,0,0,0,0,0,0,0,0,0,0,0,0,0,0,""Learn ; Remove""","""IC_SCROLL"",""Scroll of Turn Undead"",0.1,""SKILL_ARCANE_DIVINATION"",3,129,500,0,0,0,0,0,0,0,0,0,0,0,0,0,0,""Learn ; Remove""",pending,exe:resource@0x54159C:line
"""IC_NOTE"",""Sealed Note"",0.1,0,9,196,0,0,0,0,0,0,0,0,0,0,0,0,0,0,0,""Sound(SFX_Stats_Open) ; book 3""","""IC_NOTE"",""Sealed Note"",0.1,0,9,196,0,0,0,0,0,0,0,0,0,0,0,0,0,0,0,""Sound(SFX_Stats_Open) ; book 3""",pending,exe:resource@0x54159C:line
"""IC_MISC"",""Sealed Urn"",0.4,0,1,109,1,0,0,0,0,0,0,0,0,0,0,0,0,0,0,","""IC_MISC"",""Sealed Urn"",0.4,0,1,109,1,0,0,0,0,0,0,0,0,0,0,0,0,0,0,",pending,exe:resource@0x54159C:line
"""IC_NOTE"",""Secrets of Transference Circuits"",0.3,0,9,187,250,0,0,0,0,0,0,0,0,0,0,0,0,0,0,""Sound(SFX_Stats_Open) ; book 13""","""IC_NOTE"",""Secrets of Transference Circuits"",0.3,0,9,187,250,0,0,0,0,0,0,0,0,0,0,0,0,0,0,""Sound(SFX_Stats_Open) ; book 13""",pending,exe:resource@0x54159C:line
"""IC_KEY"",""Security Key"",0.1,0,9,223,0,0,0,0,0,0,0,0,0,0,0,0,0,0,0,","""IC_KEY"",""Security Key"",0.1,0,9,223,0,0,0,0,0,0,0,0,0,0,0,0,0,0,0,",pending,exe:resource@0x54159C:line
"""IC_REACTANT"",""Serpent Venom"",0.1,0,2,152,45,1,0,0,0,0,0,0,0,0,0,0,0,0,0,","""IC_REACTANT"",""Serpent Venom"",0.1,0,2,152,45,1,0,0,0,0,0,0,0,0,0,0,0,0,0,",pending,exe:resource@0x54159C:line
"""IC_KEY"",""Silver Key"",0.1,0,9,221,0,0,0,0,0,0,0,0,0,0,0,0,0,0,0,","""IC_KEY"",""Silver Key"",0.1,0,9,221,0,0,0,0,0,0,0,0,0,0,0,0,0,0,0,",pending,exe:resource@0x54159C:line
"""IC_WEAPON"",""Skinning Knife"",0.5,""SKILL_WEAPON_SHORT_BLADE"",1,0,7,0,1,0,0,0,0,0,0,0,0,0,0,0,0,","""IC_WEAPON"",""Skinning Knife"",0.5,""SKILL_WEAPON_SHORT_BLADE"",1,0,7,0,1,0,0,0,0,0,0,0,0,0,0,0,0,",pending,exe:resource@0x54159C:line
"""IC_GEM"",""Small Emerald"",0.1,0,1,104,20,0,0,0,0,0,0,0,0,0,0,0,0,0,0,","""IC_GEM"",""Small Emerald"",0.1,0,1,104,20,0,0,0,0,0,0,0,0,0,0,0,0,0,0,",pending,exe:resource@0x54159C:line
"""IC_GEM"",""Small Ruby"",0.1,0,2,105,30,0,0,0,0,0,0,0,0,0,0,0,0,0,0,","""IC_GEM"",""Small Ruby"",0.1,0,2,105,30,0,0,0,0,0,0,0,0,0,0,0,0,0,0,",pending,exe:resource@0x54159C:line
"""IC_REACTANT"",""Spider Silk"",0.1,0,1,192,20,1,0,0,0,0,0,0,0,0,0,0,0,0,0,","""IC_REACTANT"",""Spider Silk"",0.1,0,1,192,20,1,0,0,0,0,0,0,0,0,0,0,0,0,0,",pending,exe:resource@0x54159C:line
"""IC_QUIVER"",""Steel Arrow"",0.2,0,2,20,2,1,0,0,0,0,0,0,0,0,0,1,0,0,0,","""IC_QUIVER"",""Steel Arrow"",0.2,0,2,20,2,1,0,0,0,0,0,0,0,0,0,1,0,0,0,",pending,exe:resource@0x54159C:line
"""IC_GAUNTS"",""Steel Bracers"",1.5,""SKILL_ARMOR_LIGHT"",2,75,450,0,0,3,0,0,0,0,0,0,0,0,0,0,0,","""IC_GAUNTS"",""Steel Bracers"",1.5,""SKILL_ARMOR_LIGHT"",2,75,450,0,0,3,0,0,0,0,0,0,0,0,0,0,0,",pending,exe:resource@0x54159C:line
"""IC_WEAPON"",""Steel Claymore"",8.5,""SKILL_WEAPON_SWORD"",3,44,850,0,8,0,0,0,0,0,0,0,0,0,0,0,0,","""IC_WEAPON"",""Steel Claymore"",8.5,""SKILL_WEAPON_SWORD"",3,44,850,0,8,0,0,0,0,0,0,0,0,0,0,0,0,",pending,exe:resource@0x54159C:line
"""IC_WEAPON"",""Steel Dagger"",0.8,""SKILL_WEAPON_SHORT_BLADE"",2,2,85,0,2,0,0,0,0,0,0,0,0,0,0,0,0,","""IC_WEAPON"",""Steel Dagger"",0.8,""SKILL_WEAPON_SHORT_BLADE"",2,2,85,0,2,0,0,0,0,0,0,0,0,0,0,0,0,",pending,exe:resource@0x54159C:line
"""IC_WEAPON"",""Steel Falcata"",3.5,""SKILL_WEAPON_SWORD"",2,43,300,0,4,0,0,0,0,0,0,0,0,0,0,0,0,","""IC_WEAPON"",""Steel Falcata"",3.5,""SKILL_WEAPON_SWORD"",2,43,300,0,4,0,0,0,0,0,0,0,0,0,0,0,0,",pending,exe:resource@0x54159C:line
"""IC_HELM"",""Steel Full Helm"",4.5,""SKILL_ARMOR_HEAVY"",2,68,850,0,0,4,0,0,0,0,0,0,0,0,0,0,0,","""IC_HELM"",""Steel Full Helm"",4.5,""SKILL_ARMOR_HEAVY"",2,68,850,0,0,4,0,0,0,0,0,0,0,0,0,0,0,",pending,exe:resource@0x54159C:line
"""IC_WEAPON"",""Steel Gladius"",3.5,""SKILL_WEAPON_SWORD"",2,41,310,0,4,0,0,0,0,0,0,0,0,0,0,0,0,","""IC_WEAPON"",""Steel Gladius"",3.5,""SKILL_WEAPON_SWORD"",2,41,310,0,4,0,0,0,0,0,0,0,0,0,0,0,0,",pending,exe:resource@0x54159C:line
"""IC_WEAPON"",""Steel Long Sword"",4.5,""SKILL_WEAPON_SWORD"",2,42,400,0,5,0,0,0,0,0,0,0,0,0,0,0,0,","""IC_WEAPON"",""Steel Long Sword"",4.5,""SKILL_WEAPON_SWORD"",2,42,400,0,5,0,0,0,0,0,0,0,0,0,0,0,0,",pending,exe:resource@0x54159C:line
"""IC_GAUNTS"",""Steel Plate Gauntlets"",3.5,""SKILL_ARMOR_HEAVY"",2,72,500,0,0,4,0,0,0,0,0,0,0,0,0,0,0,","""IC_GAUNTS"",""Steel Plate Gauntlets"",3.5,""SKILL_ARMOR_HEAVY"",2,72,500,0,0,4,0,0,0,0,0,0,0,0,0,0,0,",pending,exe:resource@0x54159C:line
"""IC_WEAPON"",""Steel Short Sword"",3.5,""SKILL_WEAPON_SWORD"",2,40,135,0,3,0,0,0,0,0,0,0,0,0,0,0,0,","""IC_WEAPON"",""Steel Short Sword"",3.5,""SKILL_WEAPON_SWORD"",2,40,135,0,3,0,0,0,0,0,0,0,0,0,0,0,0,",pending,exe:resource@0x54159C:line
"""IC_WEAPON"",""Steel Spear"",2.5,""SKILL_WEAPON_THROWN"",2,28,8,1,4,0,0,0,0,0,0,0,0,0,0,0,0,","""IC_WEAPON"",""Steel Spear"",2.5,""SKILL_WEAPON_THROWN"",2,28,8,1,4,0,0,0,0,0,0,0,0,0,0,0,0,",pending,exe:resource@0x54159C:line
"""IC_WEAPON"",""Steel Throwing Dart"",0.2,""SKILL_WEAPON_THROWN"",2,9,4,1,3,0,0,0,0,0,0,0,0,0,0,0,0,","""IC_WEAPON"",""Steel Throwing Dart"",0.2,""SKILL_WEAPON_THROWN"",2,9,4,1,3,0,0,0,0,0,0,0,0,0,0,0,0,",pending,exe:resource@0x54159C:line
"""IC_KEY"",""Storage Key"",0.1,0,9,223,0,0,0,0,0,0,0,0,0,0,0,0,0,0,0,","""IC_KEY"",""Storage Key"",0.1,0,9,223,0,0,0,0,0,0,0,0,0,0,0,0,0,0,0,",pending,exe:resource@0x54159C:line
"""IC_AMULET"",""Strange Amulet"",0.1,0,9,108,0,0,0,0,0,0,0,0,0,0,0,0,0,0,0,","""IC_AMULET"",""Strange Amulet"",0.1,0,9,108,0,0,0,0,0,0,0,0,0,0,0,0,0,0,0,",pending,exe:resource@0x54159C:line
"""IC_GAUNTS"",""Swordsman's Gauntlets"",0.3,""SKILL_ARMOR_LIGHT"",2,71,200,0,0,1,0,0,""SKILL_WEAPON_SWORD"",2,0,0,0,0,0,0,0,","""IC_GAUNTS"",""Swordsman's Gauntlets"",0.3,""SKILL_ARMOR_LIGHT"",2,71,200,0,0,1,0,0,""SKILL_WEAPON_SWORD"",2,0,0,0,0,0,0,0,",pending,exe:resource@0x54159C:line
"""IC_KEY"",""Tarnished Key"",0.1,0,9,221,0,0,0,0,0,0,0,0,0,0,0,0,0,0,0,","""IC_KEY"",""Tarnished Key"",0.1,0,9,221,0,0,0,0,0,0,0,0,0,0,0,0,0,0,0,",pending,exe:resource@0x54159C:line
"""IC_BOOTS"",""Thieves Softened Leather Boots"",1.5,""SKILL_ARMOR_LIGHT"",3,96,265,0,0,2,0,0,""SKILL_MOVE_SILENT"",2,0,0,0,0,0,0,0,","""IC_BOOTS"",""Thieves Softened Leather Boots"",1.5,""SKILL_ARMOR_LIGHT"",3,96,265,0,0,2,0,0,""SKILL_MOVE_SILENT"",2,0,0,0,0,0,0,0,",pending,exe:resource@0x54159C:line
"""IC_KEY"",""Thin Key"",0.1,0,9,223,0,0,0,0,0,0,0,0,0,0,0,0,0,0,0,","""IC_KEY"",""Thin Key"",0.1,0,9,223,0,0,0,0,0,0,0,0,0,0,0,0,0,0,0,",pending,exe:resource@0x54159C:line
"""IC_RING"",""Tin Ring"",0.1,0,1,103,2,0,0,0,0,0,0,0,0,0,0,0,0,0,0,","""IC_RING"",""Tin Ring"",0.1,0,1,103,2,0,0,0,0,0,0,0,0,0,0,0,0,0,0,",pending,exe:resource@0x54159C:line
"""IC_NOTE"",""Torn Page"",0.1,0,9,195,0,0,0,0,0,0,0,0,0,0,0,0,0,0,0,""Sound(SFX_Stats_Open) ; book 9""","""IC_NOTE"",""Torn Page"",0.1,0,9,195,0,0,0,0,0,0,0,0,0,0,0,0,0,0,0,""Sound(SFX_Stats_Open) ; book 9""",pending,exe:resource@0x54159C:line
"""IC_GAUNTS"",""Trapper's Gloves"",0.2,""SKILL_ARMOR_LIGHT"",1,70,250,0,0,1,0,0,""SKILL_SKULLDUGGERY"",3,0,0,0,0,0,0,0,","""IC_GAUNTS"",""Trapper's Gloves"",0.2,""SKILL_ARMOR_LIGHT"",1,70,250,0,0,1,0,0,""SKILL_SKULLDUGGERY"",3,0,0,0,0,0,0,0,",pending,exe:resource@0x54159C:line
"""IC_TORSO"",""Traveler's Shirt"",0.5,0,1,50,1,0,0,0,0,0,0,0,0,0,0,0,0,0,0,","""IC_TORSO"",""Traveler's Shirt"",0.5,0,1,50,1,0,0,0,0,0,0,0,0,0,0,0,0,0,0,",pending,exe:resource@0x54159C:line
"""IC_FOOD"",""Tuber"",0.1,0,1,202,2,0,0,0,0,0,0,0,0,0,0,0,0,0,0,""Message(*Gulp*  That takes the hunger away.) ; Remove ; Sound(Eat) ; heal 1 1""","""IC_FOOD"",""Tuber"",0.1,0,1,202,2,0,0,0,0,0,0,0,0,0,0,0,0,0,0,""Message(*Gulp*  That takes the hunger away.) ; Remove ; Sound(Eat) ; heal 1 1""",pending,exe:resource@0x54159C:line
"""IC_MISC"",""Weapon Fragments"",0.2,0,1,48,0,0,0,0,0,0,0,0,0,0,0,0,0,0,0,","""IC_MISC"",""Weapon Fragments"",0.2,0,1,48,0,0,0,0,0,0,0,0,0,0,0,0,0,0,0,",pending,exe:resource@0x54159C:line
"""IC_MISC"",""Widget"",0.1,0,9,189,0,0,0,0,0,0,0,0,0,0,0,0,0,0,0,""Message(This strange object doesn't seem to belong to this world)""","""IC_MISC"",""Widget"",0.1,0,9,189,0,0,0,0,0,0,0,0,0,0,0,0,0,0,0,""Message(This strange object doesn't seem to belong to this world)""",pending,exe:resource@0x54159C:line
"""IC_REAGENT"",""Willow Sap"",0.1,0,1,180,10,1,0,0,0,0,0,0,0,0,0,0,0,0,0,","""IC_REAGENT"",""Willow Sap"",0.1,0,1,180,10,1,0,0,0,0,0,0,0,0,0,0,0,0,0,",pending,exe:resource@0x54159C:line
"""IC_AMULET"",""Wolves' Tooth Amulet"",0.1,0,1,106,180,0,0,0,0,0,""SKILL_WEAPON_CLEAVING"",3,0,0,0,0,0,0,0,","""IC_AMULET"",""Wolves' Tooth Amulet"",0.1,0,1,106,180,0,0,0,0,0,""SKILL_WEAPON_CLEAVING"",3,0,0,0,0,0,0,0,",pending,exe:resource@0x54159C:line
"""IC_AMULET"",""Zen Amulet"",0.1,0,2,175,550,0,0,0,0,0,""SKILL_MEDITATION"",5,0,0,0,0,0,0,0,","""IC_AMULET"",""Zen Amulet"",0.1,0,2,175,550,0,0,0,0,0,""SKILL_MEDITATION"",5,0,0,0,0,0,0,0,",pending,exe:resource@0x54159C:line
Name,Name,pending,exe:resource@0x54B18C:csv
ID,ID,pending,exe:resource@0x54B18C:csv
Spec,Spec,pending,exe:resource@0x54B18C:csv
Dirs,Dirs,pending,exe:resource@0x54B18C:csv
Frame,Frame,pending,exe:resource@0x54B18C:csv
Xoff,Xoff,pending,exe:resource@0x54B18C:csv
Yoff,Yoff,pending,exe:resource@0x54B18C:csv
Gfx,Gfx,pending,exe:resource@0x54B18C:csv
Align,Align,pending,exe:resource@0x54B18C:csv
Move,Move,pending,exe:resource@0x54B18C:csv
HP,HP,pending,exe:resource@0x54B18C:csv
2H,2H,pending,exe:resource@0x54B18C:csv
Dam,Dam,pending,exe:resource@0x54B18C:csv
XP,XP,pending,exe:resource@0x54B18C:csv
Spd,Spd,pending,exe:resource@0x54B18C:csv
Rate,Rate,pending,exe:resource@0x54B18C:csv
Abil,Abil,pending,exe:resource@0x54B18C:csv
Res E,Res E,pending,exe:resource@0x54B18C:csv
Res T,Res T,pending,exe:resource@0x54B18C:csv
Res M,Res M,pending,exe:resource@0x54B18C:csv
Res D,Res D,pending,exe:resource@0x54B18C:csv
Attack Action,Attack Action,pending,exe:resource@0x54B18C:csv
Rng,Rng,pending,exe:resource@0x54B18C:csv
Door,Door,pending,exe:resource@0x54B18C:csv
Fly,Fly,pending,exe:resource@0x54B18C:csv
Snd Idle,Snd Idle,pending,exe:resource@0x54B18C:csv
Snd Move,Snd Move,pending,exe:resource@0x54B18C:csv
Attack Yelp,Attack Yelp,pending,exe:resource@0x54B18C:csv
Snd Hurt,Snd Hurt,pending,exe:resource@0x54B18C:csv
Snd Weapon,Snd Weapon,pending,exe:resource@0x54B18C:csv
Snd Hit/Miss,Snd Hit/Miss,pending,exe:resource@0x54B18C:csv
Snd Death,Snd Death,pending,exe:resource@0x54B18C:csv
Fanged Salamander,Fanged Salamander,pending,exe:resource@0x54B18C:csv
MO1_IDLE,MO1_IDLE,pending,exe:resource@0x54B18C:csv
MO1_MOVE,MO1_MOVE,pending,exe:resource@0x54B18C:csv
MO1_ATTACK,MO1_ATTACK,pending,exe:resource@0x54B18C:csv
MO1_DIE,MO1_DIE,pending,exe:resource@0x54B18C:csv
Bloodsipper,Bloodsipper,pending,exe:resource@0x54B18C:csv
MO2_IDLE,MO2_IDLE,pending,exe:resource@0x54B18C:csv
MO2_MOVE,MO2_MOVE,pending,exe:resource@0x54B18C:csv
MO2_ATTACK,MO2_ATTACK,pending,exe:resource@0x54B18C:csv
MO2_DIE,MO2_DIE,pending,exe:resource@0x54B18C:csv
Raptor,Raptor,pending,exe:resource@0x54B18C:csv
MO3_IDLE,MO3_IDLE,pending,exe:resource@0x54B18C:csv
MO3_MOVE,MO3_MOVE,pending,exe:resource@0x54B18C:csv
MO3_ATTACK,MO3_ATTACK,pending,exe:resource@0x54B18C:csv
MO3_DIE,MO3_DIE,pending,exe:resource@0x54B18C:csv
Noximander,Noximander,pending,exe:resource@0x54B18C:csv
MO4_IDLE,MO4_IDLE,pending,exe:resource@0x54B18C:csv
MO4_ATTACK,MO4_ATTACK,pending,exe:resource@0x54B18C:csv
Fungal Slime,Fungal Slime,pending,exe:resource@0x54B18C:csv
MO5_IDLE,MO5_IDLE,pending,exe:resource@0x54B18C:csv
MO5_MOVE,MO5_MOVE,pending,exe:resource@0x54B18C:csv
MO5_ATTACK,MO5_ATTACK,pending,exe:resource@0x54B18C:csv
COMBAT_miss,COMBAT_miss,pending,exe:resource@0x54B18C:csv
MO5_DIE,MO5_DIE,pending,exe:resource@0x54B18C:csv
MO6_IDLE,MO6_IDLE,pending,exe:resource@0x54B18C:csv
NPC_Step,NPC_Step,pending,exe:resource@0x54B18C:csv
MO6_ATTACK,MO6_ATTACK,pending,exe:resource@0x54B18C:csv
MO6_DIE,MO6_DIE,pending,exe:resource@0x54B18C:csv
Acid Grubb,Acid Grubb,pending,exe:resource@0x54B18C:csv
mo7_idle,mo7_idle,pending,exe:resource@0x54B18C:csv
mo7_move,mo7_move,pending,exe:resource@0x54B18C:csv
mo7_attack,mo7_attack,pending,exe:resource@0x54B18C:csv
E_MISS,E_MISS,pending,exe:resource@0x54B18C:csv
Timberland Giant,Timberland Giant,pending,exe:resource@0x54B18C:csv
MO8_IDLE,MO8_IDLE,pending,exe:resource@0x54B18C:csv
MO8_MOVE,MO8_MOVE,pending,exe:resource@0x54B18C:csv
MO8_ATTACK,MO8_ATTACK,pending,exe:resource@0x54B18C:csv
MO8_DIE,MO8_DIE,pending,exe:resource@0x54B18C:csv
Goblin Hacker,Goblin Hacker,pending,exe:resource@0x54B18C:csv
MO9_IDLE,MO9_IDLE,pending,exe:resource@0x54B18C:csv
MO9_MOVE,MO9_MOVE,pending,exe:resource@0x54B18C:csv
MO9_ATTACK,MO9_ATTACK,pending,exe:resource@0x54B18C:csv
MO9_DIE,MO9_DIE,pending,exe:resource@0x54B18C:csv
Goblin Archer,Goblin Archer,pending,exe:resource@0x54B18C:csv
MO10_IDLE,MO10_IDLE,pending,exe:resource@0x54B18C:csv
MO10_ATTACK,MO10_ATTACK,pending,exe:resource@0x54B18C:csv
SFX_NPC_bow,SFX_NPC_bow,pending,exe:resource@0x54B18C:csv
Goblin Warlord,Goblin Warlord,pending,exe:resource@0x54B18C:csv
MO11_ATTACK,MO11_ATTACK,pending,exe:resource@0x54B18C:csv
Hive Drone,Hive Drone,pending,exe:resource@0x54B18C:csv
MO12_IDLE,MO12_IDLE,pending,exe:resource@0x54B18C:csv
MO12_MOVE,MO12_MOVE,pending,exe:resource@0x54B18C:csv
MO12_ATTACK,MO12_ATTACK,pending,exe:resource@0x54B18C:csv
MO12_DIE,MO12_DIE,pending,exe:resource@0x54B18C:csv
Hive Queen,Hive Queen,pending,exe:resource@0x54B18C:csv
MO13_MOVE,MO13_MOVE,pending,exe:resource@0x54B18C:csv
MO13_ATTACK,MO13_ATTACK,pending,exe:resource@0x54B18C:csv
Thug,Thug,pending,exe:resource@0x54B18C:csv
SFX_MAN_ATTACK,SFX_MAN_ATTACK,pending,exe:resource@0x54B18C:csv
SFX_MAN_HURT,SFX_MAN_HURT,pending,exe:resource@0x54B18C:csv
SFX_MAN_DIE,SFX_MAN_DIE,pending,exe:resource@0x54B18C:csv
Dimensional Eye,Dimensional Eye,pending,exe:resource@0x54B18C:csv
De_idle,De_idle,pending,exe:resource@0x54B18C:csv
de_move,de_move,pending,exe:resource@0x54B18C:csv
de_attack,de_attack,pending,exe:resource@0x54B18C:csv
de_hurt,de_hurt,pending,exe:resource@0x54B18C:csv
de_die,de_die,pending,exe:resource@0x54B18C:csv
Giant Arachnid,Giant Arachnid,pending,exe:resource@0x54B18C:csv
mo16_idle,mo16_idle,pending,exe:resource@0x54B18C:csv
mo16_move,mo16_move,pending,exe:resource@0x54B18C:csv
mo16_attack,mo16_attack,pending,exe:resource@0x54B18C:csv
mo16_hurt,mo16_hurt,pending,exe:resource@0x54B18C:csv
mo16_die,mo16_die,pending,exe:resource@0x54B18C:csv
Dirachnid,Dirachnid,pending,exe:resource@0x54B18C:csv
mo18_idle,mo18_idle,pending,exe:resource@0x54B18C:csv
mo18_move,mo18_move,pending,exe:resource@0x54B18C:csv
mo18_attack,mo18_attack,pending,exe:resource@0x54B18C:csv
mo18_die,mo18_die,pending,exe:resource@0x54B18C:csv
Goblin Bombthug,Goblin Bombthug,pending,exe:resource@0x54B18C:csv
mo19_attack,mo19_attack,pending,exe:resource@0x54B18C:csv
Poltergeist,Poltergeist,pending,exe:resource@0x54B18C:csv
mo20_idle,mo20_idle,pending,exe:resource@0x54B18C:csv
mo20_attack,mo20_attack,pending,exe:resource@0x54B18C:csv
mo20_hurt,mo20_hurt,pending,exe:resource@0x54B18C:csv
mo20_die,mo20_die,pending,exe:resource@0x54B18C:csv
Barrea Mercenary,Barrea Mercenary,pending,exe:resource@0x54B18C:csv
merc_att,merc_att,pending,exe:resource@0x54B18C:csv
Taurax,Taurax,pending,exe:resource@0x54B18C:csv
mo22_idle,mo22_idle,pending,exe:resource@0x54B18C:csv
mo22_attack,mo22_attack,pending,exe:resource@0x54B18C:csv
mo22_hurt,mo22_hurt,pending,exe:resource@0x54B18C:csv
mo22_die,mo22_die,pending,exe:resource@0x54B18C:csv
Spire Guard,Spire Guard,pending,exe:resource@0x54B18C:csv
Maddock,Maddock,pending,exe:resource@0x54B18C:csv
NPC_Cough,NPC_Cough,pending,exe:resource@0x54B18C:csv
Michael,Michael,pending,exe:resource@0x54B18C:csv
Cast_Div,Cast_Div,pending,exe:resource@0x54B18C:csv
SFX_FEM_ATTACK,SFX_FEM_ATTACK,pending,exe:resource@0x54B18C:csv
SFX_FEM_HURT,SFX_FEM_HURT,pending,exe:resource@0x54B18C:csv
SFX_FEM_DIE,SFX_FEM_DIE,pending,exe:resource@0x54B18C:csv
Eleanor,Eleanor,pending,exe:resource@0x54B18C:csv
Garrett,Garrett,pending,exe:resource@0x54B18C:csv
Oswell,Oswell,pending,exe:resource@0x54B18C:csv
Lilith,Lilith,pending,exe:resource@0x54B18C:csv
Town Guard,Town Guard,pending,exe:resource@0x54B18C:csv
Gruzz,Gruzz,pending,exe:resource@0x54B18C:csv
Gatekeeper,Gatekeeper,pending,exe:resource@0x54B18C:csv
Darkford Guard,Darkford Guard,pending,exe:resource@0x54B18C:csv
Leurik,Leurik,pending,exe:resource@0x54B18C:csv
Vault Master,Vault Master,pending,exe:resource@0x54B18C:csv
Paul,Paul,pending,exe:resource@0x54B18C:csv
Larrus,Larrus,pending,exe:resource@0x54B18C:csv
Mary,Mary,pending,exe:resource@0x54B18C:csv
Jonathon,Jonathon,pending,exe:resource@0x54B18C:csv
Shady Character,Shady Character,pending,exe:resource@0x54B18C:csv
Oolaseph,Oolaseph,pending,exe:resource@0x54B18C:csv
Vault Guard,Vault Guard,pending,exe:resource@0x54B18C:csv
Vidar the Knife,Vidar the Knife,pending,exe:resource@0x54B18C:csv
Walter,Walter,pending,exe:resource@0x54B18C:csv
sfx_cast_elem,sfx_cast_elem,pending,exe:resource@0x54B18C:csv
Azure Guard,Azure Guard,pending,exe:resource@0x54B18C:csv
Captain Morgan,Captain Morgan,pending,exe:resource@0x54B18C:csv
Erubor,Erubor,pending,exe:resource@0x54B18C:csv
Shadowmirk Acolyte,Shadowmirk Acolyte,pending,exe:resource@0x54B18C:csv
Phillip,Phillip,pending,exe:resource@0x54B18C:csv
Omar,Omar,pending,exe:resource@0x54B18C:csv
Gramuk,Gramuk,pending,exe:resource@0x54B18C:csv
Chancellor Malcolm,Chancellor Malcolm,pending,exe:resource@0x54B18C:csv
Sonya,Sonya,pending,exe:resource@0x54B18C:csv
Aaron,Aaron,pending,exe:resource@0x54B18C:csv
Penelope,Penelope,pending,exe:resource@0x54B18C:csv
William,William,pending,exe:resource@0x54B18C:csv
Hesham,Hesham,pending,exe:resource@0x54B18C:csv
"""Fanged Salamander"",1,1,8,15,0,0,-1,1,0,1,9,4,4,3,8,0.5,5,0,0,20,5,0,""ACTION_MELEE"",60,0,0,""MO1_IDLE"",""MO1_MOVE"",""MO1_ATTACK"",""*"",""*"",4,""MO1_DIE""","""Fanged Salamander"",1,1,8,15,0,0,-1,1,0,1,9,4,4,3,8,0.5,5,0,0,20,5,0,""ACTION_MELEE"",60,0,0,""MO1_IDLE"",""MO1_MOVE"",""MO1_ATTACK"",""*"",""*"",4,""MO1_DIE""",pending,exe:resource@0x54B18C:line
"""Fungal Slime"",5,4,8,15,0,0,-1,5,0,1,25,6,10,4,35,0.75,5,0,10,20,35,0,""ACTION_RANGED"",160,0,0,""MO5_IDLE"",""MO5_MOVE"",""MO5_ATTACK"",""*"",""COMBAT_miss"",2,""MO5_DIE""","""Fungal Slime"",5,4,8,15,0,0,-1,5,0,1,25,6,10,4,35,0.75,5,0,10,20,35,0,""ACTION_RANGED"",160,0,0,""MO5_IDLE"",""MO5_MOVE"",""MO5_ATTACK"",""*"",""COMBAT_miss"",2,""MO5_DIE""",pending,exe:resource@0x54B18C:line
"""Walking Corpse"",6,5,8,15,0,0,-1,6,0,1,55,12,15,8,85,0.35,7,5,0,100,30,100,""ACTION_MELEE"",60,0,0,""MO6_IDLE"",""NPC_Step"",""MO6_ATTACK"",""*"",""*"",4,""MO6_DIE""","""Walking Corpse"",6,5,8,15,0,0,-1,6,0,1,55,12,15,8,85,0.35,7,5,0,100,30,100,""ACTION_MELEE"",60,0,0,""MO6_IDLE"",""NPC_Step"",""MO6_ATTACK"",""*"",""*"",4,""MO6_DIE""",pending,exe:resource@0x54B18C:line
"""Acid Grubb"",7,6,8,15,26,0,-1,7,0,1,70,24,25,12,160,0.5,6,0,20,0,50,0,""ACTION_MELEE"",60,0,0,""mo7_idle"",""mo7_move"",""mo7_attack"",""*"",""*"",9,""E_MISS""","""Acid Grubb"",7,6,8,15,26,0,-1,7,0,1,70,24,25,12,160,0.5,6,0,20,0,50,0,""ACTION_MELEE"",60,0,0,""mo7_idle"",""mo7_move"",""mo7_attack"",""*"",""*"",9,""E_MISS""",pending,exe:resource@0x54B18C:line
"""Timberland Giant"",8,7,8,15,26,26,-1,8,1,1,140,29,28,17,300,0.35,7,0,30,20,20,30,""ACTION_MELEE"",60,0,0,""MO8_IDLE"",""MO8_MOVE"",""MO8_ATTACK"",""*"",""*"",2,""MO8_DIE""","""Timberland Giant"",8,7,8,15,26,26,-1,8,1,1,140,29,28,17,300,0.35,7,0,30,20,20,30,""ACTION_MELEE"",60,0,0,""MO8_IDLE"",""MO8_MOVE"",""MO8_ATTACK"",""*"",""*"",2,""MO8_DIE""",pending,exe:resource@0x54B18C:line
"""Goblin Hacker"",9,8,8,15,0,0,-1,9,0,1,38,13,13,8,55,0.75,4,0,5,0,20,0,""ACTION_MELEE"",60,1,0,""MO9_IDLE"",""MO9_MOVE"",""MO9_ATTACK"",""*"",""*"",1,""MO9_DIE""","""Goblin Hacker"",9,8,8,15,0,0,-1,9,0,1,38,13,13,8,55,0.75,4,0,5,0,20,0,""ACTION_MELEE"",60,1,0,""MO9_IDLE"",""MO9_MOVE"",""MO9_ATTACK"",""*"",""*"",1,""MO9_DIE""",pending,exe:resource@0x54B18C:line
"""Goblin Archer"",10,8,8,15,0,0,-1,10,0,1,45,15,17,6,80,0.75,4,0,0,5,35,5,""ACTION_BOW"",325,1,0,""MO10_IDLE"",""MO9_MOVE"",""MO10_ATTACK"",""*"",""SFX_NPC_bow"",3,""MO9_DIE""","""Goblin Archer"",10,8,8,15,0,0,-1,10,0,1,45,15,17,6,80,0.75,4,0,0,5,35,5,""ACTION_BOW"",325,1,0,""MO10_IDLE"",""MO9_MOVE"",""MO10_ATTACK"",""*"",""SFX_NPC_bow"",3,""MO9_DIE""",pending,exe:resource@0x54B18C:line
"""Goblin Warlord"",11,8,8,15,0,0,-1,11,0,1,75,25,23,14,250,0.75,5,0,20,10,50,0,""ACTION_MELEE"",60,1,0,""MO9_IDLE"",""MO9_MOVE"",""MO11_ATTACK"",""*"",""*"",1,""MO9_DIE""","""Goblin Warlord"",11,8,8,15,0,0,-1,11,0,1,75,25,23,14,250,0.75,5,0,20,10,50,0,""ACTION_MELEE"",60,1,0,""MO9_IDLE"",""MO9_MOVE"",""MO11_ATTACK"",""*"",""*"",1,""MO9_DIE""",pending,exe:resource@0x54B18C:line
"""Hive Drone"",12,13,8,15,0,0,-1,12,0,1,40,14,12,9,60,1.5,5,0,10,70,20,0,""ACTION_MELEE"",60,0,1,""MO12_IDLE"",""MO12_MOVE"",""MO12_ATTACK"",""*"",""*"",4,""MO12_DIE""","""Hive Drone"",12,13,8,15,0,0,-1,12,0,1,40,14,12,9,60,1.5,5,0,10,70,20,0,""ACTION_MELEE"",60,0,1,""MO12_IDLE"",""MO12_MOVE"",""MO12_ATTACK"",""*"",""*"",4,""MO12_DIE""",pending,exe:resource@0x54B18C:line
"""Hive Queen"",13,13,8,15,52,52,-1,13,0,1,100,24,24,11,500,0.5,4,2,10,95,50,0,""ACTION_MELEE"",60,0,1,""MO12_IDLE"",""MO13_MOVE"",""MO13_ATTACK"",""*"",""*"",4,""MO12_DIE""","""Hive Queen"",13,13,8,15,52,52,-1,13,0,1,100,24,24,11,500,0.5,4,2,10,95,50,0,""ACTION_MELEE"",60,0,1,""MO12_IDLE"",""MO13_MOVE"",""MO13_ATTACK"",""*"",""*"",4,""MO12_DIE""",pending,exe:resource@0x54B18C:line
"""Dimensional Eye"",15,11,8,15,0,0,-1,15,0,1,80,25,25,12,250,0.5,5,0,30,15,100,100,""ACTION_CAST"",275,1,1,""De_idle"",""de_move"",""de_attack"",""de_hurt"",,6,""de_die""","""Dimensional Eye"",15,11,8,15,0,0,-1,15,0,1,80,25,25,12,250,0.5,5,0,30,15,100,100,""ACTION_CAST"",275,1,1,""De_idle"",""de_move"",""de_attack"",""de_hurt"",,6,""de_die""",pending,exe:resource@0x54B18C:line
"""Giant Arachnid"",16,8,8,15,0,0,-1,16,0,1,70,20,22,12,150,0.75,4,4,10,100,60,100,""ACTION_MELEE"",60,0,0,""mo16_idle"",""mo16_move"",""mo16_attack"",""mo16_hurt"",,9,""mo16_die""","""Giant Arachnid"",16,8,8,15,0,0,-1,16,0,1,70,20,22,12,150,0.75,4,4,10,100,60,100,""ACTION_MELEE"",60,0,0,""mo16_idle"",""mo16_move"",""mo16_attack"",""mo16_hurt"",,9,""mo16_die""",pending,exe:resource@0x54B18C:line
"""Dirachnid "",17,8,8,15,26,26,-1,17,0,1,250,30,29,20,2500,0.5,5,2,30,100,75,100,""ACTION_MELEE"",75,0,0,""mo16_idle"",""mo16_move"",""mo16_attack"",""mo16_hurt"",,9,""mo16_die""","""Dirachnid "",17,8,8,15,26,26,-1,17,0,1,250,30,29,20,2500,0.5,5,2,30,100,75,100,""ACTION_MELEE"",75,0,0,""mo16_idle"",""mo16_move"",""mo16_attack"",""mo16_hurt"",,9,""mo16_die""",pending,exe:resource@0x54B18C:line
"""Goblin Bombthug"",19,8,8,15,0,0,-1,19,0,1,15,12,21,20,60,0.75,5,0,0,40,45,60,""ACTION_MELEE"",60,1,0,""MO9_IDLE"",""MO9_MOVE"",""mo19_attack"",""*"",""*"",1,""MO9_DIE""","""Goblin Bombthug"",19,8,8,15,0,0,-1,19,0,1,15,12,21,20,60,0.75,5,0,0,40,45,60,""ACTION_MELEE"",60,1,0,""MO9_IDLE"",""MO9_MOVE"",""mo19_attack"",""*"",""*"",1,""MO9_DIE""",pending,exe:resource@0x54B18C:line
"""Spire Guard"",23,14,8,15,0,26,-1,60,0,1,300,28,27,15,400,0.75,5,0,20,0,0,0,""ACTION_MELEE"",60,1,0,""*"",""NPC_Step"",""SFX_MAN_ATTACK"",""SFX_MAN_HURT"",""*"",2,""SFX_MAN_DIE""","""Spire Guard"",23,14,8,15,0,26,-1,60,0,1,300,28,27,15,400,0.75,5,0,20,0,0,0,""ACTION_MELEE"",60,1,0,""*"",""NPC_Step"",""SFX_MAN_ATTACK"",""SFX_MAN_HURT"",""*"",2,""SFX_MAN_DIE""",pending,exe:resource@0x54B18C:line
"""Town Guard"",60,50,8,15,0,26,12,60,1,1,120,24,24,14,125,0.75,5,0,20,0,0,0,""ACTION_MELEE"",60,1,0,""*"",""NPC_Step"",""SFX_MAN_ATTACK"",""SFX_MAN_HURT"",""*"",1,""SFX_MAN_DIE""","""Town Guard"",60,50,8,15,0,26,12,60,1,1,120,24,24,14,125,0.75,5,0,20,0,0,0,""ACTION_MELEE"",60,1,0,""*"",""NPC_Step"",""SFX_MAN_ATTACK"",""SFX_MAN_HURT"",""*"",1,""SFX_MAN_DIE""",pending,exe:resource@0x54B18C:line
"""Darkford Guard"",65,50,8,15,0,26,12,60,1,2,120,22,24,15,150,0.75,5,0,20,0,0,0,""ACTION_MELEE"",60,1,0,""*"",""NPC_Step"",""SFX_MAN_ATTACK"",""SFX_MAN_HURT"",""*"",2,""SFX_MAN_DIE""","""Darkford Guard"",65,50,8,15,0,26,12,60,1,2,120,22,24,15,150,0.75,5,0,20,0,0,0,""ACTION_MELEE"",60,1,0,""*"",""NPC_Step"",""SFX_MAN_ATTACK"",""SFX_MAN_HURT"",""*"",2,""SFX_MAN_DIE""",pending,exe:resource@0x54B18C:line
"""Shady Character"",76,50,8,15,0,0,30,14,1,2,90,20,17,8,250,0.75,5,0,30,30,30,30,""ACTION_MELEE"",60,1,0,""*"",""NPC_Step"",""SFX_MAN_ATTACK"",""SFX_MAN_HURT"",""*"",2,""SFX_MAN_DIE""","""Shady Character"",76,50,8,15,0,0,30,14,1,2,90,20,17,8,250,0.75,5,0,30,30,30,30,""ACTION_MELEE"",60,1,0,""*"",""NPC_Step"",""SFX_MAN_ATTACK"",""SFX_MAN_HURT"",""*"",2,""SFX_MAN_DIE""",pending,exe:resource@0x54B18C:line
"""Vault Guard"",78,50,8,15,0,26,12,60,1,2,50,10,10,10,250,0.75,5,0,20,0,0,0,""ACTION_MELEE"",60,1,0,""*"",""NPC_Step"",""SFX_MAN_ATTACK"",""SFX_MAN_HURT"",""*"",1,""SFX_MAN_DIE""","""Vault Guard"",78,50,8,15,0,26,12,60,1,2,50,10,10,10,250,0.75,5,0,20,0,0,0,""ACTION_MELEE"",60,1,0,""*"",""NPC_Step"",""SFX_MAN_ATTACK"",""SFX_MAN_HURT"",""*"",1,""SFX_MAN_DIE""",pending,exe:resource@0x54B18C:line
"""Azure Guard"",81,50,8,15,0,26,12,60,1,2,120,23,24,15,150,0.75,5,0,20,0,0,0,""ACTION_MELEE"",60,1,0,""*"",""NPC_Step"",""SFX_MAN_ATTACK"",""SFX_MAN_HURT"",""*"",2,""SFX_MAN_DIE""","""Azure Guard"",81,50,8,15,0,26,12,60,1,2,120,23,24,15,150,0.75,5,0,20,0,0,0,""ACTION_MELEE"",60,1,0,""*"",""NPC_Step"",""SFX_MAN_ATTACK"",""SFX_MAN_HURT"",""*"",2,""SFX_MAN_DIE""",pending,exe:resource@0x54B18C:line
"""Captain Morgan"",82,50,8,15,0,26,29,60,1,2,120,14,18,12,400,0.75,5,0,40,0,0,0,""ACTION_MELEE"",60,1,0,""*"",""NPC_Step"",""SFX_MAN_ATTACK"",""SFX_MAN_HURT"",""*"",2,""SFX_MAN_DIE""","""Captain Morgan"",82,50,8,15,0,26,29,60,1,2,120,14,18,12,400,0.75,5,0,40,0,0,0,""ACTION_MELEE"",60,1,0,""*"",""NPC_Step"",""SFX_MAN_ATTACK"",""SFX_MAN_HURT"",""*"",2,""SFX_MAN_DIE""",pending,exe:resource@0x54B18C:line
"""Shadowmirk Acolyte"",84,50,8,15,0,0,-1,68,1,1,15,2,3,1,75,0.5,5,0,0,0,0,0,""ACTION_CAST"",225,1,0,""*"",""NPC_Step"",""sfx_cast_elem"",""SFX_MAN_HURT"",""*"",7,""SFX_MAN_DIE""","""Shadowmirk Acolyte"",84,50,8,15,0,0,-1,68,1,1,15,2,3,1,75,0.5,5,0,0,0,0,0,""ACTION_CAST"",225,1,0,""*"",""NPC_Step"",""sfx_cast_elem"",""SFX_MAN_HURT"",""*"",7,""SFX_MAN_DIE""",pending,exe:resource@0x54B18C:line
"""Shady Character"",88,12,8,15,0,0,30,14,0,2,110,23,17,10,250,0.75,5,0,30,30,30,30,""ACTION_MELEE"",60,1,0,""*"",""NPC_Step"",""SFX_MAN_ATTACK"",""SFX_MAN_HURT"",""*"",2,""SFX_MAN_DIE""","""Shady Character"",88,12,8,15,0,0,30,14,0,2,110,23,17,10,250,0.75,5,0,30,30,30,30,""ACTION_MELEE"",60,1,0,""*"",""NPC_Step"",""SFX_MAN_ATTACK"",""SFX_MAN_HURT"",""*"",2,""SFX_MAN_DIE""",pending,exe:resource@0x54B18C:line
"You step outside the walls of the dilapidated house and breathe deeply. The air is humid, still saturated from last night's rain. Although you do not recognize the area around you, it seems strangely familiar. The ghostly remnants of nearby abandoned buildings look overgrown and unwelcoming. You stand for just a minute and take it in, hoping that something will trigger an avalanche of memories to crash through and make sense of all this, but nothing comes to you.","You step outside the walls of the dilapidated house and breathe deeply. The air is humid, still saturated from last night's rain. Although you do not recognize the area around you, it seems strangely familiar. The ghostly remnants of nearby abandoned buildings look overgrown and unwelcoming. You stand for just a minute and take it in, hoping that something will trigger an avalanche of memories to crash through and make sense of all this, but nothing comes to you.",pending,exe:resource@0x54DC90:line
"You open your eyes. Your head is aching and you immediately realize you have no idea where you are. The only thing you can remember about last night is the terrible storm; the black of night cut with flashes of lightning. *Then you remember something- movement in the darkness. A shadowy presence. Slowly you begin to realize that you have no memory of anything before the storm of last evening. In fact, you have no idea who you even are! It takes much effort before you are able to remember even the most personal information about yourself: your name. *For a moment you are relieved to have remembered anything at all, but alas, your relief is short lived as you look around and assess your situation: you are standing in a strange house in an unknown location having little more than your name in your possession.","You open your eyes. Your head is aching and you immediately realize you have no idea where you are. The only thing you can remember about last night is the terrible storm; the black of night cut with flashes of lightning. *Then you remember something- movement in the darkness. A shadowy presence. Slowly you begin to realize that you have no memory of anything before the storm of last evening. In fact, you have no idea who you even are! It takes much effort before you are able to remember even the most personal information about yourself: your name. *For a moment you are relieved to have remembered anything at all, but alas, your relief is short lived as you look around and assess your situation: you are standing in a strange house in an unknown location having little more than your name in your possession.",pending,exe:resource@0x54DC90:line
"The stairs descend into a surprisingly pleasant foyer with fine marble floors. The air is warm and dry, apparently regulated by thermal pipes running under the floors and walls. It is obvious that great effort has gone into ensuring the climate of this place is carefully controlled.","The stairs descend into a surprisingly pleasant foyer with fine marble floors. The air is warm and dry, apparently regulated by thermal pipes running under the floors and walls. It is obvious that great effort has gone into ensuring the climate of this place is carefully controlled.",pending,exe:resource@0x54DC90:line
"This place seems increasingly familiar to you. Yes, you've been here before. Somehow you know this area. Yet it is strange: as you become gradually more confident that you recognize your surroundings, you feel as if any remaining memories of your own identity seem to be slipping away evermore.","This place seems increasingly familiar to you. Yes, you've been here before. Somehow you know this area. Yet it is strange: as you become gradually more confident that you recognize your surroundings, you feel as if any remaining memories of your own identity seem to be slipping away evermore.",pending,exe:resource@0x54DC90:line
"This town has clearly suffered a catastrophic event. Some of the buildings are burned out, others appear to have succumbed to neglect after being abandoned. You notice remnants of war lying about- rusted swords, dented shields, and fragments of bone...","This town has clearly suffered a catastrophic event. Some of the buildings are burned out, others appear to have succumbed to neglect after being abandoned. You notice remnants of war lying about- rusted swords, dented shields, and fragments of bone...",pending,exe:resource@0x54DC90:line
"You can feel damp, cool air seeping out from the gaps around the door of this tomb leading you to believe that behind this seal is not merely a tiny mausoleum but rather an extensive underground vault.","You can feel damp, cool air seeping out from the gaps around the door of this tomb leading you to believe that behind this seal is not merely a tiny mausoleum but rather an extensive underground vault.",pending,exe:resource@0x54DC90:line
"This room smells of the blood that has pooled on the cold stone floor. Looking around you see several hooked tools and knives, suggesting to you that this room is used to prepare corpses for internment.","This room smells of the blood that has pooled on the cold stone floor. Looking around you see several hooked tools and knives, suggesting to you that this room is used to prepare corpses for internment.",pending,exe:resource@0x54DC90:line
"In the center of this room is a large golden statue of a demon. The floor is covered in blood and several humans, apparently victims of sacrificial rituals, lay dead at the base of the statue.","In the center of this room is a large golden statue of a demon. The floor is covered in blood and several humans, apparently victims of sacrificial rituals, lay dead at the base of the statue.",pending,exe:resource@0x54DC90:line
"Before you stands an immense steel gate; a large sign has been affixed to it. ""NOTICE: The Chancellor of Thaermore has officially closed the gateway to Crakamir and the southern trade routes until further notice."" You see a large keyhole in the center of the gate.","Before you stands an immense steel gate; a large sign has been affixed to it. ""NOTICE: The Chancellor of Thaermore has officially closed the gateway to Crakamir and the southern trade routes until further notice."" You see a large keyhole in the center of the gate.",pending,exe:resource@0x54DC90:line
This atrium appears to be some sort of a nursery for cultivating these odd purple plants. Shafts of light shine in from windows high above and a complex series of pipes and alembics are circulating water and condensing the secretions that drips from the tentacled branches. A lone person seems to be strolling around this room.,This atrium appears to be some sort of a nursery for cultivating these odd purple plants. Shafts of light shine in from windows high above and a complex series of pipes and alembics are circulating water and condensing the secretions that drips from the tentacled branches. A lone person seems to be strolling around this room.,pending,exe:resource@0x54DC90:line
"The smell of damp, musty earth fills your nostrils as you descend the stairs into the chilly cellar underneath the abandoned house. You see many long-legged spiders scurrying across the walls and ceiling.","The smell of damp, musty earth fills your nostrils as you descend the stairs into the chilly cellar underneath the abandoned house. You see many long-legged spiders scurrying across the walls and ceiling.",pending,exe:resource@0x54DC90:line
"The smell of charred wood and bone hangs in the air here, and the walls are covered in thick soot. This is most certainly a cremation room. Across the floor are scattered bones; anything of value seems to have already been removed from these remains. Ash appears to be overflowing the urns and incinerators.","The smell of charred wood and bone hangs in the air here, and the walls are covered in thick soot. This is most certainly a cremation room. Across the floor are scattered bones; anything of value seems to have already been removed from these remains. Ash appears to be overflowing the urns and incinerators.",pending,exe:resource@0x54DC90:line
"Inside the vast tower, the air is dry and almost cracks with energy. It smells of books and scrolls; of ancient tomes stashed away in deep libraries. The sweet yet acrid scent of alchemy also hangs in the air, adding to the sense that this place is alive with magick!","Inside the vast tower, the air is dry and almost cracks with energy. It smells of books and scrolls; of ancient tomes stashed away in deep libraries. The sweet yet acrid scent of alchemy also hangs in the air, adding to the sense that this place is alive with magick!",pending,exe:resource@0x54DC90:line
This bone storage room is cool and dry. There doesn't appear to be anything of value laying amongst the bones that are mostly separated into various piles.,This bone storage room is cool and dry. There doesn't appear to be anything of value laying amongst the bones that are mostly separated into various piles.,pending,exe:resource@0x54DC90:line
"You are entering a village that is smaller than the deserted one you awoke in earlier. The streets appear to be mostly vacant, yet sounds of life can be heard within the walls of the buildings. You are hopeful that talking to the locals in this town may help you make sense of your situation.","You are entering a village that is smaller than the deserted one you awoke in earlier. The streets appear to be mostly vacant, yet sounds of life can be heard within the walls of the buildings. You are hopeful that talking to the locals in this town may help you make sense of your situation.",pending,exe:resource@0x54DC90:line
"You step into the Grand Hall of Eastern Grimmhold. Even though it has not been properly maintained for some time, the beauty and grandeur of this colossal hall is still impressive with its marble floor and ornate columns. Birds fly freely about due to the lack of a ceiling. Although mostly quiet, you can hear the faint sounds of coughing and gasping somewhere close by.","You step into the Grand Hall of Eastern Grimmhold. Even though it has not been properly maintained for some time, the beauty and grandeur of this colossal hall is still impressive with its marble floor and ornate columns. Birds fly freely about due to the lack of a ceiling. Although mostly quiet, you can hear the faint sounds of coughing and gasping somewhere close by.",pending,exe:resource@0x54DC90:line
"You step carefully as you descend into the crypt. The stairs, made of loose stones held together by crumbling mortar, shift underfoot. The narrow stairwell opens into a musty hall lit dimly by torches.","You step carefully as you descend into the crypt. The stairs, made of loose stones held together by crumbling mortar, shift underfoot. The narrow stairwell opens into a musty hall lit dimly by torches.",pending,exe:resource@0x54DC90:line
These tapestries hanging here display the crest of the Goblin King. It is a sign that this place has been claimed by a goblin clan leader- probably a warlord.,These tapestries hanging here display the crest of the Goblin King. It is a sign that this place has been claimed by a goblin clan leader- probably a warlord.,pending,exe:resource@0x54DC90:line
"Flipping the switch causes a huge granite block to rise, allowing water to rush down a chute and into a reservoir. As the reservoir quickly fills, you hear pipes creak and groan as the pressures increases. Somewhere, far off in the darkness, the grinding sound of turning gears can be heard.","Flipping the switch causes a huge granite block to rise, allowing water to rush down a chute and into a reservoir. As the reservoir quickly fills, you hear pipes creak and groan as the pressures increases. Somewhere, far off in the darkness, the grinding sound of turning gears can be heard.",pending,exe:resource@0x54DC90:line
This area reeks of sewage and the walls seem to move with hundreds of cockroaches. You promptly cover your mouth and nose so as not to breathe in the filthy air.,This area reeks of sewage and the walls seem to move with hundreds of cockroaches. You promptly cover your mouth and nose so as not to breathe in the filthy air.,pending,exe:resource@0x54DC90:line
"The air in this chamber is heavy and sour. The floor is covered in soft, moist dung crawling with beetles. In the darkness above you, you hear a cacophony of shrill screeches...bats. It would be best not to disturb anything here.","The air in this chamber is heavy and sour. The floor is covered in soft, moist dung crawling with beetles. In the darkness above you, you hear a cacophony of shrill screeches...bats. It would be best not to disturb anything here.",pending,exe:resource@0x54DC90:line
Something wedged in the loose rocks catches your eye. Perhaps something was carried in here by the bats and dropped  into these rocks.,Something wedged in the loose rocks catches your eye. Perhaps something was carried in here by the bats and dropped  into these rocks.,pending,exe:resource@0x54DC90:line
"It looks as if this area has been blasted shut. You can hear air whistling through the tunnels on the other side of the rock pile. It looks as if this was an attempt to seal the deeper sections of the cave off to prevent anything from getting in, or out.","It looks as if this area has been blasted shut. You can hear air whistling through the tunnels on the other side of the rock pile. It looks as if this was an attempt to seal the deeper sections of the cave off to prevent anything from getting in, or out.",pending,exe:resource@0x54DC90:line
"What is this? A strange set of levers so deep in this remote cave! Perhaps they operate old mining equipment that was long ago abandoned, or maybe when manipulated correctly they open a secret door to a thieves' lair. There is only one way to find out...","What is this? A strange set of levers so deep in this remote cave! Perhaps they operate old mining equipment that was long ago abandoned, or maybe when manipulated correctly they open a secret door to a thieves' lair. There is only one way to find out...",pending,exe:resource@0x54DC90:line
Faint light seeps in from above; it's just enough to allow a few twisted shrubs and trees to take root  in this damp and chilly cave.,Faint light seeps in from above; it's just enough to allow a few twisted shrubs and trees to take root  in this damp and chilly cave.,pending,exe:resource@0x54DC90:line
"The entrance to the Ossuary seems to have been destroyed, probably kicked in by thieves trying to gain entry. However, you find it a bit disconcerting that the remains of the door actually appear to broken outward and now lay about the yard. From here you see that the entry hall into the Ossuary is a gradually descending slope that disappears into pitch darkness deep underground.","The entrance to the Ossuary seems to have been destroyed, probably kicked in by thieves trying to gain entry. However, you find it a bit disconcerting that the remains of the door actually appear to broken outward and now lay about the yard. From here you see that the entry hall into the Ossuary is a gradually descending slope that disappears into pitch darkness deep underground.",pending,exe:resource@0x54DC90:line
"This tavern is small and nearly empty. The owner sees you enter and quickly begins to wipe off a table, apparently trying to appear busy. In the corner a man sits at a table drinking from a bottle of whiskey.","This tavern is small and nearly empty. The owner sees you enter and quickly begins to wipe off a table, apparently trying to appear busy. In the corner a man sits at a table drinking from a bottle of whiskey.",pending,exe:resource@0x54DC90:line
The southwest gate to Blackwater appears to be overgrown and unused.,The southwest gate to Blackwater appears to be overgrown and unused.,pending,exe:resource@0x54DC90:line
Something is not right here. The air seems strangely still. You feel as if the trees themselves are watching you...,Something is not right here. The air seems strangely still. You feel as if the trees themselves are watching you...,pending,exe:resource@0x54DC90:line
"You realize you are walking among the remnants of a battlefield. Suddenly you are hit with the most powerful memory since your journey began! This place- this battlefield- feels incredibly familiar, yet you cannot hold onto these memories as they rapidly slip away. Then, just as quickly as the faint memories appeared, they are gone.","You realize you are walking among the remnants of a battlefield. Suddenly you are hit with the most powerful memory since your journey began! This place- this battlefield- feels incredibly familiar, yet you cannot hold onto these memories as they rapidly slip away. Then, just as quickly as the faint memories appeared, they are gone.",pending,exe:resource@0x54DC90:line
"This tiny house is nearly empty except for trash and debris scattered about. It smells of death in this room, and you quickly notice a decomposing body laying at the back of the room in a pool of thick, congealed blood.","This tiny house is nearly empty except for trash and debris scattered about. It smells of death in this room, and you quickly notice a decomposing body laying at the back of the room in a pool of thick, congealed blood.",pending,exe:resource@0x54DC90:line
Your eye catches something odd about the northwest wall of this room. A small section of the wall seems slightly misaligned. Upon touching it you discover that it is just an illusion...your hand passes through it as freely as if it wasn't there.,Your eye catches something odd about the northwest wall of this room. A small section of the wall seems slightly misaligned. Upon touching it you discover that it is just an illusion...your hand passes through it as freely as if it wasn't there.,pending,exe:resource@0x54DC90:line
"This room appears to be filled with dozens of shallow, unmarked graves. The air here is very damp and cold. Centipedes and worms wriggle through the overturned soil at your feet.","This room appears to be filled with dozens of shallow, unmarked graves. The air here is very damp and cold. Centipedes and worms wriggle through the overturned soil at your feet.",pending,exe:resource@0x54DC90:line
"As you approach the tiny overgrown house, you notice a row of powder kegs partially blocking the path leading up to the missing front door. A rudimentary flint and steel trap seems to be rigged to one of the barrels and a pull cord runs along the ground and into the house. Upon closer inspection you see that the powder kegs are waterlogged and rotting; the chances of them exploding are very slim, if they even contain any powder at all. From here you can see a person inside the house, apparently unaware of your presence.","As you approach the tiny overgrown house, you notice a row of powder kegs partially blocking the path leading up to the missing front door. A rudimentary flint and steel trap seems to be rigged to one of the barrels and a pull cord runs along the ground and into the house. Upon closer inspection you see that the powder kegs are waterlogged and rotting; the chances of them exploding are very slim, if they even contain any powder at all. From here you can see a person inside the house, apparently unaware of your presence.",pending,exe:resource@0x54DC90:line
"You enter this small antechamber and see it is in a state of chaos. Chairs lay strewn about, a broken table lies splintered on the floor, and a rotting corpse lies in the corner. This room appears to have been a meeting area at one time, but now it is little more than the filthy tomb of a mediocre thief. How he met his fate is a mystery.","You enter this small antechamber and see it is in a state of chaos. Chairs lay strewn about, a broken table lies splintered on the floor, and a rotting corpse lies in the corner. This room appears to have been a meeting area at one time, but now it is little more than the filthy tomb of a mediocre thief. How he met his fate is a mystery.",pending,exe:resource@0x54DC90:line
Broken wine racks and bottles lie everywhere. It appears that any wine of value has already been taken or unfortunately smashed upon the ground.,Broken wine racks and bottles lie everywhere. It appears that any wine of value has already been taken or unfortunately smashed upon the ground.,pending,exe:resource@0x54DC90:line
"This is a killing ground. Bodies of varying stages of decomposition lie about, striped of their valuables. It is clear that these thieves hold no respect or sympathy for their victims.","This is a killing ground. Bodies of varying stages of decomposition lie about, striped of their valuables. It is clear that these thieves hold no respect or sympathy for their victims.",pending,exe:resource@0x54DC90:line
"Before you stands the sealed front gates of a foreboding, dark tower. It's a strikingly large structure adorned with strange archaic symbols. You notice that the entire building has been built out over the water; only the front entrance seems to be connected to the land. From here you do not see any way to operate the front gates other than a switch in the inner yard, which is completely unreachable.","Before you stands the sealed front gates of a foreboding, dark tower. It's a strikingly large structure adorned with strange archaic symbols. You notice that the entire building has been built out over the water; only the front entrance seems to be connected to the land. From here you do not see any way to operate the front gates other than a switch in the inner yard, which is completely unreachable.",pending,exe:resource@0x54DC90:line
"At the entrance of this cave you hear the air rushing out over the jagged rocks, creating a whistling noise that grows to a howl when the wind increases. You notice footprints in the soft red clay of the cave's floor, though it is impossible to tell how long they've been there.","At the entrance of this cave you hear the air rushing out over the jagged rocks, creating a whistling noise that grows to a howl when the wind increases. You notice footprints in the soft red clay of the cave's floor, though it is impossible to tell how long they've been there.",pending,exe:resource@0x54DC90:line
"Here you notice that the ground is littered with the unmistakable remnants of a goblin camp: the bones of small animals, a rusted dagger whose blade has been bent beyond use, and the foul stench of rotten meat and fermented weed juice. Yes, Goblins have passed through here recently and probably rested in this spot.","Here you notice that the ground is littered with the unmistakable remnants of a goblin camp: the bones of small animals, a rusted dagger whose blade has been bent beyond use, and the foul stench of rotten meat and fermented weed juice. Yes, Goblins have passed through here recently and probably rested in this spot.",pending,exe:resource@0x54DC90:line
"Aha! A back entrance to the dark tower! And better yet, the door appears to be slightly ajar as if it were not properly closed the last time someone used it.","Aha! A back entrance to the dark tower! And better yet, the door appears to be slightly ajar as if it were not properly closed the last time someone used it.",pending,exe:resource@0x54DC90:line
You begin to smell the foul stench of an animal enclosure that seems to have not been cleaned for quite a while. Mold grows thick on the walls in this area.,You begin to smell the foul stench of an animal enclosure that seems to have not been cleaned for quite a while. Mold grows thick on the walls in this area.,pending,exe:resource@0x54DC90:line
The door opens to reveal a pit with a ladder leading to the darkness below. You are instantly struck by the acidic smell of alchemy rising from the hole.,The door opens to reveal a pit with a ladder leading to the darkness below. You are instantly struck by the acidic smell of alchemy rising from the hole.,pending,exe:resource@0x54DC90:line
This appears to be some sort of magickal platform used in the casting of specific spells. It is overgrown and dirty as if it has not been used in a long while.,This appears to be some sort of magickal platform used in the casting of specific spells. It is overgrown and dirty as if it has not been used in a long while.,pending,exe:resource@0x54DC90:line
"The horror! These bodies have been shredded by ravenous beasts. Entrails lay about, pulled from their bodies and partially consumed. Bits of hair and skin appear to even be hanging in the surrounding shrubbery and trees. The death these men must have experienced is unfathomable.","The horror! These bodies have been shredded by ravenous beasts. Entrails lay about, pulled from their bodies and partially consumed. Bits of hair and skin appear to even be hanging in the surrounding shrubbery and trees. The death these men must have experienced is unfathomable.",pending,exe:resource@0x54DC90:line
"You step into a massive domed pit. A single shaft of light high above is the only illumination in this depressing abode. Fragments of bone lay scattered everywhere and are easily crushed into dust beneath your feet. This is an oubliette; a place of death and suffering, a place where many unfortunate souls were cast, where they anguished for days in absolute darkness while centipedes and cockroaches ate them alive. It seems as if their tormented cries still echo from through the darkness.","You step into a massive domed pit. A single shaft of light high above is the only illumination in this depressing abode. Fragments of bone lay scattered everywhere and are easily crushed into dust beneath your feet. This is an oubliette; a place of death and suffering, a place where many unfortunate souls were cast, where they anguished for days in absolute darkness while centipedes and cockroaches ate them alive. It seems as if their tormented cries still echo from through the darkness.",pending,exe:resource@0x54DC90:line
"You are entering the town of Vela. A ghostly fog hangs in the air and most of the streets appear to be flooded with water. On this main avenue entering the town, banners displaying the goblin crest are nailed to makeshift walls, built from the ruins of the once bustling shops. You also see Goblin totems- long poles adorned with human skulls. These are territorial signs. This area belongs to the goblins now.","You are entering the town of Vela. A ghostly fog hangs in the air and most of the streets appear to be flooded with water. On this main avenue entering the town, banners displaying the goblin crest are nailed to makeshift walls, built from the ruins of the once bustling shops. You also see Goblin totems- long poles adorned with human skulls. These are territorial signs. This area belongs to the goblins now.",pending,exe:resource@0x54DC90:line
"This is a heavy, impassible gate. There is neither a keyhole nor any visible method of operation. It almost looks as if this gate was never intended to be opened.","This is a heavy, impassible gate. There is neither a keyhole nor any visible method of operation. It almost looks as if this gate was never intended to be opened.",pending,exe:resource@0x54DC90:line
The remnants of a road sign lies strewn upon the ground. It looks like it was purposely smashed.,The remnants of a road sign lies strewn upon the ground. It looks like it was purposely smashed.,pending,exe:resource@0x54DC90:line
A casket has been dug up and smashed opened. The remains of the deceased are scattered about and the thieves left nothing of value. The corpse's shattered jawbone suggests they might have been after gold teeth.,A casket has been dug up and smashed opened. The remains of the deceased are scattered about and the thieves left nothing of value. The corpse's shattered jawbone suggests they might have been after gold teeth.,pending,exe:resource@0x54DC90:line
"Beyond this southern border the Barrens of Crakamir extend for a great distance. There's nothing out there for you but certain death. Turn back, brave adventurer; you'll have to save those travels for another time.","Beyond this southern border the Barrens of Crakamir extend for a great distance. There's nothing out there for you but certain death. Turn back, brave adventurer; you'll have to save those travels for another time.",pending,exe:resource@0x54DC90:line
"Before you sits a crystal ball, an ancient tool of the Mystics, used for seeing into the past and the future. When you peer into it all you see is a swirling, cloudy mist. It fills you with a sense of dread until you look away.","Before you sits a crystal ball, an ancient tool of the Mystics, used for seeing into the past and the future. When you peer into it all you see is a swirling, cloudy mist. It fills you with a sense of dread until you look away.",pending,exe:resource@0x54DC90:line
"This entry chamber seems to be a sort of ""waiting room"" where remains are stored until caretakers can move the bones deeper into the ossuary. With no one tending to the ossuary anymore, thieves have viscously raided this area, scattering bones everywhere. At the opposite side of the entry chamber is a doorway. Blood has been smeared across its threshold, a common warding practice meant to keep restless souls from exiting. It is also regarded as a warning sign for the living to stay away.","This entry chamber seems to be a sort of ""waiting room"" where remains are stored until caretakers can move the bones deeper into the ossuary. With no one tending to the ossuary anymore, thieves have viscously raided this area, scattering bones everywhere. At the opposite side of the entry chamber is a doorway. Blood has been smeared across its threshold, a common warding practice meant to keep restless souls from exiting. It is also regarded as a warning sign for the living to stay away.",pending,exe:resource@0x54DC90:line
The larger inner chamber is an area of general bone storage. To the left and right sides of this long room are shelves packed tight with human remains.,The larger inner chamber is an area of general bone storage. To the left and right sides of this long room are shelves packed tight with human remains.,pending,exe:resource@0x54DC90:line
"Here, someone has smashed through a shelf and wall, revealing a hidden passage way!","Here, someone has smashed through a shelf and wall, revealing a hidden passage way!",pending,exe:resource@0x54DC90:line
This wall appears to be newer than the surrounding walls. Bricks and mortar on the ground leads you to believe that someone has recently sealed this passage. The wall feels solid and would take days to smash apart; you would be better off finding another way.,This wall appears to be newer than the surrounding walls. Bricks and mortar on the ground leads you to believe that someone has recently sealed this passage. The wall feels solid and would take days to smash apart; you would be better off finding another way.,pending,exe:resource@0x54DC90:line
"Although the sign recommends you wait for a crypt attendant, you very much doubt that anyone will come to greet you.","Although the sign recommends you wait for a crypt attendant, you very much doubt that anyone will come to greet you.",pending,exe:resource@0x54DC90:line
"This small chamber looks to be a holding cell of sorts. Perhaps grave robbers, caught in the act, are secured here.","This small chamber looks to be a holding cell of sorts. Perhaps grave robbers, caught in the act, are secured here.",pending,exe:resource@0x54DC90:line
"This building is a place of suffering and nightmares. Devices of torture lay about, as do human bones and scraps of clothing. A rancid cauldron of boiled-down fat adds a putrid stench to the air. Amid this horror you see a man hanging from a rack. He seems to still be alive.","This building is a place of suffering and nightmares. Devices of torture lay about, as do human bones and scraps of clothing. A rancid cauldron of boiled-down fat adds a putrid stench to the air. Amid this horror you see a man hanging from a rack. He seems to still be alive.",pending,exe:resource@0x54DC90:line
"This is the entrance to the Goblin's Citadel. Very few humans have seen past these dark walls, and those who have never returned to tell about it. To the northeast, the Citadel stands as a massive black monolith against the desert sky. From this vantage point you see that many goblins occupy the inner yard. Makeshift barricades protect archers and hackers, ready to charge anyone foolish enough to enter the gateway.","This is the entrance to the Goblin's Citadel. Very few humans have seen past these dark walls, and those who have never returned to tell about it. To the northeast, the Citadel stands as a massive black monolith against the desert sky. From this vantage point you see that many goblins occupy the inner yard. Makeshift barricades protect archers and hackers, ready to charge anyone foolish enough to enter the gateway.",pending,exe:resource@0x54DC90:line
"You realize that once you enter the gateway, all of hell will open up. You only hope that Omar holds true to his promise that the Giants will aid your entry into the Citadel.","You realize that once you enter the gateway, all of hell will open up. You only hope that Omar holds true to his promise that the Giants will aid your entry into the Citadel.",pending,exe:resource@0x54DC90:line
"The Goblins, aware that the Citadel is under assault, suddenly lock down every gateway and portcullis! You'll have to search for another way to reach the inner foyer and gain access to the next level.","The Goblins, aware that the Citadel is under assault, suddenly lock down every gateway and portcullis! You'll have to search for another way to reach the inner foyer and gain access to the next level.",pending,exe:resource@0x54DC90:line
Inside the Citadel the air is stagnant and thick with the putrid smell of goblins. Twisted corridors suggest a senseless and improvised method of construction. You must be cautious for there are undoubtedly dangers lurking in every shadow.,Inside the Citadel the air is stagnant and thick with the putrid smell of goblins. Twisted corridors suggest a senseless and improvised method of construction. You must be cautious for there are undoubtedly dangers lurking in every shadow.,pending,exe:resource@0x54DC90:line
"You have found a holding dungeon filled with the remains of at least a dozen humans, some of whom have been here for a very long time. They all appear to have been chained to the walls and tortured for reasons unknown.","You have found a holding dungeon filled with the remains of at least a dozen humans, some of whom have been here for a very long time. They all appear to have been chained to the walls and tortured for reasons unknown.",pending,exe:resource@0x54DC90:line
"This tomb has no ceiling. Far above, a reflector directs daylight down the long vertical shaft. It is enough to keep a small bit of grass and a couple trees alive in this place of death.","This tomb has no ceiling. Far above, a reflector directs daylight down the long vertical shaft. It is enough to keep a small bit of grass and a couple trees alive in this place of death.",pending,exe:resource@0x54DC90:line
"Yet another unfortunate casualty of this war: a simple homeowner murdered in his house, his head smashed open and everything of value taken. Bloody footprints throughout the house suggest a band of thugs committed this act within the last two days.","Yet another unfortunate casualty of this war: a simple homeowner murdered in his house, his head smashed open and everything of value taken. Bloody footprints throughout the house suggest a band of thugs committed this act within the last two days.",pending,exe:resource@0x54DC90:line
This hallway ends as an unfinished tunnel cut directly into rock.,This hallway ends as an unfinished tunnel cut directly into rock.,pending,exe:resource@0x54DC90:line
This looks like the remains of a wagon caravan. It has been smashed into countless pieces.,This looks like the remains of a wagon caravan. It has been smashed into countless pieces.,pending,exe:resource@0x54DC90:line
"This looks rather like a cave cut into the bedrock, but it has been reinforced with walls of brick and mortar. Concrete steps lead down into the darkness.","This looks rather like a cave cut into the bedrock, but it has been reinforced with walls of brick and mortar. Concrete steps lead down into the darkness.",pending,exe:resource@0x54DC90:line
You approach the edge of the waterfall where the river plunges into the chasm with a deafening roar. You cannot see the bottom of the rift and have no idea how far the water must be falling. You imagine that with enough time the whole sea could eventually be swallowed by this abyss.,You approach the edge of the waterfall where the river plunges into the chasm with a deafening roar. You cannot see the bottom of the rift and have no idea how far the water must be falling. You imagine that with enough time the whole sea could eventually be swallowed by this abyss.,pending,exe:resource@0x54DC90:line
"The outpost is dark and quiet. You find the lack of life unnerving- not a single beetle crawls across the sand covered floor, nor a single patch of mold grows on the walls.","The outpost is dark and quiet. You find the lack of life unnerving- not a single beetle crawls across the sand covered floor, nor a single patch of mold grows on the walls.",pending,exe:resource@0x54DC90:line
This doorway looks as if it has been bricked and mortared shut. The wall is solid and you see no way of passing.,This doorway looks as if it has been bricked and mortared shut. The wall is solid and you see no way of passing.,pending,exe:resource@0x54DC90:line
It seems very clear that this place has been raided and scavenged years ago. Nothing of value remains and every chest appears smashed open.,It seems very clear that this place has been raided and scavenged years ago. Nothing of value remains and every chest appears smashed open.,pending,exe:resource@0x54DC90:line
"Before you even open the door, you can smell the pungent scent of a distiller in use. The air is saturated with the smell of fermenting grains and poor-quality alcohol.","Before you even open the door, you can smell the pungent scent of a distiller in use. The air is saturated with the smell of fermenting grains and poor-quality alcohol.",pending,exe:resource@0x54DC90:line
"Gramuk falls to the floor. His body writhes and his skin cracks. Amidst a shower of magickal energy, he transforms into a Dirachnid- a massive spider seen only in the deepest of dungeons!","Gramuk falls to the floor. His body writhes and his skin cracks. Amidst a shower of magickal energy, he transforms into a Dirachnid- a massive spider seen only in the deepest of dungeons!",pending,exe:resource@0x54DC90:line
"With that final blow, the Dirachnid's body crumbles in a spray of gore. A blue mist pours from the broken shell of the giant spider and crawls through the air as if looking for refuge. You stand back and watch it dissipate until you are confident that the creature is truly dead, then you sense a calmness settle upon the room.","With that final blow, the Dirachnid's body crumbles in a spray of gore. A blue mist pours from the broken shell of the giant spider and crawls through the air as if looking for refuge. You stand back and watch it dissipate until you are confident that the creature is truly dead, then you sense a calmness settle upon the room.",pending,exe:resource@0x54DC90:line
Playing Hint: There is a town sign nearby. Walk over next to it and touch it to activate this location in your Quick Travel Menu.,Playing Hint: There is a town sign nearby. Walk over next to it and touch it to activate this location in your Quick Travel Menu.,pending,exe:resource@0x54DC90:line
"Contained within the yellowed pages of this tome is the text of one of the many religious faiths. The first pages describe the process of creation, as most holy books often do: *""Long ago, there were only the great ones- the Darkness, named Onos, and the Light, named Rai. They fought for control of the sky, but it was Onos who dominated and kept Rai away, exiled far beyond the most distant stars. In this time, Darkness reigned supreme."" *""But Rai schemed to dethrone Onos and so gathered an army of burning comets for which to attack the darkness. From the black abyss of the most distant realm, Rai moved with his army and surprised Onos, driving back darkness and bringing light to the sky."" *""Onos, in all his wickedness, retaliated with great vengeance! In an act of madness, he punched a hole in the sky to consume all of the comets, but their numbers were too great. As all of the cosmos began falling into this hole, the comets came crashing together and formed a single brilliant gem, too large to be pulled through the opening. The gem became known as Eschalon, and its greatness alone was enough to seal the hole formed by Onos."" *""With the immense pull created by Eschalon and the remnant hole, Onos and Rai were dragged into an endless spiral from which they could not escape. Ever spinning around Eschalon, they gave the land its first day and night, which has continued for endless millennia since. Their imprisonment became the gift of all the creatures of Eschalon.""","Contained within the yellowed pages of this tome is the text of one of the many religious faiths. The first pages describe the process of creation, as most holy books often do: *""Long ago, there were only the great ones- the Darkness, named Onos, and the Light, named Rai. They fought for control of the sky, but it was Onos who dominated and kept Rai away, exiled far beyond the most distant stars. In this time, Darkness reigned supreme."" *""But Rai schemed to dethrone Onos and so gathered an army of burning comets for which to attack the darkness. From the black abyss of the most distant realm, Rai moved with his army and surprised Onos, driving back darkness and bringing light to the sky."" *""Onos, in all his wickedness, retaliated with great vengeance! In an act of madness, he punched a hole in the sky to consume all of the comets, but their numbers were too great. As all of the cosmos began falling into this hole, the comets came crashing together and formed a single brilliant gem, too large to be pulled through the opening. The gem became known as Eschalon, and its greatness alone was enough to seal the hole formed by Onos."" *""With the immense pull created by Eschalon and the remnant hole, Onos and Rai were dragged into an endless spiral from which they could not escape. Ever spinning around Eschalon, they gave the land its first day and night, which has continued for endless millennia since. Their imprisonment became the gift of all the creatures of Eschalon.""",pending,exe:resource@0x552770:line
"Gramuk leads you to a large vault just off the main vestibule in his tower room. In the vault you see huge chests filled with gold, gemstones, and priceless bars of Divine Ore. He picks up a canvas sack and begins scooping armfuls of neatly stacked coins from a table into it until the top can barely close. *""With the Crux back in our possession we now have the power to reclaim our ancient homelands. You've aided the race of Goblins, and now I make good on my offer."" Gramuk lifts the hefty sack of gold and places it in your arms. ""Take this gold, human. It is enough to buy passage out of Thaermore where you can retire as a wealthy lord. But heed this warning: once you leave this Citadel you will be just another human to us. Leave Thaermore and never return."" *You cinch the sack of gold closed and hoist it onto your shoulder. It is heavy. Perhaps its weight is more than that of the gold alone, for you realize this sack represents the death of many humans. It represents the lands of Thaermore falling to the Goblin scourge. In time, the weight of this gold may be more than you can bear, but for now your only worry is getting out of Thaermore alive.","Gramuk leads you to a large vault just off the main vestibule in his tower room. In the vault you see huge chests filled with gold, gemstones, and priceless bars of Divine Ore. He picks up a canvas sack and begins scooping armfuls of neatly stacked coins from a table into it until the top can barely close. *""With the Crux back in our possession we now have the power to reclaim our ancient homelands. You've aided the race of Goblins, and now I make good on my offer."" Gramuk lifts the hefty sack of gold and places it in your arms. ""Take this gold, human. It is enough to buy passage out of Thaermore where you can retire as a wealthy lord. But heed this warning: once you leave this Citadel you will be just another human to us. Leave Thaermore and never return."" *You cinch the sack of gold closed and hoist it onto your shoulder. It is heavy. Perhaps its weight is more than that of the gold alone, for you realize this sack represents the death of many humans. It represents the lands of Thaermore falling to the Goblin scourge. In time, the weight of this gold may be more than you can bear, but for now your only worry is getting out of Thaermore alive.",pending,exe:resource@0x552770:line
"My dearest sister Penelope, *We have reached the Southern Gates only to find them sealed and with no way to pass into Thaermore. Our caravan leader assured us the gates would be passable, but now we are stuck in Crakamir. Some of the travelers want to return south, others want to stay and find a way north. Either way we are in grave danger if we remain here much longer. *I am writing you this letter in the hope that it reaches you. At daybreak we are going to send someone from the caravan to scout ahead and find a passage to Blackwater. I will give him this letter and instruct him to deliver it to you when he reaches Blackwater. *Sis, I am very fearful. All night we have heard sounds in the darkness. I think our caravan may be encircled, but by what I do not know. We keep the fires burning bright to scare off any creatures, but I think it may be attracting them. *-Mort-","My dearest sister Penelope, *We have reached the Southern Gates only to find them sealed and with no way to pass into Thaermore. Our caravan leader assured us the gates would be passable, but now we are stuck in Crakamir. Some of the travelers want to return south, others want to stay and find a way north. Either way we are in grave danger if we remain here much longer. *I am writing you this letter in the hope that it reaches you. At daybreak we are going to send someone from the caravan to scout ahead and find a passage to Blackwater. I will give him this letter and instruct him to deliver it to you when he reaches Blackwater. *Sis, I am very fearful. All night we have heard sounds in the darkness. I think our caravan may be encircled, but by what I do not know. We keep the fires burning bright to scare off any creatures, but I think it may be attracting them. *-Mort-",pending,exe:resource@0x552770:line
"Michael, priest man of Aridell: *You should have alembic and portal area prepared by now. The next task of portal construction requires Bromine and Ambergris to be placed in the alembic. There are two more elements to be added before portal will be ready. I will send further instructions soon. *-Gramuk","Michael, priest man of Aridell: *You should have alembic and portal area prepared by now. The next task of portal construction requires Bromine and Ambergris to be placed in the alembic. There are two more elements to be added before portal will be ready. I will send further instructions soon. *-Gramuk",pending,exe:resource@0x552770:line
OpenGL,OpenGL,pending,runtime_draw
32-bit (Millions of colors),32-bit (Millions of colors),pending,runtime_draw
Windowed,Windowed,pending,runtime_draw
Version 1.05 STEAM EDITION  //  Copyright 2007-2008 Basilisk Games,Version 1.05 STEAM EDITION  //  Copyright 2007-2008 Basilisk Games,pending,runtime_draw
Upgrade this Skill to level 2 for 1 point,Upgrade this Skill to level 2 for 1 point,pending,runtime_draw
