原文,译文
150 Gold Pieces,
250 Gold Pieces,
2nd Sealed Note,
3rd Sealed Note,
40 Gold Pieces,
500 Gold Pieces,
750 Gold Pieces,
80 Gold Pieces,
A History of Thaermore,
A World of Wonder,
Acid,
Adamantine Bracers,
Adamantine Chest Plate,
Adamantine Dagger,
Adamantine Great Axe,
Adamantine Great Helm,
Adamantine Great Shield,
Adamantine Great Sword,
Adamantine Greaves,
Adamantine Plate Boots,
Adamantine Plate Gauntlets,
Adamantine Studded Jerkin,
Adamantine War Hammer,
Ambergris,
Amulet of Accuracy,
Amulet of Greater Protection,
Amulet of Protection,
Amulet of the Master Merchant,
Amulet Passkey 15,
Ankh,
Antique Sextant,
Apple,
Arrow,
Ash,
Assassin's Arrow,
Bandages,
You clean your wounds and apply bandages.,
Bar of Copper,
Bar of Iron,
Bar of Mithril,
Belladonna,
Benny and the Dragon,
Bent Key,
Birch Quarterstaff,
Birch Short Bow,
Bitter Naga Amulet,
Blessed Rope Belt of the Healer,
Bloodlust Amulet,
Bloodstained Note,
Blue Goblin Key,
Boiled Leather Bracers,
Bone Dagger,
Bones to Splinters,
Bonesplitter's Charm,
Bottle of Ale,
Bottle of Rare Vintage Wine,
Bottle of Vintage Wine,
Bottle of Whiskey,
Bottle of Wine,
Brass Locket,
Brass Ring,
Brassy Key,
Bread,
Brewmaster's Ring,
Bromine,
Bronze Buckler,
Burglar's Leather Gloves,
Burley Acorn,
Buying and Selling,
Ceramic Crucible,
Chainmail Boots,
Chainmail Coif,
Chainmail Hauberk,
Chainmail Jerkin,
Chainmail Leggings,
Charcoal,
Chronometer,
Cloak of the Shadow,
Commoner's Pants,
Compass,
Composite Great Bow,
Composite Longbow,
Conqueror's Full Helm,
Copper Hammer,
Copper Ring,
Cotton Wick,
Cracked Shield,
Crux of Ages,
Crypt Key,
Deadeye Pendant,
Demon Oil I,
Demon Oil II,
Demon Oil III,
Detox Serum,
Diamond Chip,
Diamond Head Arrows,
Diamond Studded Jerkin,
Diamond Studded Leggings,
Diamond-edge Claymore,
Diamond-edge Great Axe,
Diamond-edge Long Sword,
Dire Rabbit's Foot,
Divine Ore,
Divine Ore Great Sword,
Door Key,
Dried Meat,
Easter Egg,
Ectoplasm,
Elements of Magick,
Embrace the Night,
Empty,
Empty Flask,
Evil Amulet,
Executioner,
Fancy Key,
Femur,
Fine Porcelain Cup,
Fine Porcelain Plate,
Flanged Mace,
Flask of Incinerator Fuel,
Flight Arrow,
Gate Key,
Giant Skull,
Gold Goblin Key,
Golden Key,
Grand Helm,
Grand Master Wizard's Hat,
Gravedigger's Amulet,
Green Goblin Key,
Hard Leather Banded Armor,
Hardened Leather Half-Helm,
Harpoon,
Healer's Sandals,
Healing Elixir I,
You feel the elixir course through your veins.,
Healing Elixir II,
Healing Elixir III,
Heavy Armor Field Guide,
Heavy Cloak,
Heavy Key,
Heavy Plated Belt,
Hidden Dangers and Treasures,
Hide Leggings,
Hive Larvae,
Hive Queen Stinger,
Imbuing Your Equipment,
Incriminating Letter,
Inkwell & Quill,
Inscribed Gold Wedding Ring,
A faint message is inscribed on the band: ''Mary - my eternal love''.,
Invisibility I,
Invisibility II,
Invisibility III,
Iron Bracers,
Iron Dagger,
Iron Falcata,
Iron Gauntlets of the Warlord,
Iron Gladius,
Iron Half-Helm,
Iron Hand Axe,
Iron Kama,
Iron Key,
Iron Long Sword,
Iron Mace,
Iron Morning Star,
Iron Plate Armor,
Iron Plated Boots,
Iron Ring Mail Gauntlets,
Iron Short Sword,
Iron Skullcap,
Iron Spear,
Iron Spiked Boots,
Iron Throwing Dart,
Iron Warhammer,
It's a Trap!,
Ivory Amulet,
Jelly Fungus,
Jewel-crusted Morning star,
Journal Entry,
Keyholes and Tumblers,
Lantern,
Large Diamond,
Large Emerald,
Large Ruby,
Large Steel Shield,
Leather Belt,
Leather Boots,
Leather Bracers,
Leather Gloves,
Leather Hauberk,
Leather Jerkin,
Leather Leggings,
Leather of the Prowler,
Leather Sandals,
Leather Skullcap,
Leatherskin I,
Leatherskin II,
Leatherskin III,
Letter to Penelope,
Light Armor Field Guide,
Light Cloak,
Lock Pick,
Loremaster's Ring,
Machete,
Magicka Divine,
Mahogany Quarterstaff,
Mana Cache Amulet,
Mana Potion I,
You feel a surge of power as the potion restores your arcane energies.,
Mana Potion II,
Mana Potion III,
Mandrake Root,
Map of Thaermore,
You are viewing a map. Press any key to continue...,
Mapping Your World,
Master Wizard's Hat,
Mercenary's Note,
Mercury,
Mithril Alloy Chain Boots,
Mithril Battle Axe,
Mithril Chainmail Leggings,
Mithril Dagger,
Mithril Double Battle Axe,
Mithril Long Sword,
Mithril Studded Leggings,
Mithril-woven Cloak,
Mystic's Ring,
Odd Key,
Of Men and Giants,
Oil,
Penetrators,
Portal Instructions,
Potion of Absolute Restoration,
The elixir is bitter and causes you to choke!,
Potion of Cat's Eyes,
Potion of Cure Greater Disease,
Potion of Cure Lesser Disease,
Potion of Fortified Mana,
Potion of Greater Protection,
Potion of Haste I,
Potion of Haste II,
Potion of Haste III,
Potion of Keensight,
Potion of Nimbleness,
Potion of Ogre Strength,
Potion of Predator Sight,
Potion of Stoneskin,
Pouch of Gold,
Priest's Cloak,
Purest Water,
Quality Cloak,
Rabbit's Foot,
Random,
Ranger Lord's Mithril Bracers,
Ranger's Leather Bracers,
Recurved Composite Great Bow,
Recurved Longbow,
Recurved Short Bow,
Red Goblin Key,
Ring of Magi,
Ring of Sparks,
Ring of the Assassin,
Ring of the Fire Master,
Ring of the Harbinger,
Ring of the Hawk,
Ring of the Shadow,
Ring of the Wise,
Ring of Vigor,
Ringmail Leggings,
Rope Belt,
Rusted Iron Plate Armor,
Rusted Key,
Sacrificial Dagger,
Salt,
Salted Fish,
Sam's Guide to Demon Oil,
Scholar's Ring,
Scout's Sandals,
Scroll of Air Shield,
Scroll of Bless,
Scroll of Cat's Eyes,
Scroll of Chameleon,
Scroll of Charm,
Scroll of Compress Atmosphere,
Scroll of Cure Disease,
Scroll of Dancing Lights,
Scroll of Deep Freeze,
Scroll of Dehex,
Scroll of Detox,
Scroll of Divine Heal,
Scroll of Element Armor,
Scroll of Enchanted Weapon,
Scroll of Enkindled Weapon,
Scroll of Entangle,
Scroll of Fire Dart,
Scroll of Fireball,
Scroll of Fleshboil,
Scroll of Gravedigger's Flame,
Scroll of Haste,
Scroll of Invisibility,
Scroll of Leatherskin,
Scroll of Lock Melt,
Scroll of Lore,
Scroll of Mass Boil,
Scroll of Nimbleness,
Scroll of Ogre Strength,
Scroll of Poison Spray,
Scroll of Portal,
Scroll of Predator Sight,
Scroll of Reveal Map,
Scroll of Smite,
Scroll of Sonic Blast,
Scroll of Stoneskin,
Scroll of Sunder Flesh,
Scroll of Supernova,
Scroll of Trapkill,
Scroll of Turn Undead,
Sealed Note,
Sealed Urn,
Secrets of Transference Circuits,
Security Key,
Serpent Venom,
Silver Key,
Silverware,
Skinning Knife,
Skull,
Skullsplitter,
Small Emerald,
Small Ruby,
Small Steel Shield,
Spices,
Spider Silk,
Spiked Mace,
Splint Mail Leggings,
Steel Arrow,
Steel Battle Axe,
Steel Bracers,
Steel Chainmail Coif,
Steel Claymore,
Steel Dagger,
Steel Double Battle Axe,
Steel Falcata,
Steel Full Helm,
Steel Gladius,
Steel Kama,
Steel Long Sword,
Steel Plate Armor,
Steel Plate Gauntlets,
Steel Plate Greaves,
Steel Plated Boots,
Steel Ring Mail Jerkin,
Steel Scaled Armor,
Steel Short Sword,
Steel Spear,
Steel Throwing Dart,
Steel War Maul,
Steel Warhammer,
Stiletto,
Stone,
Stone Hand Axe,
Storage Key,
Strange Amulet,
Strongman's Belt,
Studded Leather Belt,
Studded Leather Boots,
Studded Leather Hauberk,
Studded Leather Jerkin,
Studded Leather Leggings,
Sulfur,
Survivalist's Cloak,
Swordsman's Gauntlets,
Tarnished Key,
Tattered Breeches,
The Alchemist's Cookbook I,
The Alchemist's Cookbook II,
The Alchemist's Cookbook III,
The Art of Brewing,
The Crimson Sky,
The Goblins of Thaermore,
The Greatest Ranger,
The Holy Tasslar,
The Jewel of Thaermore,
The Legendary Swordsman,
The Lumberjack,
The Orakur Are Watching,
Thieves Softened Leather Boots,
Thin Key,
Thinking Cap,
Tin Ring,
Torch,
Torn Page,
Tower Shield,
Trapper's Gloves,
Traveler's Shirt,
Tuber,
Warlord's Plated Belt,
Weapon Fragments,
Widget,
This strange object doesn't seem to belong to this world,
Willow Sap,
Wizard's Hat,
Wolves' Tooth Amulet,
Wooden Buckler,
Wooden Cudgel,
Yew Longbow,
Yew Short Bow,
Zen Amulet,
"A historical account of the enslavement of Giants in Thaermore, by Mars Birchun. *The giants of Tharemore, now predominately residing in the Timberland Plains area, are not native to the region of Thaermore. It was the enslavement of these beings for work in the mines that brought them here. *First, a note concerning Giants: they are not the feeble-minded creatures of popular conception. They are, in fact, highly socialized beings equal to that of men or elves, though perhaps their primitive speech patterns and rituals make them appear less civilized. It was this prejudice that led to the giants' enslavement and eventual revolt of the race of giants. *During the late second century, great multitudes of giants were brought from the lands beyond Barrea and forced to work the mines, smashing rock and carrying ore. Their captors thought of them as nothing more than animals and worked them often to their death. However, as their numbers increased, the giants began to secretly organize a rebellion. By the time their captors knew of this plot, the giants had grown too numerous and unified to be suppressed. The revolt of 477 was a bloody uprising that ended with the freedom of the enslaved giants. Hundreds of humans were killed in the rebellion. *Although many to this day harbor ill feelings towards the giants, others now acknowledge the giant's right to freedom and no longer hold them responsible for the bloodshed incurred during the revolt. The giants themselves remain suspicious of humans and choose to stay in the lands they claimed after the revolt, though their numbers have steadily dwindled as many have left to return to their native homelands.",
"$, *You don't know who I am, but I know who you are. I'm sure you are very confused right now, but you must gather yourself quickly. I've hidden a few basic supplies for you- they are out back near the well. Hopefully you'll remember the secret spot. You need to find a man named Maddock in the village of Aridell, which is just a short walk northeast of here. He'll know who you are and he has been instructed to give you a small package upon your arrival. Be very careful- this land has been befouled and is not safe. If you wish to live, I suggest you stay on the main roads and paths- do not wander! *:E: *The name ""Maddock"" means nothing to you, nor does the initial ""E"". With nothing else to go on, perhaps finding this person named Maddock will be your best chance to make sense of this confusion. |quest 1 1|",
"A guide to making simple elixirs and potions, by Senior Alchemist Uru Darkfrost. *This lesson book will give you recipes for the four most basic mixtures. All of these potions can be mixed by even the most novice alchemists, except for Keensight which requires just a bit more skill to get the right balance. *For Healing Elixirs and Mana Potions, you'll notice that the more skilled you are in Alchemy, the more potent your mixtures become."" *-------------- *Healing Elixir : Willow Sap and Sulfur *Mana Potion : Mandrake Root and Acid *Cat's Eyes Serum : Willow Sap and Bromine *Keensight : Ambergris and Acid",
"A guide to making complex elixirs and potions, by Senior Alchemist Uru Darkfrost. *This lesson book will cover more advanced elixirs and potions. Most of these mixtures require an Alchemy skill of at least 5 or more. For Healing Elixirs and Mana Potions, review the guide for simple potions and elixirs. *-------------- *Haste : Mandrake Root and Mercury *Ogre Strength : Jelly Fungus and Bromine *Potion of Nimbleness : Jelly Fungus and Mercury *Cure Disease : Belladonna and Charcoal *Detox Serum : Belladonna and Serpent Venom",
"A guide to making defensive potions, by Senior Alchemist Uru Darkfrost. *This lesson book will cover defensive potions to keep you safe during battle or exploration. Most of these mixtures require an Alchemy skill of at least 5 or more. *-------------- *Leatherskin : Willow Sap and Serpent Venom *Mana Fortify : Mandrake Root and Bromine *Stone Skin : Jelly Fungus and Serpent Venom *Potion of Greater Protection : Ectoplasm and Sulfur *Invisibility : Ectoplasm and Charcoal",
"""Welcome to the Underground Repository. Validation required for entry. House rules strictly enforced. Trespassers will become permanent guests of the Repository.""",
"(This appears to be a page torn from an old Tome of Alchemy.) *""...would not be recommended under any circumstances. However, one would find that equal parts Willow Sap as a reagent, and Sulfur as a reactant, produces the most effective form of healing elixir. With many years of practice, the talented Alchemist can craft elixirs with properties exceeding that of even..."" *The rest of the text is lost below the tear in the page.",
"This parchment appears to be part of a journal entry... *""After scouting several different areas, I think the pit area is the best place to store my valuables until order is restored in this region. The Salamanders won't disturb the chests and everyone knows best to stay away from this area. Yes! I think the Salamanders will make perfect guards! The invisibility potion will keep me hidden from the beasts until I am finished stashing me belongings...it is common knowledge that Salamanders hunt using sight, not smell. Or is it the other way around? No matter, it will only take me a few moments to place the chests."" *There looks to be a crude map of the pit area scrawled under this entry.",
"You open the book to a page that has been marked: *If everything has been prepared correctly- the Ethereal Salts, the Divining Crystals, and of course the required symbolic Pentagram- you should now be able to activate the circuit via the aforementioned Gateway Incantation. The incantation binds the gates and completes the circuit. If this is your first attempt at creating a Transference Circuit, it is best to make a short distance version in a controlled environment and test it thoroughly to ensure that you missed no instructions. Only after you've perfected the process should you attempt to create one outside your lab. *It is important to remember that a Transference Circuit will remain active, essentially forever, until it has been properly destroyed. The destruction process is complicated and is not covered here. For more information on that, consult Sirus Ortimer's book ""Deconstructing Portals and Gateways"".",
"$, *If you are reading this then you have made it safely to Aridell and found Maddock. I could not risk leaving this document with you due to the sensitivity of the information I am about to disclose. I was unsure how long you'd be unconscious and I couldn't risk having this document end up in the wrong hands. Maddock is a simple man who has lived in this village most of his life and I knew he'd be a trustworthy caretaker of this parcel I left for you. Use the gold to buy supplies for yourself- whatever you need to secure your safety and well being. I wish I could have left you more, but it was all I had. *I'm sure you are wondering who I am. My identity will be revealed in time, but for now you should simply trust me. Whether you decide to or not is your choice. *Now, about yourself: you are part of something very big- an event that has affected this entire region. For your safety you were placed into hiding and your memory was erased with a special serum. The name you think you remember, $, was imprinted in your mind. I will not reveal your true name here because of the danger it would bring you, so you should continue to live by the name $. It would be wise for you to not draw attention to yourself by asking too many questions about your past. *Your true identity can be revealed to you but only if you are willing to accept the risk that accompanies it. You must decide for yourself whether to seek the truth or simply become ""$"" and settle into this new life. If you choose the path of truth it will be a hard and dangerous journey. *And so, if the truth is what you seek, you need to start by retrieving an amulet that belongs to you. Before your memory was taken, you requested that I secure a special amulet for you. I did so by slipping it into the coffin of a recently deceased aristocrat named ""Adler Keldam"". He is interred in a vault at Eversleep Cemetery in the North Parish region. I knew his casket would be a secure place to hide your amulet; the problem now is retrieving it. The door to the crypt is locked tight. Smashing the door down or picking the lock might be an option, but it may be easiest to just get the key. The cemetery director, Leurik, lives a bit north of Aridell and he has the key. I am confident that you could figure out a way to get it from him. *Once you retrieve your amulet from the crypt, take it to a woman named Lilith who lives in Tangletree Forest. Look for her house in the ""heart of the woods"". She will tell you what she knows of this amulet and set you on the right path. *Finally, you must use this time to rebuild your strength, stamina and knowledge. You were once very proficient in many skills, which the serum has caused you to forget. Only through experience and practice will you be able to reacquire these Skills you have lost. It is the only way you'll be safe. *:E: |quest 2 1|",
"This book talks in depth about the elements of swordsmanship: weapon terminology, proper body postures, offensive and defensive maneuvers, and detailed analysis of legendary sword fights. By the end of the book you know a great deal more about swordsmanship than you did before.",
"This book talks in depth about the design of locks throughout history: analysis of security features, lock craftsmanship, historical lock designs and lock picking theory. By the end of the book you feel you have a great understanding about the mechanical functionality of locks.",
"This book is a historical account of how war mauls and hammers have been used in battles since the beginning of time. You learn much about the various designs of bludgeoning weapons, how the most successful warriors wielded them, and even how to splinter every single rib in a man's chest with a hammer strike to the sternum. By the end of the book you are much more learned in the use of hammers than you were before.",
"This book is a historical account of a Ranger named Tyrus of Blackbarrow. By reading it you learn of his legendary skills with a bow, his techniques for greater accuracy, his opinions on bow designs and arrow variations. In addition to being amused by accounts of Tyrus splitting boulders in two with a single arrow, you gain tremendous insight to the field of archery.",
"This book is a rogue's guide to using shadow and darkness to conceal your presence. It describes techniques for finding the darkest corners in rooms, using soot to blacken shiny armor and weapons, and anticipating the changing path of shadows cast by moving light sources. By the end of the book you feel as though you have a better understanding of shadow hiding techniques.",
"This book is a primer to the Elemental realm of arcane magick. It starts by describing the fundamental aspects of the four cosmic elements and how magick employs them. You learn the basics of casting, tips on how to suppress aborted spells, and proper somatic postures for more advanced casting. Although this book was clearly written for novices, you feel you've learned quite a bit about Elemental Magick.",
"This book is a primer for the realm of Divination magick. It outlines the many gods that are believed to be the source of this magick and how the caster becomes a channel for their divine powers. Likewise you learn various casting techniques for stronger spells, the pros and cons of using dark divination, and the basics of ""natural casting"" for atheists who study the field of Divination. By the end of the book you feel as if you've learned quite a bit about the realm of Divination magick.",
"This book talks in depth about the skill of Cartography. By reading it you learn of various techniques for measuring distance and determining world location, direction-sensing underground, avoiding common mapping mistakes and even the complex art of map folding. By the end of the book you feel as if you've learned quite a bit about this subject.",
"This book is a rogue's field guide to the art of spotting hidden objects in your surroundings. It discusses what features to look for, popular hiding locations for traps and treasure, and techniques for investigating loose stones or suspicious flooring. By the end of the book you clearly have an improved ability to spot hidden features in your surrounding.",
"This book is a textbook for understanding commerce. In it you learn concepts of bartering and exchange, how to accurately appraise goods, and how to best haggle with a stubborn merchant. By the end of the book your understanding of the business of trade has improved vastly.",
"This book is a guide to the use of light armors. By reading it you learn of light armor variations, proper care for armor, and techniques for maximizing your armor's protective ability. By the end of the guide you feel as though your understanding of light armor has greatly improved.",
"This book is a guide to the use of heavy armors. By reading it you learn of heavy armor variations, proper care for armor, and techniques for minimizing the fatigue incurred while using heavy armor. By the end of the guide you feel as though your understanding of heavy armor has greatly improved.",
"This book covers the history of traps as used for both trickery and warfare. As you page through the chapters you learn of the many designs of traps, their construction and functionality, and of course the best way to disarm a loaded trap. By the end of the book your understanding of skullduggery has increased tremendously.",
"This book covers the basics of Alchemy. Within the pages you find descriptions of reagents and reactants, mixing techniques for beginners, how to tell when a potion has turned sour, and how to improve the potency of certain concoctions. By the end of the book you feel as though your knowledge of alchemy has improved.",
"$, *Well done! If you are reading this then you have completed a difficult series of tasks designed to ensure your safety. Although enough time has passed for you to have firmly solidified your new identity, the danger surrounding your previous identity is not completely eliminated. Still, it should be a bit safer now to fill you in on some of the mystery surrounding your past. *First, you undoubtedly see the large gemstone in the box along with this note. Yes, this is the legendary ""Crux of Ages"" that I'm sure you have heard about. Take it with you and keep it close. It will protect you, but if you show it to anyone it will certainly lead to your death. *Now for how this came into your possession: you found it while scavenging a goblin battlefield looking for valuables. I cannot describe the details of the actual discovery to you now because if it were to trigger memories of the event, your life would be in certain danger. Let me explain: *A powerful Goblin Shaman named Gramuk is using a technique called ""Temporal Linking"" to locate the person who recovered the Crux. You see, every action you do is etched in your mind as a memory, forever linked to a lifetime of previously accumulated memories. Thus, the event of you finding the Crux was linked to all the memories associated with your prior identity. Scryers who perform Temporal Linking can use these linked memories to identify and locate people by focusing in on specific events. Erasing your identity and all associated memories means Gramuk is unable to connect the event of recovering the gemstone back to you. Even after taking possession of the Crux now, the lack of chronological memories linking you to the gem means it will be many weeks before Gramuk will be able to scry enough information to locate you. *So have you figured out who I am yet? Certainly you must have speculated by now that I am you. Yes, you set this all up to protect yourself- you wrote these notes and devised this scheme to destroy your memory and build a new identity. *Now this is where things get complicated and I will do my best to help you understand what is happening. First, you were not alone when you found the Crux: your brother was with you and shared in the recovery and concealment of the gemstone. He had planned to erase his memory along with you, but he was located and captured by the Goblins before he was able to complete the task. The only chance you had of helping him was to follow through with the plan and erase your own memory first. Now that you've accomplished this, you must locate and help your brother. The Goblins will keep him alive as long as they believe they can extract information from him, but the torture he must be enduring is unthinkable. Days ago, just before you erased your memory, you heard from a Ranger passing through Tanglewood that he may have been taken to the abandoned city Vela, which is now a goblin outpost. *There are many more questions surrounding this war, such as the Chancellor believing that the Orakur have stolen the gem even though evidence strongly points to the Goblins. This evidence, along with the Chancellor's incongruous war plan to abandon security across Thaermore, substantiates the theory that Gramuk is somehow influencing the Chancellor. While you may believe none of this information concerns you, it does, because eventually the Crux will be tracked back to you; eventually your brother will be killed when he is of no more use to the Goblins; and eventually all of Thaermore will fall to the spreading Goblin insurgence. Like it or not, you have become a significant factor in this war. *If you fled now, I wouldn't blame you. You could toss the gem into a river, leave your brother whom you have no memories of to his fate and start a new life somewhere else. However, I know you are stronger person than that. Please, locate and help your brother. He is the only family you have. |quest 21 1|",
"Hagbert, *Don't forget: Once you make it to the Lonely Spirits Tavern in Blackwater, you must register under the name ""Foozgrumph"" for the innkeeper to give you the proper room. Once inside the room, you'll discover that the northwest wall is false. That is how you get there. Don't fail me again Hagbert or I'll cut out your liver."" |quest 17 1|",
"Gramuk leads you to a large vault just off the main vestibule in his tower room. In the vault you see huge chests filled with gold, gemstones, and priceless bars of Divine Ore. He picks up a canvas sack and begins scooping armfuls of neatly stacked coins from a table into it until the top can barely close. *""With the Crux back in our possession we now have the power to reclaim our ancient homelands. You've aided the race of Goblins, and now I make good on my offer."" Gramuk lifts the hefty sack of gold and places it in your arms. ""Take this gold, human. It is enough to buy passage out of Thaermore where you can retire as a wealthy lord. But heed this warning: once you leave this Citadel you will be just another human to us. Leave Thaermore and never return."" *You cinch the sack of gold closed and hoist it onto your shoulder. It is heavy. Perhaps its weight is more than that of the gold alone, for you realize this sack represents the death of many humans. It represents the lands of Thaermore falling to the Goblin scourge. In time, the weight of this gold may be more than you can bear, but for now your only worry is getting out of Thaermore alive. |add_gold 83510 ; screen_fade_out ; map_port 52 ; move_player 7018 ; screen_fade_in ; areacheck|",
"Gramuk escorts you through a secret tunnel underneath the Goblin Citadel. He says nothing as he leads you to a small door that he opens and promptly pushes you out of. With the sound of the door closing behind you, you realize it is all over. You stand there against the Citadel wall taking in the events that had just transpired while the desert winds howl and bite your face with sand. Everything happened so quickly that it may be days before the weight of your actions set in. Suddenly, the sound of Goblin war drums carried on the wind bring you back to the matter at hand: leaving this area as quickly as possible. *Under the blanket of the encroaching night, you make your way north to the Nimmia River where you are able to buy passage aboard a supply ship heading northwest into Eschalon. |screen_fade_out|",
"This book is about a dwarf named Biggins, purportedly the greatest lumberjack who ever lived. He wielded a 45 pound mithril axe and could fell a tree in a single stroke. Within the pages you read of his amazing skills and his tips for keeping an axe razor sharp. A chapter also describes his time serving in the Dwarven Legion of Defenders, where he single-handedly slew 100 mercenary raiders with his axe. By the end of the book you have greatly increased your knowledge of cleaving weapons.",
"Imbuing your weapons or armor to increases effectiveness is an art going back a thousand years. You will notice that Ectoplasm is the primary reagent needed in all three enhancements: *To increase the damage of a weapon, use Ectoplasm and Serpent Venom. *To increase the armor penetrating ability of a weapon, use Ectoplasm and Mercury. *To increase the protection of armor, use Ectoplasm and Spider Silk. *The important thing to remember is to put these ingredients directly on the object to be imbued; do not mix these in a flask! You must also be skilled in Alchemy to at least level 5 before trying to imnbue any weapons or armor. Master Alchemists of skill 15 or higher achieve the greatest imbuement effects.",
"This hefty tome recounts the early years of Thaermore's history in exhausting detail. Thankfully, the first chapter is an abridged timeline of events covered within the book. *CHAPTER 1 : An abridgment of historical events concerning Thaermore, eastern province of Eschalon. *--- *Year 390 - Dwarven explorer Koru Keyhammer reaches the Eastern lands known as Thaermore and reports of vast natural resources and deposits of gold, ore and gemstones. *Year 405 - The first permanent settlement called ""Loneloft"" is established in the mountains of western Thaermore; its founders are primarily miners and surveyors. *Year 409 - Loneloft settlers report they have encountered a peaceful race of subterranean peoples known as the Orakur. They are described as Dwarvish in build but more adapted for permanent life underground, with large eyes and little hair. *Year 419 - Skirmishes arise over control of the mines as the Orakur claim the settlers are stealing minerals from what they refer to as the ""Great Underground"". By Year 423 these small skirmishes had escalated into war, later to be called The Plague Wars. Dwarven settlers sign an accord absolving themselves from warring with Orakur because of a perceived kinship. Because of this accord, the Dwarven people abandon their claims and leave Thaermore; Thaermore forever becomes predominately occupied by the race of Men. *Year 425 - While mining for copper a settler named Sam of Thorabur discovers a massive gemstone that would become known as ""The Crux of Ages"". Because of the ongoing conflict with the Orukur the rough stone is hidden away in Bastion Spire, a stronghold which would later become the capitol of Thaermore. *Year 433 - The first governing body of Thaermore is formed. It was decreed that a lifetime Chancellor would be elected to represent the will of people. He is given the highest authority and has a council of twelve advisors, known as The Grand Scholars, serve with him. *435 - Chancellor Marr is elected as the first governor of Thaermore. Under his leadership, Thaermore establishes the Commonwealth Guard, which becomes the turning point in the war with the Orakur. *444 - The Orakur are suppressed and driven deep underground. Chancellor Marr declares victory in the war. The Orakur disappear completely and many assume the whole populous must have succumbed to disease or starvation. Dwarven Lords from outside Thaermore condemn Chancellor Marr for his unethical warfare tactics; relations between the race of Dwarves and Men are fractured. *471 - Chancellor Marr dies after 36 years of distinguished service. Chancellor Marr II, later known as ""The Great One"", superseded his father as Chancellor. This officially begins the golden age of expansion and prosperity for Thaermore. *509 - Chancellor Torrus I supersedes Chancellor Marr II. *537 - Chancellor Katerra I supersedes Chancellor Torrus I. *[There is an entry here that has been blackened out by ink] *590 - Goblin skirmishes arise in Crakamir. The Chancellor, unwilling to squander resources defending a wasteland, concedes Crakamir to the Goblins. Elsewhere in Thaermore, the Commonwealth Guard is successful in eliminating the Goblin threat. *627 - A devastating earthquake shakes the eastern province, tearing great rifts into the land. The Orakur, long believed to have been decimated, reappear from the great fissures. Surveyors who spot them claimed they appeared skittish and non-hostile. Elusive and rarely seen above ground, the reappearance of the Orakur is not considered a threat and they are all but forgotten. *The timeline ends here, although it looks like the following page may have been ripped from the book.",
"My dearest sister Penelope, *We have reached the Southern Gates only to find them sealed and with no way to pass into Thaermore. Our caravan leader assured us the gates would be passable, but now we are stuck in Crakamir. Some of the travelers want to return south, others want to stay and find a way north. Either way we are in grave danger if we remain here much longer. *I am writing you this letter in the hope that it reaches you. At daybreak we are going to send someone from the caravan to scout ahead and find a passage to Blackwater. I will give him this letter and instruct him to deliver it to you when he reaches Blackwater. *Sis, I am very fearful. All night we have heard sounds in the darkness. I think our caravan may be encircled, but by what I do not know. We keep the fires burning bright to scare off any creatures, but I think it may be attracting them. *-Mort- |condition (This letter may be of value to this Penelope woman. Do you want to attempt to deliver it to her? Clicking &yes will add it to your quest journal.) (Yes) (No) ; quest 61 1|",
"Kalus, *Payment will be delivered upon news that William has been eliminated. You are free to do with Blackwater what you want afterwards. *-CM",
"""Goblin Clans of Thaermore"" *Goblins have always been a nuisance to the people of the eastern provinces. Like weeds and mosquitoes, it was a common acceptance that goblins were just here to annoy us, mucking around and causing trouble. Luckily the common goblin is just that- a nuisance that is easily scared away when confronted. Early settlers learned that just keeping a dog nearby or a lantern lit was usually enough to keep the Goblins from stealing chickens at night. *This changed in the late 5th century when Goblins began to organize themselves into clans. Suddenly there appeared Goblin war units capable of causing great harm to others. They stopped being a nuisance and became a danger. During the skirmishes of 590, the Commonwealth Guard experienced noted difficulty in suppressing Goblin raids in the southlands. After securing most of Thaermore, a large wall called the Southern Gate was built to keep the Goblins contained in Crakamir. Human settlers were evacuated from the desert lands. The Chancellor proclaimed it a victory for humans; the Goblins clans claimed it a victory for themselves. *Much was learned of the Goblin war clans at that time. The basic warrior, called the Goblin Hacker, uses a short sword or machete in a savage but effective attack. Goblin Archers have been witnessed to have impressive accuracy with short bows. And the Goblin Bombthug, a unit strapped with a keg of Bangdust, is fully prepared to sacrifice himself in the defense of the unit or a higher officer. Although most Goblins are not known to possess magickal abilities, there are reports of Goblin Shaman among the clan population. *The Goblin unit is loosely assembled and generally led by a Warlord. Warlords answer to a higher officer, usually the clan leader. ""Clan leader"" is a position held by the strongest goblin; at any time the leader may be challenged and overthrown by a more powerful Goblin.",
"""The Orakur are watching!"" *A collection of scary stories for children. *This appears to be a children's book about Orakur. It is arranged in short chapters that tell tales of Orakur coming up from wells and caves to snatch naughty children away in their sleep. It is accompanied by woodcut images of Orakur, of which no two images appear to match. Some appear small and sneaking, others appear large and menacing. *Although you find the stories amusing, the book contains no relevant information regarding the legitimacy of the Orakur- whether they are real or just a product of fables.",
"Jak notched an arrow and pulled the string back until he felt that familiar feeling of feathers against his cheek. At that moment he realized he is only at peace when his arm is burning to keep a bow drawn; when he is looking down the shaft of what will be certain death for the next person to enter his sight. *This bow was heavier than what he was used to, with at least 30 pounds more draw. That didn't matter. He felt so focused and alert that he probably could have held twice that additional weight and still have enough accuracy to put the arrow through someone's eye at 100 yards. All the anger and vengeance he had been carrying with him for years was now forgotten. This was the moment he had waited half a lifetime for and he was going to savor every second of it. *In the darkness, far off over the grassy hill that marked the extent of the outpost's defendable area, a soft orange glow appeared on the horizon. Pinpoints of flickering torchlight slowly rose over the crest of the knoll, signifying the approach of an army that was coming to wage war upon the outpost. The front line stretched more than a half-mile wide and through the ground Jak could feel the footsteps of an entire legion of soldiers approaching. 'All this just for me?' he thought to himself as his pressed lips formed into a smile, the first in many years. 'You did not bring nearly enough men with you, dear father.'",
"Benny knew he shouldn't keep it. If his mother or father found it, they would dash it upon the ground without a second thought and probably give him a lashing that he wouldn't forget for months. *Still, it was beautiful. Dense and leathery, the egg was pleasing to cradle in Benny's arms. It seemed to produce its own warmth, and occasionally Benny felt something inside move. The colors on the egg changed as well, from a spotted purple appearance in the sunlight to a deep green when indoors. And in the darkest of conditions, Benny swore he could see the egg glow faintly from within. Two nights in a row he slept with it under his blankets and it gave him much happiness. He held it close and talked to it, reassuring the egg that he would not let any harm come to it. *By the end of the week Benny noticed a change in the egg. Its shell grew thinner and more flexible, and whatever was inside seemed to grow more restless. Fearful still to tell his parents but having no intention of getting rid of it, he instead kept the egg under his bed in a wooden box filled with straw while he tended the field with his father during the day. This seemed to be a good solution at first, but on the second day Benny returned home to discover something startling had occurred while he was away...",
"Michael, priest man of Aridell: *You do well and Goblin Lords be pleased. Portal looks to be nearly complete. For final step you must place Ectoplasm and Mercury in the alembic, which should contain the other two components already. This will activate the portal circuit. *I await your success. *-Gramuk",
"Eschalon, A World of Wonder *Although many dispute the origins of our great world, none can argue its splendor and diversity. Eschalon is divided into 5 great Provinces, with each Province consisting of multiple regions: *The Province of Thaermore, in the east, consists of temperate climates, rolling hills and dense woodlands. A notable area of Thaermore is North Crakamir, home of Eschalon's largest population of Goblins. *To the north and west is the Province of Mistfell. While known mostly for its beautiful coastal regions, it also features deserts in the south. Mistfell is the most populated Province in all of Eschalon and has more cities than any other Province. *The far Western shores of Eschalon belong to Province of Barrea, a harsh wasteland known as The Desolation. This largely uncharted area is known to be home to mercenary clans and giants. The most remote areas of the wasteland are said to be home to colossal beasts. *The far northern region of Eschalon is called the Northland Expanse, an arctic Province of snowy tundra, frozen mountains, and glacial valleys. *The southern Province of Eschalon is called the Rift Zone, a volcanic area of great fissures and rivers of magma. In areas where the volcanoes are dormant and the brimstone has cooled, lush jungles have spread.",
"The Jewel of Thaermore *The blessed Jewel of Thaermore, to be forever known as the Crux of Ages, was most certainly a gift from the gods. It was found in 425 by Lord Sam of Thorabur while splitting a massive granite bolder in Whispering Cave. Even in its rough form, the stone was a marvelous object, but after polishing the gem was like no other before it. Legend has it that the original gem cutter to work on the stone wept when he gazed at the beauty of the first facet cut. He claimed he saw divinity within the stone. Such a shock was this to the poor man's heart, he died that very night. *The Crux is as old as Eschalon itself, formed under the same circumstances that forge the known world. All of Eschalon's history is trapped inside, and it is believed that those who are in its presence are protected. For that reason, the gem is forever housed in the top of Bastion Spire, near the Chancellor and his council. It protects them from great evil and gives them the wisdom to rule Thaermore with justly.",
"""Three-fingered Sam's Guide to making Demon Oil"" *So you want to know how to mix yourself up a batch of Demon Oil? It's easy and fun for the whole family! First, it's important to be well learned in Alchemy because individuals with sloppy mixing techniques often do not achieve the results they are looking for. I recommend nothing less than five levels of Alchemy study to create even the most basic Demon Oil, ten for a more potent version, and fifteen for the strongest version. *Now for the ingredients: you need nothing more than a lump of Ambergris as the reagent and Sulfur as the reactant. Mix carefully in an empty flask and presto! If all went well you should have a perfect Demon Oil. If things don't go well, seek medical attention immediately.",
"Michael, priest man of Aridell: *You should have alembic and portal area prepared by now. The next task of portal construction requires Bromine and Ambergris to be placed in the alembic. There are two more elements to be added before portal will be ready. I will send further instructions soon. *-Gramuk�O",
"""Can you tell me about this 'Grimmhold' place?"")",
"""Grimmhold is an old fortress which lies just a short walk west of here. It once served as a gateway between this area and western Thaermore, cutting a swath through the thickest part of Tangletree Forest. It also bridges the Eastern Gap, a huge rift cut into the ground that lies in the center of the forest."" 

""After the conflict began, the Commonwealth Guards who held Grimmhold were called to service by the Chancellor. Soon after their departure, Goblins overran and took control of the fortress. It fell, just like Elderhollow southwest of here.""",
"""Yes! Vile creatures, those Goblins are. In the past they've posed little threat to us humans, but with our resources spread thin and our attention focused on the conflict with the Orakur, they've taken advantage of the situation and now run amok. In my opinion their taking of Grimmhold is just the start. If the Chancellor doesn't change his war plan they are going to become a bigger threat than the Orakur!""

Abygale pauses and takes a deep breath, aware that she has upset herself. ""Grimmhold is now unsafe and probably not even passable. If you absolutely must travel west, you should take the northern pass. Unfortunately, this is a much longer journey and probably just as dangerous- but I guess it's safer than trying to go around Tangletree Forest to the south. The southern route is plagued with bandits.""",
"""What are these Orakur?""'",
"""No one knows really.They are called underfolk; beings that live in perpetual darkness underground and have inhabited this region far longer than us humans have. Practically everything I have ever heard about them come from legends and wives' tales. Before this war most people thought of the Orakur as nothing more than spooky creatures that were told to children in bedtime stories. Whatever they are, they must be fierce warriors- the Chancellor has called every Guard from eastern Thaermore into service, leaving us out here to defend ourselves.""",
"""You mentioned a place called Grimmhold. What is that?""",
"""Thank you for taking time to chat with me."" [BACK]",
"""I must be leaving."" [END]",
"""What can I help you with?"" asks Eleanor.",
"""Do you have time to answer some questions for me?""D",
"""Certainly!"" Eleanor says enthusiastically. ""What is your question?""",
"""I'm looking for a man named Maddock.""�",
"""Oh yes. Maddock is an elderly gentleman who lives just down the street southeast of here. He lives in a small house on the other side of the Bethel of the Green Moon. He's a bit of a codgery old man, not too fond of visitors.""",
"""I woke up in an abandoned house southwest of here and I don't know where I am!""�",
"""Southwest, you say? It sounds like you just came from Elderhollow, a nearby village that was ruined a few years ago."" Eleanor sighs as if she is reflecting on the event. ""Well, now you are in Aridell. We're a small coastal village located in a region known as South Parish, in eastern Thaermore. West of here is Grimmhold, the old fortress that used to take travelers into Tangletree Forest. North of here is North Parish, and south is an area called the Salted Coast along the Southern Sea.

""Porter, the owner of the Owl's Roost Tavern, sells miscellaneous supplies. He may have a regional map of the area if you think that would help you.""",
"""I've seen many strange beasts roaming around outside the village and ruined buildings. What has happened to this land?""�",
"Eleanor seems almost surprised by your question. ""You must be from far outside Thaermore if you are unaware of the events in this region!"" She takes a sip of tea and sets down her chipped cup before continuing: ""Well, this land is embroiled in a war that we are currently fighting with the Orakur. What you see out there, the beasts that roam the land and the ruins, are all remnants of this war.""",
"""I need supplies. Can you tell me a bit about your town?""�",
"""Of course! This is my office where I conduct the village's business. Next door is the Bethel of the Green Moon, run by Father Micahel, who offers healing services. Up the street to the northeast you'll find the Owl's Roost Tavern, the Magick Emporium and the Wayward Blacksmithe shop.""

""Aridell is a very small village and we get very few visitors out this way due to the war. You are welcome to stay as long as you'd like. The local merchants are always happy to see a new face in town.""",
"""I'm glad to know where I am at, but it doesn't explain how I got here!""*",
"""Hmm, your situation is very odd indeed"" Eleanor says with a puzzled look upon her face. She steps back and quickly examines you. ""Well, I know everyone here in Aridell and the surrounding region and I've never met you before. There have been several shipwrecks along the Salted Coast to the south in recent weeks- perhaps you were a passenger or a hand on one of these ships and have suffered amnesia. Or, maybe you were bitten by one of the vile creatures which roam this area. Many of these beasts produce toxins that have unknown effects on humans, possibly even memory loss.

Why don't you stay in Aridell for a couple days and see if your memory returns. You can visit Father Michael next door in the Bethel of the Green Moon if you need further healing and you can get a room at the Owls Roost  Tavern.",
"""What is this war regarding?""I",
"""It is regarding honor and justice. It is about reclaiming something that was taken from the people of Thaermore. Three years ago, without reason or provocation, the Orakur chose to undermine centuries of peaceful co-existence with us by stealing the Crux of Ages straight out from under our noses! The Crux- the very spirit of Thaemore- taken as a vagabond would take an apple! Of course, there was a huge public outcry over this event and the Chancellor issued a proclamation stating their actions constituted an act of war. We have been fighting this conflict with them ever since.""",
"""What is this 'Crux of Ages?""",
"""The Crux of Ages is Thaermore's most prized artifact; a jewel of absolute perfection and a symbol of Thaermore's majesty. When humans first settled this region long ago The Crux was discovered by miners within a single block of granite. After it was removed from the stone, it became an object of inspiration and power for all of Thaermore. For three hundred years it has rested in a vault in Spire, our capital city, only to be brought out once per year during the summer festivals so that all Thaerish citizens could view it.""",
"You see an older, distinguished woman standing in a room nicely decorated with tapestries and fine rugs. She appears weary, as if she carries with her much stress and is in need of rest.

""Greetings, traveler! I am Eleanor Mistlepine, Council Head here in the village of Aridell. We get very few visitors out this way, so please- if there is anything I can do for you during your stay, please do not hesitate to ask.""

You nod to her as you introduce yourself as $.",
"""Can you answer another question for me?"" [BACK]",
"""I need to get going. Thank you."" [END]<",
"""Of course. Please stop by again if you need anything else.""",
"""What is the basis for this war?""",
"""How can I reach Tangletree Forest from here?""�",
"""Tangletree Forest is west of here"", Eleanor says, placing her hand on her chin. ""I no longer know the best way to reach it because I've heard that Grimmhold is impassable. I believe the northern pass is still usable, but that takes you the long way around, around the north end of the forest. That route may be dangerous for I've heard that beasts and bandits roam freely north of here, but you should be safe if you can make it to Darkford.""",
"""Who or what are the Orakur?""",
"""And it was stolen?""q",
"""Yes. three years ago an Orakur agent broke into the vault through a secret tunnel and took it. They took it because they coveted it. From the very day it was found and pulled from the rock, the Orakur claimed ownership of it. This act of theft is an insult to all of Thaermore and the Chancellor has vowed to continue the military action until the jewel is recovered.""",
"""Who or what are these Orakur?""v",
"""Hmm, not much is known about them really. From what I understand they are a race of underground dwelling creatures. Some say they are twisted decedents of the Dwarves, but no one really knows. They are horribly bothered by the sun and never come above ground, even at night because the open air scares them. They thrive in the dark, narrow passages of the underground, surrounded by stone. They rarely fight on their own- they prefer to swarm their enemies with the underground creatures that they seem to hold command over. That is why this land now is so plagued with vile creatures. They use these creatures to wear us down, to drive us from these lands.""

Eleanor pauses. ""Say, I have a book of The History of Thaemore in the drawer beside my desk. You are welcome to take it if you want; it is rather outdated but perhaps there is information in there that can be of help to you.""",
"""May I ask you something else?"" [BACK]",
"""Thank you for your time. I must be going."" [END]",
"""What happened to Elderhollow?""i",
"""Elderhollow was a casualty of this war that we are currently engaged in. Without any help from the Commonwealth Guard to defend itself, Elderhollow was frequently attacked by Goblins and other creatures that so freely walk the lands now. Most of the town's people left; some settled here, others went north. The few who foolishly stayed paid with their lives.""",
"""What is this war regarding?""",
"""I'm glad to know where I am at, but it doesn't explain how I got here!""",
"""Thanks for your time."" [END]",
"""The tavern owner told me what happened to you.""P",
"""I know what you're going through. I awoke with no memory of my past or even who I am. I've lost everything as well.""",
"Garrett looks at you for a moment, then speaks with a gritty voice: ""Yeah? Well I'm sorry for your troubles, but that ship and crew were my life. I have nothing without them. Now I'm stranded here in this damn village with no way to return home. All I know how to do is navigate and chart maps; I have no other skill and so there is no work for me here.""

""To add to my sorrow, I lost my father's sextant in the shipwreck. It was an antique that his father gave to him and he to me. It was a priceless family heirloom. If it's not at the bottom of the sea then it is most certainly in the hands of the thieves that control the Salted Coast area. Either way it's lost forever.""

Garrett turns away and takes a long drink from his bottle. Apparently he is done talking to you.",
"""If you're going to drink yourself to death, do it somewhere else. No one cares about your problems.""i",
"""I'd like to learn more about Cartography now.""M",
"""If you train in Cartography enough, you'll be able to create detailed maps!""",
teach_skill (Garrett) 7,
"""I think found your sextant. Is this it?"" [Show Antique Sextant to Garrett]=",
"Garrett stops half way through a drink and draws the bottle away from his lips. He sees the sextant that you are handing to him and is suddenly overcome with emotion.

""By the gods! It is a miracle that you were able to find it. I have absolutely nothing I can give you in exchange for this but my eternal gratitude.""",
"Antique Sextant
quest 11 9


",
"""How about you teach me what you know of Cartography?""-",
"""Really? You want me to teach you Cartography? I might be able to do that for you.""

Garrett sets the bottle down and rubs his chin. ""Yeah, I think I can do that. Hey, this can be the start of a new career for me! Of course I'll have to charge you the standard fee for training which is 100 gold per skill level. I feel bad asking you to pay after what you've just done for me, but I must make a living too. I am nearly out of gold and soon even the owner of this tavern will toss me to the street. I can't teach you anything if I am starving and homeless.""",
"""That's a deal."" [Give sextant to Garrett]�",
"""Oh thank you! You've shown me that there are still kind people left in this world. Just return to me when you are ready to learn Cartography.""",
"""No way! I risked my life for your damn sextant and you should train me for free."" [Keep sextant]�",
"""Well, I regret that is your decision. I haven't had a decent bite to eat nor a warm place to sleep in days. Although I am grateful that you found my sextant, I would probably have to sell it just to keep myself alive.""",
"""If you can't afford to give me a little gold for my troubles, I'll have to just sell it myself."" [Keep sextant]h",
"""Oh, well you're no better than the thieves in Salted Coast then. Be gone. The sight of you sickens me.""",
"""I must be going."" [END]",
"""Hail! Welcome to the Owl's Roost Tavern. I'm Porter, the owner. Have a seat! What can I get for you?""",
"""So, what can I get for you?"" Porter asks.",
"""What have you got for sale?"">",
"""Thanks for spending money at the Owl's Roost Tavern, friend!""",
"init_trade(porter)


",
"""What's the news, barkeep?""�",
"""Not much news makes it out this way anymore"" Porter says, tossing the washrag over his sholder. ""In fact, I was kinda hoping maybe you had some news for us, you know, with you being from out of town and all.""",
"""I'd like to rent a room for the night.""",
"""I seem to have lost my memory, so even if I had news to tell you I would have forgotten it!""�",
"""I'm sorry to hear that, my friend. Why don't you have a drink, or stay for the night here in the Owl's Roost? I might also recommend that you talk to Father Michael over at the Bethel; perhaps you are suffering from an injury that he can help you with.""",
"""What's with the sulking man over at the table?""u",
"""Oh, him? His name is Garrett. Poor guy came in here a month ago and hasn't left. He was a navigator on a ship that was attacked and sank south of Thaermore. He was found unconcious on a beach on Salty Coast. As far as he can tell, he's the only one who made it off the ship alive. He's still in shock about it. He just sits here day and night drinking to forget, I guess.""",
"""Fascinating.""  [BACK]",
"""Thanks for your time, I must be going."" [END]",
"Before you lies a man dressed in field armor. Blood trickles from the corners of his mouth and he seems to be gasping for breath.

""Thank the gods you've arrived! I'm afraid the offensive failed, sir.""

The man coughs again, flinching as if the pain is unbearable.",
"""What are you talking about?""",
"He looks at your face and struggles to focus. ""You are not with the Commonwealth Guard! Wh..where are our reinforcements?""

The man clenches his jaw and squeezes his eyes shut. In this moment he seems to realize that whatever reinforcements he was expecting is not coming.

He opens his eyes again and looks up at you. ""You must leave. This place is crawling with Goblins. If you make it to Bastion Spire you need to tell them that our attempt to reclaim Grimmhold has failed. The gates remain closed and Grimmhold is not passable.""",
"""Is there any way to make Grimmhold passable again?""�",
"""Perhaps, but you can't do it on your own. <cough> The Goblins destroyed the lever that retracts the gates barricading the Eastern Gap. The only way to open the gates now is to activate the secondary water gate beneath Grimmhold which will...<cough>...will force the gates open. But they infest that area as well. We tried to clear them out but their numbers were too great.""

The man's eyes seem to fill with despair. ""You'll need to take the northern route west.""",
"""I'm going to open this water gate and take back Grimmhold myself. Goblins be damned!""*",
"""Don't be a fool! Six of my Guardsmen couldn't accomplish this feat...I...[cough]""

With that last cough, the soldier appears to lack the strength needed for another breath. He gasps and shakes as blood spurts from his mouth. As his eyes roll back into his head, his body goes limp.

He is at rest.",
"""Okay, I'm going back to take the northern route west.""�",
"""Godspeed to you.""

Seemingly content that he clung to life long enough to get a message to someone, he lays his head down and exhales for the last time. His body goes limp and he is at rest.",
"""I have been though Grimmhold and have opened the secondary water gates below. Grimmhold is passible again.""",
"""You...you did this on your own? Six of my men failed to do this!""

The man's eyes seem to fill with despair. ""I am afraid I do not believe you. You are a fool if you think you can clear the goblins from Grimmhold by yourself. You'll need to take the northern route through Thaermore to go west of here...I...[cough]""

With that last cough, the soldier appears to lack the strength needed for another breath. He gasps and shakes as blood spurts from his mouth. As his eyes roll back into his head, his body goes limp. He is at rest.",
"Lilith seems pleased to have a visitor. ""What else can I do for you?""",
"""I am exploring this area. Is there anything you can tell me about this region?""q",
"""I know a lot about this area as I've lived here for many years. Is there anything specific you are looking for?""",
"""I am here to rob you, wench! Pray I do not take your life as well as your gold.""�",
"""Oh really? I find it humorous that a pathetic mongrel such as yourself has accidentally chosen to threaten me!"" Lilith draws a rather nasty looking straight razor from the sash around her waist and flips it quickly through her fingers, displaying impressive skill. You suddenly feel as though you may have made a very bad mistake.

""I hope you have enjoyed the life that you've led up 'till now, because it is about to end.""",
"""I have been told to locate you and show you this amulet."" [Show Lilith the amulet]�",
"Lilith looks at the amulet in your hand and then reaches for it, pausing for a moment to ensure you agree to her actions. She carefully takes it from your hand and holds it to the light, slowly rotating it to enhance the contrast of shadows across the front and back surfaces. There, ever so faint, strange and nearly invisible markings reveal themselves across the face of the amulet.

""This is indeed authentic. Do you not know what this is?""",
"Strange Amulet
quest 3 9


",
"""No, I don't. I received a mysterious note telling me that you could identify it for me.""�",
"""I guess I have little choice. Tell me what you need done.""�",
"""Very good! I knew you were a man of quality judgment.""

Lilith tosses a rag covered in berry stains over her sholder. ""Well, during your travels through Tangletree you may have noticed unusually large wasps flying about. They are called Hive Drones and they are very aggressive. Their numbers have increased and I believe it is because a Hive Queen has settled somewhere in this area. I need you to find the hive and kill the Hive Queen. When she is gone the Drones will leave this area and search for a new queen. Under any other circumstance my skills with a blade would be more than enough to do the job myself, but it turns out I am extremely allergic to bee stings.""

""Do this job for me and I will tell you everything you need to know about your amulet.""",
"""I don't play games like this. You will tell me what I need to know or I will force it out of you."" [Threaten]G",
"""Ha! Really? My, you certainly are intimidating, aren't you? Do you have any idea who I am? Of course you don't or you would realize that you are heading towards an ending that I promise you do not want to experience. I'll tell you what- I'll let this one mistake of yours slide and give you another chance to accept my offer.""",
"""Yes, okay. I'll take your offer. What is it you want me to do?""",
"""No, I don't think *you* have any idea who *I* am!"" [Intimidate]�",
"""I will do this task for you.""",
"""Excellent! A fews days ago I was searching for mushrooms near Whistling Cave south of here and I ran across a large number Drones. I'm sure the hive is in there.""

""Return to me with the Queen's stinger and I'll know the task has been completed. Then we will have a talk.""",
"""I am not wasting my time killing wasps for you. I grow weary of this conversation. Tell me now what I need to know or there will be hell to pay!""",
"You see a woman who is busy cooking; the smell of sweetberry pie fills this quaint cottage deep in the woods. She looks up at you when you enter.

""Well hello, what a surprise! I get very few visitors way out here so deep in Tangletree. My name is Lilith. What can I do for you?""",
"Strange Amulet



",
"""I have killed the Hive Queen. Here is her stinger.""7",
"""Congratulations! That was no easy task, for sure. Any remaining Hive Drones in the area will move on eventually, in search of another Queen. As for the stinger itself, you can keep it. I only needed to see it as proof of your actions.""

""Now on to the business at hand. Do you still have that amulet with you?""",
"Hive Queen Stinger
quest 7 9


",
"""Yes, here it is. [Show the amulet to Lilith]""�",
"You pull out the strange amulet and hold it up, showing her that you still possess it. ""Alright then"" Lilith says, ""here's what I can tell you about your amulet: it is actually a key. A very special key.""

As Lilith speaks, you rotate the amulet in the light and examine its design. Across it's face you see finely etched characters, but they seem foreign to you. 

""That key of yours will unlock a box in a place called the 'Underground Repository'. Have you heard of it?""",
"""Well, it is a special vault designed for people who need a place to store their valuables with no questions asked. It is also very secure. In more than two hundred years since it was built the security of the Repository has never been compromised.""",
"""So it's just a bank?""�",
"""It's more than just a bank. The Underground Repository is a service that provides uncompromised security and anonymity to its members. People who use the Repository are considered part of a secret society who protect other members by upholding a set of strict policies. These people all share two things; the Repository and the code of conduct that goes with it. It is even rumored that the Chancellor himself uses the Repository, though you'll never find anyone who will confirm or deny that.""",
"""And this 'amulet key' unlocks a box there?""�",
"""Yes. This key is paired with a security vault in the Repository. Vault number 26 to be exact, according to the marks across its face. Just show the Vault Master your amulet and you will be allowed to enter and retrieve whatever is stored in the vault. I will warn you now, the management of the Repository have zero tolerance for trespassing or snooping around in general, so do your business and leave.""",
"""And where exactly is this Underground Repository located?""�",
"""Well, unfortunately I can't tell you its exact location, but just go to the town of Blackwater and snoop around a bit. Don't bother to ask anyone about it because nobody there knows anything- well, at least they'll act like they don't know anything. In fact, just talking about it can get you killed, so do the right thing and stay quiet. If you look around long enough, you'll find what you are searching for.""",
"""Could you tell me where I could get some supplies?""",
"""Personally, I get all my supplies from Bordertown. It's a small camp just half-a-day walk north of here, right outside of Darkford. It's nothing more than a refugee camp, but the merchants there always have what I need.""

""Southwest of here, outside the forest, is an old mining town called Blackwater. It's a longer walk but worth the journey as the merchants are always well stocked. However, they don't take kindly to refugees and transients, and they require visitors to pay a gate tax to enter the town. They use the money to support their own militia and because of this, Blackwater has fared better than most towns in Thaermore.""

""That's about it other than Aridell, but that is a couple days walk east of here. The capital, Bastion Spire, has been closed off for quite some time now.""",
"""How do you know so much about all this? Have we met before?""�",
"""No, I have never met you before. However, because you possess that amulet, we share a comradeship."" Lilith touches an unseen object hanging from her neck which is tucked inside her blouse. ""During my previous profession I acquired several 'assets' which I now store at the Repository. That is all I will say about that. As I said, people who use the Repository share this code of silence. Don't ask about other people's deposits and don't tell others of yours.""",
"""I don't have it. I'll get it and bring it back to you.""",
"""Thank you for your time, Lilith."" [END]",
"""Are there any areas in or around Tanglewood that would be wise for me to know about?""",
"""Yes, a word of caution: due west of here is a very dangerous area called Baron's Thicket. There was once a hunting camp owned by Lord Thorndike located there. He kept it stocked with Carniraptors- bipedal reptiles that can strip flesh from bone in seconds. No one tended to the camp after the war began and the Carniraptors have escaped, and they now roam freely throughout Baron's Thicket. I recommend that you do not travel straight west from here.""

""Beyond Baron's Thicket is a abandoned town named Vela, on the shores of Bottomless Lake. It fell to a Goblin raid over a year ago and is nothing more than a flooded ghost town now. Word is that Goblins still reside there, but I don't travel that way, and the Carniraptors of Baron's Thicket seems to deter them from making their way east.""",
"""There's not much south of here. Miles of forest eventually ending on the shores of the Salted Coast. Just a bit southeast of here is Grimmhold, the fortress that once connected the eastern shores with the rest of Thaermore. I've not visited it in more than a year since the guards have abandoned it. Last I heard, it is no longer safe, overrun with Goblins who made their way up from the south along the eastern rift.""

""If you are interested in a bit of historical sightseeing, there is a preserve just north of here built to protect an old tree. People say the tree is the offspring of the first tree of Tanglewood. I've visited it a couple of times, but I've never seen anything special about it. It just looks like an old tree to me.""",
"""I think I've heard enough. Thank you."" [BACK]",
"""I've heard enough. Thank you."" [BACK]",
"""I must be going. Thanks for your time."" [END]",
"""What can you tell me about this war?""�",
"""What can I tell you? I think it is very suspicious, that's what I can tell you. A couple years ago this gem, the 'Crux of Ages', supposedly disappears and the Chancellor declared war with these Orakur creatures that no one seems to know anything about. Soon after that most of Thaermore is overrun with Goblins and all sorts of vermin from the underground. The Chancellor, rather than defend this region, just closes off the all the exit points and leaves everyone here to defend themselves. What kind of war plan is that?""

""I am one of the lucky ones. I can take care of myself and this forest has protected me fairly well, but the rest of Thaermore may never recover from this war.""",
"You are surprised to see a scrawny goblin standing in the center of the this chamber, walled off from the rest of the cave. It is apparent that he has made this place his home for some time.

""Oh human! No harm Gruzz! Me not make war, me be friend!""",
"""Greets to you human! Be kind to Gruzz, me be friend!""",
"""I do not speak to filth! I am the enemy of all goblins!"" [Attack]",
"""Give me one reason why I should not destroy you and then I will determine your fate, goblin."" [Intimidate]�",
"""Ohh, because Gruzz friend of humans. Gruzz not want to be with other goblins when they make war. Something bad going to happen. Gruzz hide here until war end. Spare Gruzz life and he be your friend! Gruzz tell you all he knows!""",
"""Tell me what you can about this place.""�",
"""Oh, this place was for mining. Great gemstone found here! You still find some if you have good eye for hidden things! Gruzz finds lots of gems 'cause Gruzz has good eyes. Now cave filled with giant wasps, they called Hive Drones. Hive Queen is further back. They not bother Gruzz here because Gruzz keep smoky fire. They not like smoke. Gruzz safe.""

The goblin throws a handful of tiny bones in the fire which smolder and crack. ""Gruzz hide here until war over.""",
"""Tell me what you know of this war, goblin.""�",
"""Humans make war with Orakur but something not right. Why human leader let Goblins run around and make trouble? Goblins make war on humans and human leader just ignore them. Something bad going to happen. Gruzz not want to die. Gruzz hide here until all over.""

Gruzz lowers his voice. ""Powerful shaman named Gramuk is leading goblin clans now. Clans move across Thaermore looking for great gemstone. Not know what happens next.""",
"""What do you know of these Orakur?""�",
"""Gruzz knows nothing! Gruzz never see Orakur. Human soldiers far away chasing shadows. Goblin shaman Gramuk spreading vermin to weaken humans. Humans blame Orakur for this, not Goblins! Gruzz not be part of war. Great suffering coming to all.""

Suddenly Gruzz places his hands over his mouth and looks around, then whispers: ""Shhh, Gramuk may be listening! Gramuk see people with his mind. Maybe Gruzz say too much. No more talk or Gramuk may find Gruzz and human.""",
"""Thank you for your help, Gruzz.""�",
"""Gruzz say you welcome. Gruzz thank human for not harming Gruzz, so Gruzz tell you secret! Gruzz used to be in charge of cleaning weapons in Goblin Citadel. If you ever get captured and taken to Citadel, maybe you can escape! Maybe you can use powerful weapon for help.""

""There be a lock box in Citadel, near where Goblins keep prisoners. The box lock need be set to 66 and then box open. Powerful weapon there!""",
"""I have no further use for you, goblin. Prepare to die!""",
"""No! No! Human have mercy!""",
"""What can you tell me of this war, goblin?""",
"""Thank you. Perhaps that information may be useful to me someday.""",
"""Sounds fair. Here is 100 gold pieces.""X",
"""Open the gates. I have business to do in your town.""'",
"""Is that right? Have you been cleared?""",
"""Let me pass, I have been cleared.""",
"""Yes sir. Safe travels to you.""",
"""Cleared? What do you mean?""",
"""As a way of maintaining security here in our fine city and to keep out riffraff and vagrants,  the mayor requires a one time gate tax of 100 gold pieces. Pay the tax and the gates to Blackwater will always be open to you. If you can't pay the tax, you cannot enter the town.""",
"""Sounds fair. Here's is 100 gold pieces.""",
"Gatekeeper: ""Thank you. You may enter the city.",
"cond_gold 100 ; remove_gold 100 ; quest 10 2 ; Message (Gatekeeper: ""Thank you. You may enter the city."") ; toggle_port 9271 ; toggle_port 14274",
"""No way. I will not pay your toll!""@",
"""Then you will not pass. Be gone before I gut you like a fish.""",
"You see a slender man with beady eyes and foreign features, probably of mixed descent rather than pure human.

""Greetings to you, guest of Blackwater. I am Eeru, owner of The Lonely Spirits Tavern. Relax and have a drink! I have a room available if you need a bed for the night.""",
"Eeru smiles as you approach him. His piercing eyes make you uncomfortable.

""What can I do for you?""",
"""I'd like to see what you have for sale.""+",
"""Thank you very much for shopping with us.""",
"""I would like a room for the night.""�",
"""Certainly! I have a fine room available."" Eeru reaches behind the bar and pulls out an old, dusty registry. ""What name will you be staying under?""",
"""That's really none of your business.""",
"""Ah, yes. Let me escort you personally to your room. When you are finshed resting, just pull the lever to ring the bell. I will come and get you again.""",
screen_fade_out ; move_player 8357 ; screen_fade_in,
"""I must be on my way. Thank you."" [END]",
"You see a blacksmith wielding a large hammer. He looks up towards you as you approach.

""Hail traveler! Come here! My name is Erik and this is my metalshop here in Bordertown. Please, let me to show you some of my stock.""",
"Erik stands near his anvil, a dented piece of armor in the process of being hammered out.

""You want to see what else I have for sale? You'll find no better selection than mine.""",
"""Yes, I'd like to look at your inventory.""",
"""Can you tell me a bit about this village?""	",
"""We've been calling this camp 'Bordertown'. Most of the people here, myself included, were forced to leave their homes elsewhere in Thaermore because of this damn war. We've all traveled north, hoping to pass through Darkford and reach the western lands. Unfortunately, Darkford has been closed by the Chancellor and the guards are not letting anyone through. So, we've all just made temporarily homes here waiting for the Chancellor to allow people to pass west again. It's been over a year now and we're still waiting.""",
"""Unfortuantely I am a bit short on gold. Do you have any work for me?""	",
"""I might have something for you but the job is really tough! Gunther, the metal smith down in Blackwater, has ordered a smelting crucible from me and I have not found any way to deliver it to him. See, the problem is that it weighs 70 pounds!""

""After the war began all the horses in Thaermore were gathered up to be used in military service, so there's really no other way to get this down to him other than for someone to carry it. I figured that someone a strong back or perhaps a keen sense of magick could think up with an ingenious way of transporting it down there. Maybe you're just the guy I am looking for.""

""Before you just agree to it, remember that it weighs 70 pounds. If you sucessfully get it to Gunther, he will pay you 600 gold. It's a big job with big pay!""",
"""What is Darkford?""{",
"""Darkford is the stronghold that secures Azure pass through Barrier Range, which separates the eastern and western lands of Thaermore. It's really the quickest and safest route west towards Bastion Spire, the capital of Thaermore."" Erik wipes the sweat from his brow with his soot covered glove. ""Until Darkford is opened or this war comes to an end, we are all just stuck here.""",
"""You seem to be making the best of your situation here.""n",
"""What happened to Vela?""�",
"""The same thing that has happened to many of the other towns and villages across Thaermore. After the start of the war, we began defending ourselves against Salamanders and Bloodsippers, supposedly sent from the underworld by the Orakur. This wasn't much more than a nuisance to us, but then the Goblins showed up. They came from Crakamir; made their way up the Nimmia River in huge numbers. We held them off as long as possible, but then those bastards broke the levee that held back the waters of Bottomless Lake. Vela was flooded and the survivors fled.""

""The Chancellor says the Goblins are not a concern, but he obviously has no idea what we're up against out here.""",
"""Yes, I am up for the task!""�",
"""Great! The crucible is over in the chest next to the furnace. It's not very big, but it is made of dense ceramic and it is very heavy. Remember to lift with your legs when you pick it up or you'll throw your back out! Good luck!""",
"""I am interested in the job, but I must prepare myself first. When I am capable of carrying 70 pounds for that distance, I will return to you.""W",
"""That's the spirit! Just come back and ask me about the job again when you are ready.""",
"""That's not for me. I may be a lot of things but I'm not a pack mule.""�",
"""That's okay. I didn't think you had it in you but I figured I'd tell you about the job anyways. If you have any friends that can do it, send 'em my way.""",
"""I have important business to attend to in the west. Let me pass!""�",
"""Show me your writ from the Chancellor and I'll let you pass. If you have no writ then I suggest you leave or there will be hell to pay.""",
"""I have a letter I must show the captain. I have evidence that a priest in Aridell is aiding the goblins on some scheme to create a portal!""�",
"""Do you now? Well, that sounds really important. I guess the Captain should just put this entire war on hold so you can show him your little letter!""

The other guard chuckles.",
"Incriminating Letter



",
"""Perhaps you could deliver it to the Captain for me?""�",
"The guard laughs. ""We have been horribly short of toiletry paper, so yes, I'd gladly take your letter and put it to good use. Hand it over then!""",
"""Here it is."" [Hand the incriminating letter to him.]",
"""Oh, why thank you!"" The guard crumples the letter up and stuffs it underneath his armor. ""We had beans again for breakfast and I'm going to be needing this a bit later!""

Both guards laugh loudly before regaining their posture and then ignoring you as if you weren't there.",
remove_item (Incriminating Letter),
"screen_fade_out ; map_port (Darkford) ; updatezones ; areacheck ; screen_fade_in


",
"Before you stands a man covered in soot and sweat. He is older than most smiths and looks tired, as if the years of pounding metal have worn on him,  and yet he carries with him a large hammer as if it weighed nothing at all.

""Hail my friend! Come in, come in. My name is Gunther, owner of this here metal shop. I buy and sell weapons and armor so please feel free to have a look at my inventory. It truly is the best you'll find in all of Thaermore.""",
"remove_item (Divine Ore) ; quest 62 9


",
"""You needin' any weapons or armor? Gunther will help you out!""",
"""Yes, I'd like to have a look at your inventory.""",
"""Thanks for your patronage""",
"init_trade (gunther)


",
"""What can you tell me of this area?""",
"""Well, we're fairly secure here in our town, but outside the city walls it's rather dangerous from what I hear. For example, Vela, a port city just north of here, fell to a Goblin raid a while back. Criminals and creatures of all sorts run wild out there.""

""I've even heard rumors that the Goblins have brought in Taurax from the far south to help them overtake Thaermore! Do you know what a Taurax is, son? It's a seven foot tall half-bull, half man abomination! They say that a few were spotted just a mile away at the site of the old Loneloft ruins! I think we can defend ourselves against almost anything but an army of Taurax and a throng of Goblins may be too much!""

Gunther sighs. ""I hope it doesn't come to that. I hope the Chancellor sends troops soon to help us with security.""",
"""Do you have any work that needs done? I'm always looking to put a bit more gold in my pocket.""/",
"""Well, yes, I do need something but it isn't going to be an easy task. You see, I had purchased a bit of Divine Ore from Farwick in Aridell a few months ago. On route for delivery, it was stolen by a band of Mercenaries who have a hideout somewhere east of here. I don't know if they still have it or if they sold it, but if you are as tough as you look, maybe you could 'convince' them to do the right thing and give it back""

""I paid a lot of money for that little bit of Ore. If you find it, I'll pay you the full value of what it's worth to have it back."">",
"""I have with me a ceramic crucible that Erik of Bordertown asked me to bring you."" [Give ceramic crucible]{",
"""Good god son! You carried this damn thing all the way from Bordertown on your back!?"" Gunther helps you set it on the ground. It reaches the floor with a deep thud, raising the dust that had long settled between the floorboards.

""Well, Erik had set the delivery charge on this thing at 600 gold, so I guess you're the man who gets it. Here you go, you deserve every bit of it!""",
"Ceramic Crucible
remove_item (Ceramic Crucible) ; add_gold 600 ; quest 24 9",
"""Yes, I will find this Divine Ore for you.""l",
"""You are quite the adventurous type! Well, I wish you the very best success! I'll be here when you find it.""",
"""No, I don't mess around with Mercenaries.""J",
"""Heh, I don't blame you! Oh well, I guess I should just get over my loss.""",
"""I have brought back your Divine Ore."" [Give Divine Ore to Gunther]$",
"""Yep, that's it! Thank you very much! Now then, I believe I owe you 500 gold for this, don't I?""

Gunther goes behind his counter and opens a small cash box. After fumbling around with a bunch of coins, he finally hands you 500 gold. ""There you go! And thanks again, you've been a real help!"">",
"Divine Ore
remove_item (Divine Ore) ; quest 62 9


",
"You see a tall, thin man. Almost immediately you notice that his right eye is missing and in its place is just a fleshy hole; the other eye is sunken and dark. His skin is pale and sickly as if he hasn't seen sunlight in years.

""Greetings to you! My name is Leurik. I am the director of Eversleep Cemetery. I assume you have come to inquire about funeral services for a loved one, or perhaps you wish to make arrangements for yourself?""

Leurik smiles at you politely which you find creepier than if he had not smiled at all.",
"Leurik smiles when he sees you. ""Are you ready to make arrangements for yourself and your love ones for when that unfortunate day comes?""",
"""Perhaps. Could you tell me more about Eversleep Cemetery?""v",
"""Certainly! Eversleep Cemetery is located due west of here and it is the finest resting grounds in all of eastern Thaermore. We handle all the details of the funeral and have an assortment of coffins, caskets, and private vaults to suit your needs. We offer traditional ground burials as well as internment within our private crypt where your loved ones can rest safely until the very end of time. Do you desire cremation? No problem! Embalmment? Our pleasure! I'll personally see to it that the needs of you and your family are taken care of.""

""Why don't we begin the paperwork now to secure a spot for you and your loved ones?""",
"""I need to retrieve something that belongs to me.""|",
"""I find that a bit hard to believe. You look as though you're nothing more than a common adventurer, and people such as yourself think nothing of looting the dead. Life is just a big adventure to you, isn't it? Well I...""

Leurik stops in mid sentance, as if an ingenious idea suddenly comes to him. ""I'll tell you what. This is not something I would normally do, but these are not normal times now, are they? I happen to have a bit of a problem downstairs in my basement. It is full of Salamanders. If you were to go down there and clear the basement out, I would gladly give you a key to the crypt as payment for your services. Deal?""",
"""My business is my own. Give me the key.""j",
"""Well with that I do believe you've exhausted your welcome. Please remove yourself from my house at once!""",
"""That sounds fair.""",
"""Splendid! Just head into the basement and get to work. Be careful! Don't let them surround you or you'll be in trouble. You can always come back upstairs if you need to take a break; they won't follow you. When there's nothing left down there, come talk to me again.""",
"""I am not an exterminator. Give me the key or I will find a way to get it myself.""�",
"""I've given you a very generous offer and this is how you respond? You have exhausted your welcome. Please leave my house at once!""",
"""About that salamander problem in your basement...""",
"""Have you finished the job?""",
"""Ah, not right now. Thanks for your time."" [END]",
"""I'd like to check out the quality of your crypt before committing to anything. An eternity is a very long time to have to lie in an unsatisfactory tomb. May I have a key to unlock the crypt so I may take a peek inside?""E",
"""I'm sorry but we have had quite a problem with vandalism recently and I cannot give a key to just anyone. Perhaps with a small non-refundable deposit put towards your intent to purchase a plot I will know you are serious, and then I will give you a key to the vault. 200 gold pieces would be a sufficient deposit I suppose.""",
"""Yes, that is acceptable. Here is 200 gold.""�",
"""Thank you! We appreciate your interest in our services. Please, go look at our facilities and come back when you are ready to make your arrangements.""",
"""I cannot afford this deposit.""�",
"""I'm sorry to hear that. Well, we do offer pauper burials as well. There is no shame in putting yourself or your dear mother in a leaky pine box if that is all you can afford.""",
"""Yes, the salamanders are all dead.""�",
"""Why it appears they are! Well, a deal is a deal. Take this key. You may retrieve whatever object you claim is yours and then promptly leave.""",
"""No, I'm still working on it.""Y",
"""Well keep at it. You'll get no key from me if you can't clean up my problem downstairs!""",
"""I need a key to enter the main crypt in Eversleep Cemetery.""�",
"""Oh, really now? What reason would a person such as yourself have to enter my private crypt except to rob the dead of their valuables?""",
"""I find that a bit hard to believe. You look as though you're nothing more than a common adventurer, and people such as yourself think nothing of looting the dead. Life is just a big adventure to you, isn't it? Well I...""

Leurik stops in mid sentance, as if an ingenious idea suddenly comes to him. ""I'll tell you what. This is not something I would normally do, but these are not normal times now, are they? I happen to have a bit of a problem downstairs in my basement. It is full of Salamanders. If you were to go down there and clear the basement out, I would gladly give you a key to the crypt as payment for your services. Deal?""",
"""No thanks. I don't plan on dying anytime soon."" [END]",
You wake laying upon cold dirt. The smell of death is all around you...,
"screen_fade_out ; move_player 5753 ; strip_items ; message (You wake laying upon cold dirt. The smell of death is all around you...) ; screen_fade_in


",
"""Here is my key."" [Show him the Amulet Passkey 26]f",
"Amulet Passkey 26
toggle_port 3573


",
"""Perhaps this is what you are looking for?"" [Show him the Strange Amulet]Q",
"""I have this key."" [Show him the Amulet Passkey 15]f",
"Amulet Passkey 15
toggle_port 3573",
"""Um, I think I will just show myself out."" [END]",
"You see a withered man in dirty clothes. His skin is covered in open wounds and the smell of infection hangs in the air. He seems to have been caught off guard by your presences.

""Oh, you startled me! I thought you were one of those wretched cutpurse thugs that are always trying to sneak in here. My name is Paul. I don't know who you are or what you want, but I warn you- I am sick. You best not stay long or you're likely to catch what I've got.""",
"""Greetings. I am just passing through and hoped that you could chat with me a bit about this region.""�",
"""Sure. I don't see many travelers pass through here anymore so I'll be happy to chat for a bit. This area is called the Salted Coast because twice per year the tides rise extra high and floods most of the lowlands south of here. The soil along the shoreline is so salted that nothing grows well.""

""It used to be quite a nice place to live, actually. Just a few years ago I spent my days gathering salt and growing herbs to sell in Elderhollow. Then the war came and any sense of law and order disappeared. Now I spend what days I have left just defending my home from the thieves that roam this area. That's what my 'blast barrier' is for, so if any of those bastards try to get near here I'll send 'em all to their grave!""",
"""I am here to rob you. Hand over your valuables!""m",
"Paul chuckles. ""My valuables? Are you serious? Yeah, sure have at it. Take all the 'valuables' you can find.""",
"""What has happened to your skin?""�",
"""I've gotten infected with a disease called Fleshrot. It'll kill me eventually, if the murderous thugs in the area don't get me first.""

Paul pulls the sleaves down over the sores on his arms. ""I don't think there is anything I can do about it. I've tried countless remedies and potions, but the disease has progressed too far. I am just trying to stay comfortable for what time I have left.""",
"""What can you tell me about the war?""�",
"""I really don't know anything about it. One day everything is fine, the next day all hell broke loose! The Commonwealth Guards who are supposed to be maintaining law just up and disappeared. I guess they were called into service to fight the war with the Orakur, but in their absence this place has fallen into chaos. I even heard that Grimmhold was overrun by Goblins! Well, with my illness I am not long for this world, so I guess I really don't care much about what happens, honestly.""",
"""Blast barrier? Nice.""c",
"""Heh, yeah. I've used it a couple times too. Doesn't leave much to clean up but fragments of bone.""",
"""I have been asked by Father Michael at the Bethel in Aridell to give you this potion. It will cure your disease. [give him the Potion of Absolute Restoration].�",
"""Father Michael, you say?""

You hand him the potion. He takes it and examines the contents of the flask by swirling it around and then smelling the dark liquid. Suddenly he walks to a window and throws it out, smashing it upon a the ground.

""You damn fool! That was not a healing elixir! When have you ever known a healing elixir to look and smell like boiled-down Noximander venom?""",
"Potion of Absolute Restoration
quest 18 9 ; remove_item (Potion of Absolute Restoration)",
"""I was just trying to help. I didn't know.""",
"""What do you mean?""L",
"""Well, a few months ago there was a messenger passing through the Salted Coast area heading to Aridell. He was attacked by thugs down near the shoreline and was killed, and when I found his body there was a letter floating in the water nearby. The saltwater had broken the seal on the letter and I saw that it was for Father Michael from a Goblin named 'Gramuk'. It was instructions for finishing a portal to allow Goblins to travel to the Darkford region.""

""When Father Michael heard that I recovered his 'sealed letter' he sent someone to retrieve it. He also sent me a whole salted ham to show his appreciation for my efforts in securing the letter. But within a day of eating some of the meat I was stricken with this horrible disease. Apparently the Father wanted to make sure I hadn't accidently read anything that might incrimiate him.""",
"""So why would father Michael be involved with Goblins?"" ",
"""I don't know. All I know is that I actually kept the original letter. What I sent back to him was something I copied by hand and, well, changed a few of the instructions around."" Paul smiles. ""I was able to restick the wax seal on the fake letter so that it looked legitimate. There's no way the portal will ever work with the instructions I gave him!""

""Look, if you really want to help me, take this original letter to someone in charge, someone who has the power to bring father Michael to justice. Don't show this to anyone in Aridell; they all think Father Michael is some sort of damned saint. They won't believe what I've told you. Take it north to Darkford and show it to the Captain who oversees operations there. He's probably the highest in authority remaining in this area of Thaermore.""",
"""Yes, I believe you. I will do this task.""�",
"""Thank you! I am glad to have this off my shoulders. Take the note and give it to the Captain at Darkford. You may need to convince the Guards to let you in, but I'm sure he will be very interested to hear about Father Michael's actions.""

""By the way, I think the portal Father Michael is working on is somewhere near Darkford. I've heard that he owns a cottage up there where he frequently visits, spending many hours engaged in 'theological study'.""",
"""No, I don't believe your story and I will not do this task.""�",
"""Whether or not I believe you is irrelevant. I really don't care either way and I've got better things to do with my time. [END]""",
"""I'll be on my way."" [END]",
"As you enter the small tavern, you realize how temporary it feels. The walls are simple bricks held with mud and the floors are just fragments of stone pressed into the ground.

A young woman greets you. ""Hello traveler. I am Krista, owner of this make-shift tavern here in Bordertown. I have a few items to eat or drink if you're hungry and I offer many other items for sale that that I've acquired from people passing through.""

""What can I get for you?""",
"Krista appears happy to have a customer in her tiny tavern.

""What can I get for you?""",
"""Please show me your inventory.""#",
"""Thank you, please come back soon!""",
"init_trade krista


",
"""I am looking for a woman named Lilith. I was told she lives somewhere in Tangletree Forest. Have you heard of her?""�",
"""Hmm, yes, I know of Lilith. She comes here every few weeks to pick up supplies. She lives just south of here, near Lake Atria, not more than half-a-day's walk.""",
"""What can you tell me of this area?""�",
"""I'm not completely familiar with this area actually; I'm just a refugee like everyone else here. I know that just east of here is a huge stronghold that people call Shadowmirk. It's a centuries old refuge for a cult of eclectic Mages. No one really knows much about them but I am always fascinated by the structure when I am out that way gathering herbs from the swamps.""

""Which reminds me: stay clear of that area unless you know what you are doing. It is infested with Fungal Slimes!""",
"""I'm looking for some work. Got anything?""$",
"""Well, perhaps. I have been hoping to find someone who would be willing to go to Grimmhold and retrieve an item for me. You see, my brother was once a soldier stationed at Grimmhold; he was a lieutenant actually. He kept with him a family locket that our mother had given to him for good luck while he was serving in the Commonwealth Guard.""

""When the Chancellor called all the available guards into service, he packed up and shipped out within hours. He left behind a few belongings, the locket being one of them. Now, it isn't worth much, but it has significant sentimental value to both of us. Since Grimmhold has been overrun with Goblins, I am more concerned than ever that we may never get it back. I would pay you a couple hundred gold if you are able to find the locket and bring it back to me.""?",
"""Sure, I can look for it.""�",
"""Really? That's great! Okay then, I have something to give you. It is a key to my brother's quarters; he left it with me when passing through on his way west hopeful that I may have the chance to retrieve it in case he never returned. The locket should be in a chest or cabinet in his room. I don't know where his quarters where located, but you'll obviously know it when you find the lock that this key fits.""",
"""I can't do it. Grimmhold is in the opposite direction from where I am heading.""�",
"""That's okay, I'll keep searching for someone. Perhaps even I could buy some equipment from Erik the blacksmith and head down there myself.""",
"""I think I found the locket. Is this it?"" [Give Krista the Brass Locket]�",
"""Oh, yes it is! Thank you, thank you, thank you! I can't express how happy I am to see this locket again.""

""Well, as promised, here is 200 gold. Thank you again!""?",
"Brass Locket
quest 63 9 ; add_gold 200 ; remove_item (Brass Locket)


",
"""Interesting."" [BACK]",
"""No problem."" [BACK]",
"""Hail stranger! My name is Gamfari. I am a herbalist and alchemist here in Bordertown. I spend most of my free time walking the countryside gathering rare reagents. I can promise you that you'll find no better assortment of alchemy supplies north of Darkwater!""

""Care to see my stock, or how about a lesson in Alchemy?""",
"""Needing any herbs or alchemy supplies? Or how about a quick lesson in mixing techniques?""",
"""Yes, show me your inventory.""",
"init_trade (gamfari)


",
"""I would like to learn a bit about Alchemy.""0",
"""Thank you for inquiring about Alchemy lessons.""",
"teach_skill (Gamfari) 1


",
"""No thank you."" [END]",
"""Come and see me anytime you need Alchemy supplies. I have the best stock in Thaermore!""",
"You see a beaten, bloodied man hanging from a rack device. As you approach him, he slowly lifts his head and tries to look at you. His eyes are mostly swollen shut but he manages to force them open enough to catch a glimps of your face.

""Brother? Brother! Is...is that you?""",
"""I'm sorry. I don't know who you are.""�",
"The man lowers his head and weeps.

""You did it. You drank the serum and you've forgotten who I am. I am thankful you did it brother or you would be hanging in the rack next to me already.""

The man moans quietly. His arms are pulled tight and it looks as if his entire weight is supported by the toothed, steel bands around his wrists. There appears to be no way of opening the seamless manacles; you surmise that the severing of the arms is the only way a detainee can be released from such a horrible device.

""I am sorry you do not remember me brother. You did what you had to do to protect yourself, but since you are here I must tell you what I've overheard the goblins talking about. Listen to me now before life escapes me,""",
"""Yes, it is me. I drank a serum and lost my memory, but I left myself a note to find you!""]",
"""Brother, you...you shouldn't have written yourself a note. We discussed the dangers of that! What if they find you?""

The man moans quietly. His arms are pulled tight and it looks as if his entire weight is supported by the toothed, steel bands around his wrists. There appears to be no way of opening the seamless manacles; you surmise that the severing of the arms is the only way a detainee can be released from such a horrible device.

""Brother, I wish our final meeting could have been under other circumstances, but before life escapes me I must tell you what I've heard the goblins talking about.""",
"""I am listening. What have you heard?""",
"""The goblins are scheming something big. I've heard them speak of taking over all of Thaermore. They speak of a goblin shaman named Gramuk. He has taken control of the Chancellor's mind which is why Thaermore is undefended.""

He takes a deep breath and gnashes his teeth, forcing himself to ignore the pain that must be unbearable. ""Brother, they will find you soon. Whether you posses the Crux or not, they are going to find you and your fate will be the same as mine.""

""There is little time left. The goblins speak of destroying Shadowmirk, the Mage Citadel to the north. There's a wizard who resides there named Erubor. They fear him and want him eliminated. Go to Shadowmirk and find Erubor. Tell him what I've told you. If Shadowmirk falls, so shall the remainder of Thaermore.""",
"""What of the Crux of Ages? What are they saying about it?""'",
"He coughs up blood which drips from his chin. ""Th...the Crux? Please brother, say not another word! If you possess it, do not tell me. Anything you say to me may be heard by Gramuk. If you do have it, keep it close to you for it may offer some sort of protection. It was the removal of the Crux from Bastion Spire that allowed Gramuk to gain control of the Chancellor's mind. I do not know what else to tell you of it. Perhaps you can seek Erudor advice on the matter, but only if you trust him.""

""Now, there is one thing I must ask of you, brother,""",
"""What have you heard?""",
"""What would you have of me?""�",
"""Brother, end my life. I...I am broken. Even with the most powerful of medicines I cannot recover from this. I will be dead in a few hours...please do not allow me to suffer that long.""

You notice a single tear run down your brother's face, creating a clean path through the blood and sweat and dirt. ""I am sorry you do not remember me brother, but I am glad the amnesia will spare you the pain of my passing.""

He lowers his head and takes a long slow breath.",
"""I will do this for you. Goodbye, brother."" [End his life]�",
"""I cannot do what you ask of me."" [Leave him and allow death to happen naturally.]�",
"""I'm not here to rob you. Do you need any help?""�",
"""Unfortunately for you I am, in fact, here to rob you. I'm sure I can find something worth taking.""�",
"""Yes, I could try to locate him for you.""",
"""Oh thank you so much! As I said, my husband's name is Bradon. Please tell him to hurry back here even if he has not found the wagon parts yet. At this point we have no more belongings to haul and I'm starting to use the wagon for firewood.""

Mary pauses as if trying to find the words to continue. ""If you find...I mean, if something has happened to him, you may be able to identify him by his wedding band. We were married just last spring and it has not left his finger since that day. It's just a simple gold ring inscribed with my name.""",
"""No, I have no time to track down lost husbands. I'm sure he'll show up eventually.""�",
"""I'll do my best."" [END]",
"""I found a dead man with this ring in his possession. I'm sorry."" [Give wedding ring to Mary.]O",
"Inscribed Gold Wedding Ring
quest 22 9 ; remove_item (Inscribed Gold Wedding Ring)",
"""Thank you. I will look for this chest.""",
"""You're welcome. Stay safe.""",
"""Greetings, greetings! Please, come on in and have a look around. My name is Vekkar and I am the proprietor of this shop of magicks. 

Vekkar appears to be an older man, slight of build with crooked legs. He seems to be supporting most of his weight on a staff which he clings to.",
"Vekkar smiles. ""How can I serve you?""",
"""Please show me your inventory.""B",
"""Thank you very much for your patronage."" Vekkar says with a wink.",
"init_trade (vekkar)


",
"""I'm looking to earn some gold. Do you have any tasks that I could do for you?""�",
"""As a matter of fact, I do have something that you could help me with. I was just speaking to the town council head and we were discussing the disappearance of the Burley Oak tree from this region. It used to grow plentiful in the southern area of Tangletree Forest, but it seems that the spreading population of Acid Grubbs has taken to stripping the bark from the trees which has killed them all.""

""I've heard that there is a single tree left somewhere in the far southern area of Tangletree Forest. I would like to get an acorn from this Burley Oak before it is killed as well. We will then try to cultivate it here in Blackwater and save the species from extinction.""

""I can pay you a small fee for your service if you were to bring this acorn back."":",
"""Great! Just bring the acorn back to me when you find it.""",
"""You want me to gather nuts? No way.""N",
"""Oh, okay. Well you asked if I had any jobs and that is all I have right now.""",
"""I must be leaving. Thanks."" [END]",
"""I must be going. Thanks."" [END]",
"""I have brought back the acorn you wanted."" [Give Burley Acorn to Vekkar]�",
"""Thank you so much! We will get this acorn planted right away. It may take 30 years, but eventually this tree will produce acorns of its own.""

""Oh, and here is a bit of gold for your reward."":",
"Burley Acorn
quest 58 9 ; remove_item (Burley Acorn) ; add_gold 300


",
"""Welcome back, blessed traveler. What can I do for you?""",
"""I am in need of healing.""5",
"""Thank you for inquiring about our healing services.""",
"""I am cursed and need spiritual restoration.""<",
"""Thank you for inquiring about our dehexification services.""",
"cleric_dehex


",
"""Yes, ah, you don't know about this war with the Orakur? Maybe you had better talk to Eleanor, Aridell's Council Head about that.""

""And don't forget the potion on your way out!""",
"""I would like to know more about Divination.""",
"teach_skill (Jonathon) 2


",
"""I must be on my way."" [END]",
"You see a shadowy individual standing in the corner of the tavern. He has watched you ever since you entered,  sipping on a pint of ale. As you near him, he motions to you.

""Psst! Come over here. I would like to have a word with you.""",
"""What have you to say?""�",
"""You look like just the type of person I've been searching for. I have a job offer for you. It's a simple job with a big paycheck.""

While he talks, the man's eyes never leave yours. His gaze is piercing, like a viper preparing to strike. ""I am looking for someone to help me with a problem. There is an individual who has become troublesome to me and must be eliminated. Are you interested in the job?""/",
"""Perhaps. Tell me more.""h",
"The man smiles at your response. ""There is a woman who resides in Tangletree Forest. Her name is Lilith and she lives in a cottage on Lake Atria. The reasons I want her killed are my own and do not concern you.""

""Hear this, for it is most important: she wears an amulet around her neck. It is just a worthless trinket and is of no importance to me, of course. However, I need that amulet returned to me to prove you have completed the task. I can assure you she won't part with it while she is still breathing.""

""If you do this job, I will pay you 500 gold and may have other work for you. So, are you interested?""",
"""No way. I am not an assassin.""�",
"""Very well. I thought you looked as if this was your type of job."" He sips his ale keeping his eyes locked on you. ""So this conversation never took place then, right?""

He finally looks away from you, acting as if he has never met you before.",
"""Yes, I will do this job. I will return with her amulet.""�",
"""That's the spirit! I will wait here for you. Remember, you get the money only when you bring back the amulet.""

""Oh yes, and be careful. She is very dangerous. Don't toy with her, just end her life as quickly as possible.""",
"""I am not interested.""�",
"""I know of Lilith and I consider her to be a friend! I will not let you carry out this job. Prepare to die!"" [Attack]",
"""I have killed Lilith. Here is her amulet. [Give him the Amulet Passkey 15]s",
"""Well, well. I wasn't sure you would be capable of completing this task,""

He looks around to ensure no one is watching before taking the amulet from your hand and stuffing it into his shirt pocket. He then draws out a large pouch of coins.

""A deal is a deal, even among us unscrupulous."" He places the coin bag in your hand. ""Now leave. We never had this conversation.""0",
"Amulet Passkey 15
quest 47 9 ; remove_item (Amulet Passkey 15) ; add_gold 500 ; quest_step 54


",
"""Do you have any other work for me?""""",
"""Not right now. Check back later.""/",
"Oolasepf senses your approach. ""Greetings again, human. How goes your quest?""^",
"As you approach the old and crooked little tree, you begin to feel a voice speak to you from within your mind: ""Human, please approach! I am Oolaseph and I am the direct descendant of the very first tree to take root here more than ten millennia past. That tree, my greatest grandfather, was the first tree in what your people would later call Tanglewood Forest.""

""I feel grave times are approaching for our kind, both the race of men and trees. I have seen goblins moving through the moonlight. I have heard my brethren speak of the coming war. I speak to you now because I would like to offer you help.""",
"""A talking tree wants to help me? How do you know of me?""_",
"""My brethren- my fellow tree kin- have spoken of you. They have seen your travels. They have seen you smite that which is attacking the land. They have told me you can help defeat this engine of destruction, this coming storm.""

""I have not seen this for myself because my roots are not connected with theirs. I have been isolated here on this small parcel of earth so that I am protected from plague and fire if it were to overtake my brethren. It is critical that my lineage does not end, least it be the end of all trees in Thaermore.""

""And so for my continued protection and that of my brethren, I would like to offer you help in the form of a gift. However, before I could give this gift to you, you must first prove your worth. If you can perform a difficult task for me, I will grant you one gift of the tree kin to aid you in your efforts. What say you?""",
"""I will not listen to these voices in my head! Be gone!""",
"""How am I to prove my worth to a tree?""�",
"""In northwest Crakamir, the barren lands far to the south, there is a small oasis. Located there is a well, and within the well is water so pure it is unlike anything else in this world. It is water that has filtered through sand and rocks for a thousand years, and it percolates up from the cool underground to that very spot. But now the goblins have captured the oasis and they have placed terrible beasts there to guard it. Their plan is to pollute the water source which will have far reaching effects on every plant and animal and person in Thaermore.""

""I ask that you bring me a flask of water from the oasis. If we can keep just one vial of Purest Water from being polluted we can use it to restore the oasis when the Goblin scourge ends.""",
"""I will do this. I will return with your water.""",
"""Very good. I do not wish for you to be sent to your death, so please be confident that you are skilled enough to endure the dangers of Crakamir before undertaking my quest. This task is not for the weak nor ill prepared. Many before you have died attempting to reach this oasis.""",
"""I need not prove my worth to a tree, and I will certainly not fetch you water as if I were your gardener!""q",
"""That is regretful, human. I have made a poor choice to offer help to the race of men. It will not happen again.""",
"""I have returned with your water!"" [Give Purest Water to Oolaseph]�",
"""Very good, human! I am pleased that you have completed this task. You have proven your worth to me and I will now give you the gift that I spoke of.""

""One hundred years ago a great Ranger named Lorus of Eastleaf died after a lifetime of protecting this forest. His legendary bow was made from one of my branches and was buried with him. You have my permission to retrieve his bow and use it towards your crusade. If you are unskilled in archery, you may sell it to acquire funds to purchase items that will help you.""

""His tomb is located in Tangletree Ossuary. His vault is secured with a sliding lock. To release the lock set the slider to 98. Be warned, anything else will trigger a deadly trap!""

""Go now, human. Fight the Goblins and end this scourge!""",
"Purest Water
quest 25 9 ; remove_item (Purest Water)


",
"""Thank you, Oolaseph.""",
"Without warning, several men jump from the shadows of the nearby wood line and surround you. One of them, presumably the leader,  approaches you and speaks up:

""Well, well! What 'ave we here? Looks to me like this rat was trying to pass through our forest without paying the road tax. Don't you know this 'ere road belongs to us, rat? We don't take kindly to filthy varmin who think they can just walk anywhere they want.""",
"[Threaten] ""Stand back you pathetic mongrels, least I deliver all of you to your fates!""�",
"The leader of the thugs releases an obnoxious laugh, flashing a grotesque mouth of jagged, rotting teeth. ""Ha ha! You hear that boys?! This foul little rat is threatening our lives, and I don't believe he 'as any intention of paying the tax."" The other thugs laugh similarly, closing in on you. ""This one needs to learn some respect, he does. What do ya say we open this varmin's gut right 'ere and hang 'em from a tree, eh?""",
"""After him, boys! Cut the rat's throat!""",
"""If this is your land then it is only proper that I should pay a tax for passing through.""�",
"""Ah! There, you see boys? This one knows what's good for him."" The gang leader steps forward and places the tip of his blade on your stomach, pressing on it with uncomfortable force. He smiles revealing a sparcly filled mouth of rotting teeth. ""The tax for using our road is 75 gold. You pay this and you can be on your merry little way. If you don't 'ave it...well, eh, lets just 'ope you do!""

The other thugs encircling you chuckle menecingly. You find the stench of filth and rum almost unbearable.",
"""Yes, 75 gold is a resonable tax. Here you go."" [Give 75 gold]",
"""I will not pay this ridiclous 'road tax'. It is time I be on my way.""",
"You see an odd mage walking aimlessly around the atrium. He seems to be talking to himself before noticing you.

""Oh, uh, you startled me! My name is Walter. I have just joined the acolytes here in Shadowmirk and I'm working on my first assignment. Are you an initiate here too?""",
"""Yes, that's what I am. I am an initiate like you. What is your first assignment?�",
"""Well, I guess we have the same first assignment: finding out how to get up to level two of the tower.""

Walter adjusts his robe and hat, realizing that he may have made a mistake by talking to another initiate. ""Look, I don't want to get into any trouble so stop talking to me. And where is your robe and hat? I wouldn't want to be in your shoes if a senior acolyte catches you walking around in that attire! Now please leave me alone. If we try to help each other we will both fail and be thrown out!""",
"""No, I am just an adventurer. I found my way inside and am just looking around.""",
"""Really? And you made it past the Dimensional Eye that guards the front gates? I am impressed! Still, you're probably not going to find much here other than a lot of trouble. The senior acolytes above don't take kindly to outsiders wandering through Shadowmirk!""",
"""I am not an initiate. I must speak to a mage named Erubor. Heard of him?""�",
"Walter looks at you as if your question strikes him humorously. ""Ha! Erubor? Of course I've heard of him. He is the headmaster here at Shadowmirk. I mean, I've never actually talked to him or even seen him, but I know he lives at the top of this tower. Good luck getting to talk to him. Most acolytes study for years in this place before they get to speak with the headmaster...and you're not even an initiate!"" Walter blurts out an annoyingly laugh which sounds like a mule braying.",
"""Can you tell me a bit about Shadowmirk?""E",
"""Shadowmirk is a puzzling tower of tricks and riddles and traps, as well as a school and research library for all acolytes looking to become grand mages. Generally you are only allowed in by invitation.""

Walter reaches up and pats the hat on his head, smiling. ""I was just recently admitted to Shadowmirk and so I am called an initiate. I am here on the lowest level and must find a way to level two, which is a test that shows I am ready for further training. However, at the moment I am not doing so well. I was just in the Arachnid chamber and I dropped the key to the Necrotic studies lab while trying to collect silk from an egg sack. I'm too drained right now to retrieve it so I am just going to rest for a while before going back in.""

""If you're going to be wandering around Shadowmirk you had better have your wits about you!""",
"""I would appreciate some advice.""�",
"""Well, I can't help you with any of the puzzles you may encounter because I haven't seen them myself yet, but I've heard they range from simple riddles to certain death! They are designed to test your intelligence and skills with magick.""

Walter laughs nervously. ""Now then, I am sorry if I sound rude, but I must get back to the assignment. If you continue to walk around here and get caught, don't mention my name or I could get thrown out. In fact, please don't bother me again!""",
"""What can you tell me about this place?""",
"Another guard stands just inside the gates of Darkford.

""Are you prepared to leave?""",
"screen_fade_out ; map_port 14 ; screen_fade_in


",
"Standing before you is a man in field armor that has a special crest imprinted on the breastplate, presumably to distinguish rank. He looks disheveled and inebriated, and the room smells of rum. He seems taken by surprise to see you.

""Ehem. Good day, citizen! I am Captain Morgan, head of Darkford. I'm not sure what reason the guards had to let you in but I'll tell you I'm not too pleased. We have a strict policy against any non-military personnel in Darkford. So tell me, what is this reason you are here, citizen?""",
"""Captain, I have a letter I must give you. It is incriminating evidence that the priest in Aridell is plotting something with the goblins."" [Give the Incriminating Letter to Captain Morgan]�",
"""Here, let me take a look at that."" The Captain takes the note and opens it, holding it to the torch light.

He squints his eyes and then widens them trying to focus on the letter, bringing the paper closer and closer to face. After a moment you realize that the Captain has apparently given up trying to read it altogether and instead has just closed his eyes.

You clear you throat loudly, startling him. He lowers the paper and tosses it somewhere amongst the clutter already piled on his desk.

""Yes. I see what you mean. Well then, very good citizen. I will forward this to the office of the Chancellor and they will investigate your claim post haste. This will be all we will need of you. I trust you can find your way out.""",
"Incriminating Letter
remove_item (Incriminating Letter) ; quest 19 9


",
"""Thank you, Captain. Good day.""",
"""Wait. That's your response? Something must be done about this immediately!"" 9",
"""I am simply here exploring. I don't know anything about you and I certainly was not looking for you.""�",
"""Is that really all you are doing? Well, then, please continue. I happen to be a very powerful mage and I can view the past and the present, though the future is harder to see. However, I have forseen your arrival. I know there are things much greater than you realize happening to you. You must continue the journey you are on and I will not stand in your way, so long as your actions are peaceful.""",
"""Erubor, I've come here to tell you that Shadowmirk is in danger.""F",
"""Yes, yes. This I know. The goblins, they are on the move. I have seen these events unfold. Like the ancient Mystics, I can view the past and the present, though the future is harder to see. I have forseen your arrival and I have seen the goblins plotting against Shadowmirk, but the outcome of these events I cannot predict.""",
"""What will happen if Shadowmirk falls to the goblins?""�",
"""If Shadowmirk falls, so shall the rest of Thaermore. Shadowmirk is Thaermore's last defense since the Chancellor is no longer well. He is under a wicked spell placed upon him by the Goblin shaman Gramuk. He believes the Orakur stole the Crux of Ages and so he has sent his men-at-arms far away, deep underground, to chase shadows. This has left the goblins free to run amok, unchallenged.""

""The hex that has befallen the Chancellor occured because the Crux was removed from Bastion Spire. The Crux grants wisdom to those who are in its presence, and without that protection the Chancellor has had his thoughts twisted upon the lies that Gramuk has fed him.""",
"""What are we to do?""�",
"""We must see to it that the Crux of Ages is recovered and returned to Bastion Spire; it is the only way to break Gramuk's hold on the Chancellor's mind. Unfortunately, I can't say where the Crux is located, but I know that you are connected to it in some way. You must keep searching if you are to find it. Look for clues in your past and it may lead you to the Crux.""

""Even after you recover the Crux, returning it to Bastion Spire will not be as easy as walking it up to the front gates.""",
"""Erudor, I have the Crux of Ages.""'",
"""Yes, $, this I know as well. It offers you the protection that it once offered the Chancellor. Keep it with you at all cost. You are its caretaker until it can be returned to Bastion Spire, which is a task you must undertake. It is the only way to break Gramuk's hold on the Chancellor's mind.""",
"""How am I to do this?""�",
"""This will be difficult because there is no way into Bastion Spire. All entrances and exits have been sealed off, except for one: a portal within the Goblin Citadel which was originally used to steal the Crux. Gramuk keeps the portal secure for when the Commonwealth Guard is too weakened to challenge him, then he will invade Bastion Spire with full force.""

""$, against all odds, you must go to the Goblin Citadel and use this portal to return the Crux to Bastion Spire. Unfortunately, you have few other options. You are a hunted man. Gramuk is using all his agents to locate you because of your involvement with the Crux.""

""Listen carefully, for now I will tell you how to enter the Goblin Citadel.""",
"""There are four Goblin Keys needed to enter the Citadel. They were placed in the ownership of four Goblin warlords, and only with all four keys recovered can you enter the Citadel. Fortunately, these warlords have done a poor job protecting them and I know of two keys that have already slipped from their possession.""

""I have one of these keys which I will give to you now. This key was recently recovered by a Ranger Lord of Tanglewood and given to me to protect. It is certainly one of the reasons Gramuk wants to see Shadowmirk torn apart brick by brick. The key is in the chest next to my bed,""",
"""And what of the other keys?""�",
"""I know the location of only one other key. It is with the Giants of the Timberland Plains. Not long ago a goblin scout party, led by a warlord, made the mistake of sneaking into the Giant's village. They were brutally crushed and the Giants recovered the warlord's key. You must go to them and ask for it. While they are not trusting of humans, I have gained the friendship of Omar, their leader, and I will send word that you are coming for the key. $, do what you can to earn their trust. The Giants may prove to be our greatest allies against the Goblins.

""As for the other two keys, they are still somewhere in Thaermore. Perhaps you have even recovered them already. If not, look for where the goblins have begun to gather and most likely a warlord is leading them. Kill the warlord and recover the key. When you have recovered all four keys and the Crux, it is time to enter the Citadel and deal with Gramuk.""",
"""Can you offer me any other help?""�",
"""Yes, of course. You may take anything else that is in my bedroom chest that you find helpful. As well, I will do my best to keep the goblins preoccupied. As long as they are fixated on Shadowmirk and myself, they will not be expecting a lone person to enter the Citadel.""

""I have faith in you, my boy. Together we may be able to stop this goblin scourge. Go now without further delay. When you are ready to leave Shadowmirk, exit through the portal in the southwest room.""",
"""Why would this be such a difficult task?""",
"""Erubor, what can you tell me about this war?""�",
"""It's a complicated matter really. You see, the Chancellor of Thaermore has been bewitched. He is under a powerful spell set by the Goblin shaman Gramuk. Gramuk has fooled the Chancellor into thinking that the Orakur have taken the Crux of Ages, but it is the Goblins who have stolen the gem and subsequently lost it. Now the Goblins are looking for it once again, and the Commonwealth Guards have been sent far away to fight the Orakur.""",
"""What are these Orakur?""M",
"""I know very little about them actually. I do know that they exist, but I doubt they are a threat to anyone. Gramuk has planted this idea in the Chancellor's mind that the Orakur are responsible for the theft of the Crux. Because so little is known about the Orakur it was easy for the people of Thaermore to rally behind the false accusation, even when no evidence supports it. To the common person the Orakur represents all that is dark and sinister. People fear what they do not know, and so the mystery of the Orakur appears to be a far greater threat than the ongoing Goblin scourge.""",
"""I must be on my way."" [EXIT]",
"You see an older man who is inspecting the hull of a small boat on the shore. He puffs on a pipe and can be heard humming a tune to himself before you approach.

""Hail to thee, stranger! I am Phillip. I hope you're not here looking for passage to Aridell because I've temporarily shut that service down. It's far too dangerous to be making that run anymore.""",
"""Hey there!"" Phillip says enthusiastically. ""What can I do for you?""",
"""What do you do here?""�",
"""I am a boatman. I use my small skiff here to run goods for people to various ports around Thaermore, but I've been forced to end routes because it has become too dangerous.""

""Traveling by boat is much faster than walking, really. I was making a good living just making short runs between here and Aridell, but even that has become too dangerous. All I can do now is wait for peace to return so that I can get back to work.""-",
"""I have finished destroying every last Fungal Slime!""�",
"""Well I cannot thank you enough! Here, take this bit of gold. It's not much, but it is all I have. I'll soon be earning more now that I can resume my route to Aridell."".",
"""What makes the route to Aridell so dangerous?""",
"""Well, as you see I use a very small boat. I don't take her far out to sea because she isn't built for that kind of travel, but she does very well at running the rip currents near the shoreline."" While he talks, Phillip uses his hand to simulate the movement of his boat navigating the shoreline.

""I used to be able to run the rip currents all the way to Aridell when the tides were coming in, then back here to Bordertown on the outgoing tides. But then the marshes east of here became infested with Fungal Slimes. They would spit at me from the shoreline, and a few times they damn near sunk my boat with their corrosive sludge! However, if I ran my boat far enough from shore to avoid their attacks, I risked getting swept out to sea! So, I just decided to stop doing the route altogether.""",
"""Would it be worth anything to you if I were to destroy all the Fungal Slime from the marshlands?""�",
"Phillip chuckles with delight at the thought of being able to run his routes again. ""Why yes, it would! I'd happily pay you a reward for your efforts if you were to eliminate those horrid slimes!""",
"""It sounds like you are suffering just like everyone else is. Good luck to you.""",
"""That sounds like a deal. I'll let you know when all the Slimes are destroyed.""",
"""I'm still working on cleaning all the Fungal Slimes out of the Marshes of Boradan.""",
"You approach the immense being with caution. His size seems almost unbelievable, at least 9 feet tall if you were to guess. He has unique tattoo markings on his chest and arms unlike any that the other Giants possess, and he wears a necklace made of bones and shells.

He speaks with a deep, booming voice as you approach. ""You, human! Why come you to our village? Giants crush trespassers!""

Although he appears guarded about your presence, he shows no sign of fear.",
"Omar looks down at you as you near him.

""Yes?""",
"""I am looking for the tribal leader, Omar. Are you him?""f",
"He raises an eyebrow as if suspicious of your intent.

""Yes, I keep that name. What wants you, human?""",
"""I am a slayer of Giants! Prepare to die!""",
You have threatened the Giant's Tribal Leader!,
"message (""You have threatened the Giant's Tribal Leader!) ; commit_crime


",
"""I am $. I have been sent here by Erubor of Shadowmirk to retrieve a Goblin key. Do you know of what I speak?""F",
"Omar takes a deep breath and crosses his arms, thick as tree trunks.

""Yes human, I know of key. Giants retrieved it after Goblins sneaked into camp. We crushed them into jelly and find key. We keep it.""

""Erubor be friend of Giants. He send word you would come for key. Why you seek this key? What have you with the Goblins?""",
"""I am going to use the key to enter the Goblin Citadel and destroy Gramuk. The Goblin scourge must end!"">",
"Omar smiles, flaring his nostrils wide.

""All goblins enemies of Giants. We support your quest. I will give you Goblin key as Erubor request, but first you do task for Giants. You must show friendship to Giants and then we give you key, and we also help you fight Goblins. Together we crush them little green maggots!""",
"""This business does not concern the race of Giants. You would do wise to give me the key as Erubor requested.""�",
"""What task will you ask of me?""",
"""Great Giant chieftain named Thorus was killed many seasons ago. Human named Thorndike killed him, hunted him like he were animal. Thorndike was much hated Giant slayer. He take chieftain skull back to his hunting camp in the north and display as trophy. Now Chieftain soul cannot rest until skull has been returned.""

""You retrieve chieftain's skull from Thorndike camp and return with it so we can lay great chieftain to rest. You do this for Giants and then we know you are friend. Then we give you goblin key and help you fight goblins!""",
"""Yes, I will do this task.""\",
"""Omar thanks you. When you return we will trade and then discuss plan to crush the Goblins!""",
"""No, I will not do this task. Consider this your death sentence, for I will now take this key from you by force, giant!""",
"""Of what task do you speak?""=",
"""Great Giant chieftain named Thorus was killed many seasons ago. Human named Thorndike killed him, hunted him like he were animal. Thorndike was much hated Giant slayer. He take chieftain skull back to his hunting camp in the north and display as trophy. Now Chieftain soul cannot rest until skull has been returned.""

""You retrieve chieftain's skull from Thorndike camp and return with it so we can lay great chieftain to rest. You do this for Giants and then we give you key. If you no do task, we not give key. Giants do not trust humans, even if friend Erubor says so.""",
"""Fine. I will do this task and return.""u",
"""When you return with skull, we will trade. Then you will leave our village and never return or we break you, human.""",
"""I am tired of performing favors for everyone. Instead I will just take what I need by force! Prepare to die, giant!""",
"message (""You have threatened the Giant's Tribal Leader!) ; commit_crime


",
"""I have returned with your Chieftain's skull."" [give Giant Skull to Omar]�",
"Giant Skull
remove_item (Giant Skull) ; quest 49 9


",
"""And now give me the key.""�",
"""May we now discuss the key?""�",
"Standing in the center of the room is a goblin who appears as if he's been waiting for you to arrive for quite some time. His shimmering clothing and jeweled staff suggests he is a practitioner of magick. He has a face that is wrinkled and scarred, with eyes black and piercing. He looks very old for a goblin, and his frail frame dismisses any threatening appearance he may possess. In fact, his wizened face seems almost trusting.

No introduction needed. You already know this creature is Gramuk, the goblin shaman you've been looking for. As you approach, he speaks: ""Human! Come closer, we have much to discuss.""",
"""Gramuk! I have come to destroy you and right that which has been wronged.""",
"""So you have. Well then, let us not delay this inevitable confrontation. I have much to do and the sooner I deal with you, the better.""

The frail old goblin raises his hands and utters a strange incantation. As his hands drop, the room fills with flashes of light...",
"""What have we to discuss?""�",
"""Human, I have watched you. I have witnessed all your deeds and I know the quest that you have undertaken. Before you foolishly attempt something that you will regret, let us talk. Certainly there is a solution to all this that we may both benefit from.""",
"""I will listen for just a moment. Do not try anything foolish.""�",
"""Human, let me inquire: are you trying to be the savior of all of Thaermore, or are you simply trying to save yourself? The difference means everything.""

As Gramuk speaks he paces in a small circle, tapping his staff on the marble floor. ""You see human, you are merely a pawn. Erubor has convinced you that you must destroy me to ensure your own survival, but that is not the case. He is not concerned for your wellbeing. He is only concerned for Shadowmirk and Thaermore. He will readily sacrifice you in hopes of protecting these lands. After all, it was he who sent you foolishly into the heart of the Goblin lands all alone. It is only by my lenience that you stand here now, and it is my overwhelming generosity that persuades me to make you an offer.""",
"""It is a simple offer really, one that you can ill afford to turn down: you give me the Crux of Ages and I will let you leave the Citadel unharmed with enough gold to last you the rest of your life. Then you must leave Thaermore and never return. Thaermore will continue to fall into Goblin controll as our insurgency spreads. If you ever return to Thaermore we will look upon you as our enemy, just as all humans are.""

""Take but a moment to think about it, human. Do you really care that much about Thaermore? Would you sacrafice yourself for people you don't know and for a land you don't remember?",
"""Sure. Please continue, I want to hear more..."" [BLUFF, attack Gramuk by surprise]",
Gramuk continues to talk but you are no longer listening to his words...,
message (Gramuk continues to talk but you are no longer listening to his words...) ; npc_disp_change 87 2,
"""You are the one trying to deceive me. I have heard enough! Your scourge ends now!""�",
"""Well then, let us not delay this confrontation. I have much to do and the sooner I deal with you, the better.""

The frail old goblin raises his hands and utters a strange incantation. As his hands drop, the room fills with flashes of light...",
"""I have heard enough! You must pay for your crimes against Thaermore!""�",
"""Well then, let us not delay this inevitable confrontation. I have much to do and the sooner I deal with you, the better.""

The frail old goblin raises his hands and utters a strange incantation. As his hands drop, the room fills with flashes of light...",
"""I have no loyalty to Thaermore. I agree to your offer.""�",
"""I agree to your offer, but I do not possess the Crux of Ages.""",
"""What?! You have not recovered the Crux?"" Gramuk appears momentarily confused before a scowl forms upon his face. ""Well then, human, I withdraw my offer.""

The frail old goblin raises his hands and utters a strange incantation. As his hands drop, the room fills with flashes of light...",
Gramuk stands there with his hand extended. He is initially unaware of your intentions...,
message (Gramuk stands there with his hand extended. He is initially unaware of your intentions...) ; npc_disp_change 87 2,
"Without warning, a group of mercenaries appear from a dense patch of shrubs along side the road. They quickly surround you cutting off your escape. One of the men approaches you.

""Well hello there, friend. Do you remember me? I'm the guy back in Blackwater who paid you to bring me back a pendant from Lilith. Do you know what I just discovered? I just discovered that you helped yourself to some property down in the Repository that belonged to me.""

The man raises the tip of his sword to your chest. ""There is really no need to lie about it because the Vault Master has already identified you as the person who opened vault 15. That vault, and everything in it, belongs to me.""",
"""No I didn't take anything! I only looked in the vault!""c",
"""Are you calling me stupid? Do you think I believe that? Unfortunately for you I don't know what the contents of the vault were before you decided to take a peek, so I have to assume that took something. After all, you are a murderer so how can I trust you?""

The group of assassins moves in closer. ""This isn't going to be very pleasant for you, friend.""",
"""Yep, that was me. That equipment is mine now.""",
"The man laughs. ""Well, at least he is honest about it!"" he yells to the other mercenaries who chuckle in response.

""Unfortunately for you, I will be taking back my property now."" The group of assassins moves in closer. ""This isn't going to be very pleasant for you, friend.""",
"""Yes I did and I am sorry. Please, take back these items and here's another 100 gold for your trouble.""�",
"""Groveling is so pathetic, especially coming from a murderer. Besides, our negotiations ended in Blackwater."" The group of mercenaries moves in closer. ""This isn't going to be very pleasant for you, friend.""",
"As the old man looks at you,  the haze that clouds his thoughts fades away. He begins to look around, taking in his surroundings as if a blindfold had just been removed from his eyes.

""Dear boy, who are you?""",
"""$, I am Chancellor Malcolm. I...I am sorry. I am a bit confused right now. I feel as though I have just awoken from a very long sleep.""

The Chancellor looks around the room examining everything carefully. With each passing moment you see that he is regaining memories, his thoughts becoming clearer. ""I can remember...something about the Orakur. But that is not right. The Orakur had nothing to do with..."" He pauses in mid sentence and turns back to you.

""The Crux of Ages. It has been returned, has it not? I feel its presence here in the Spire. My boy, are you responsible for returning it?""",
"The Chancellor smiles. ""I don't know where to begin. There are many questions that will need answered. However, I am sure of one thing: the people of Thaermore owe you everything.""

""While the Crux was missing, I felt an evil presence here in the Spire. There was something influencing me from afar. I can't quite...remember, but I feel as though I had no control of my own thoughts. I have done a great many wrongs to the people of Thaermore. We have much rebuilding to do.""

""No more delays! I must summon the Council at once! $, we will have many questions for you. I'm afraid you will be sequestered here in the Spire for a time, but I will see to it that your stay is comfortable.""",
"screen_fade_out ; cond_special 8


",
"When you prod him, he suddenly yells out: ""Send more troops. Send all we have. Now is not the time to question my authority or judgement!""",
"You see a tall woman who looks to be very athletic in build.

""Hello there, welcome to my House of Pain! My name is Sonya and I am a certified Weapons Master.  Are you looking to train in a particular field of weaponry? I teach people the schools of Swordsmanship, Cleaving weapons and Bludgeoning weapons.""",
"Sonya smiles politely at you. ""Looking to increase your knowledge in weapon use?""",
"""I am interested in Sword training.""",
"""I am interested in Cleaving weapon training.""",
"""I am interested in Bludgeoning weapon training.""",
"""Not now, thanks."" [END]",
"You see a slender man that looks as if he may be of elvish descent; if not half-blooded at least a quarter. When he sees you make eye contact with him he motions to you.

""Greetings! My name is Aaron. Perhaps I could interest you in a lesson in archery or thrown weapons? I am a certified Range Master, so you'll be learning from the best! In these hard times, you really should know a little something about protecting yourself from danger at a distance.""",
"Aaron is stringing a bow. ""Hey there! Anytime you want a lesson in ranged combat, just let me know!""",
"""Yes, I'd like to learn a bit more about thrown weapons.""",
"""Yes, I'd like to know more about archery.""",
"In this house you see a young woman. She seem a bit startled by your presence.

""Oh, hello. My name is Penelope. Can I help you with something?""",
"""Please, I am not in the mood for visitors so do not stay long"" Penelope says. ""Is there something I can help you with?""",
"""No thanks, I'll just help myself."" [Hostile]",
"""Leave now, you cutpurse!""",
"""Penelope, I found a letter that I believe was meant for you."" [Give her the Letter for Penelope]{",
"Penelope takes the letter and opens it. She is silent for a few moments as she reads the words.

""Where did you find this?""=",
"Letter to Penelope
remove_item (Letter to Penelope) ; quest 61 9


",
"""I am new in town. I was hoping maybe you could tell me a bit about Blackwater.""�",
"""Blackwater is an old mining town, but not much mining is done in these parts anymore. We are mostly just a stronghold now; the city has been locked down to protect us from marauding goblins and such.""

""I came here just before the start of the war. I was going to learn to be a gem cutter but since the mining has stopped, I have had to find other work. Now I am just a seamstress and I barely make enough to afford clothes of my own. I haven't even left the walls of this city for over a year.""

""I just stay here in my house most days, which has become difficult because of the horrible stench coming from across the street. I have complained to the city officials but no one has looked into yet.""",
"""In Crakamir. There was a destroyed caravan strewn about the desert. I found this letter among human remains.""�",
"""Oh my...my poor brother! I hadn't heard from him for such a long time. Nearly a month ago he wrote me and said he would be coming to Blackwater soon, but that was all he said. I assumed he hadn't even left Tarel yet."" Penelope begins to crumple the letter up as if she is going to dispose of it, but then she stops herself and folds it properly.

She wipes her eyes and collects herself, unwilling to show any emotion in front of you. ""Well, that does it. I have no more family left. With brother gone I am now all alone."" She slips the letter into her pocket and pulls out a few coins.

""Thank you for you efforts to bring me this letter. Here is 10 gold, well more postage than is needed for the delivery of a single letter, but you deserve it.""",
"""Thank you. Given your loss, this is more than generous."" [END]",
"""No way. I risked my life to bring you this damn letter. You owe me a lot more than 10 gold..."" [Threaten]�",
"""But sir, I have no more! You look as if you are doing very well for yourself, so why do you want to take from someone who has so little. I am a seamstress and make no more than 2 gold a day!""",
"""I am sorry. Thank you for the gold."" [END}",
"""Look, I don't care. I have problems way bigger than what you are experiencing. I expect a bigger payment and I will gladly find something here in your house worth taking."" [END]",
"""I will leave now."" [END]",
"""So what is it I can do for you?"" asks Siam.",
"""What do you have for sale?""0",
"""Thanks for shopping here at the Magicks Guild.""",
"init_trade siam


",
"""I'd like to know more about Elemental magick."";",
"""Thank you for inquiring about training here at the guild.""",
"""What has happened to the Magick Guild?""i",
"""The Magick Guild used to be headquartered in Shadowmirk, the great Mage Hall of the North. After the war began, most of the guild members fled Thaermore. Erubor, head of Shadowmirk, locked down the tower to protect the acolytes who remained there. The defense of Shadowmirk is in their hands now.""

""It's not that the guild has formally disbanded, we just have no structure at the moment. There is almost no communication with Shadowmirk now, and the guilds located in Vela and Elderhollow are gone. Here in Blackwater, I sell supplies and training to keep this guild branch open until we can reestablish ourselves.""",
"In this council house stands a man who eyes you suspiciously as you enter.

""Well, well! Greetings to you traveler! I have not seen you 'round Blackwater before, so I assume you are new to our quaint town. I am William, Council Head of Blackwater. I see to the day-to-day operations here, ensuring security to our townspeople during these rough times.""

""What is it I can do for you today?""",
"""So what is it I can do for you today, traveler?"" William asks.",
"""What can you tell me about Blackwater?""D",
"""Blackwater is just an old mining town and nothing more, but not much mining goes on 'round these parts anymore. With the war going on we just decided it would be best to lock the city down. We use the gate tax to support our own militia in case the Orakur try to attack us.""

""I know you're just another adventurer that is come to town to buy some supplies and sell some junk you scavenged from a battlefield, so let me give you a bit of advice: you'd be smart to not go snooping around Blackwater too much. We are serious about our security and the guards will be watching you.""",
"""What are your thoughts on this war?""�",
"""This war is about the most absurd thing I have ever come to know. First we are told the Orakur are out to get us, stealin' the Crux and what not. Then, the Goblins show up and start raiding our towns and villages. Now we've got Barrea Mercenaries coming in from the far west, and no one seems to know what they are doing here or what they're up to. I'll tell you, some days I just feel like the whole world is coming to an end. It's only gonna get a whole lot worse before it gets any better.""

""I'm sure you were hoping for more information than that, with me being a public official and all, but I really don't know any more about it than you probably do.""",
"""Do you know if there is any work available in town?""�",
"""Well, you can check with the local merchants and see if they have any odd jobs, but you'll find no full-time employment here in Blackwater. Times are tough and even skilled laborers are doing menial jobs just to keep a bit of gold on in their pockets.""

""But, since you are looking for work and you appear to have an adventurous spirit, I may be able to offer you a mission of sorts. There have been rumors that a mercenary group has been seeking to assassinate me with hopes of taking over operations in Blackwater. Of course, this cannot be allowed to happen. If you were to investigate this matter and bring me proof of their plot, I could give you a reward.""

""Is this something you would be able to look into?""@",
"""Nothing, I must be on my way."" [END]",
"""Yes, I'll see what I can find.""�",
"""That's great. The guards have told me that they have seen suspicious individuals outside the city to the southwest, so you may want to start your search there.""",
"""No, that problem belongs to people of Blackwater, not me.""",
"""Very well. It may be best to not speak of this to anyone else. I don't want the townsfolk to have to worry about such things.""",
"""Thanks for the advice."" [BACK]",
"""I have found a note that is evidence of a plot to kill you."" [Give William the Mercenary's Note]f",
"""Let me see that."" William takes the note from your hand and reads it carefully.

""This is exactly what I feared. Well, I assume you took care of the Mercenaries who held this note. If I could only know who set this hit up!""

""Well, I've got no worries about it right this minute. Here, let me get you a bit of coin from the city's coffer. You deserve this.""",
"Mercenary's Note
remove_item (Mercenary's Note) ; quest 64 9


",
"You are surprised to see a man apparently living here in the crypt. He appears equally surprised to see you.

""Oh, hello! You startled me. My name is Hesham. I'm sorry, if you are here to visit a loved one, the inner crypt is currently closed. I don't know when, or if, the inner crypt will ever be reopened.""

""Now if you'll pardon me for being so rude, I have to ask you to leave. I am currently working on a very important project and don't have time for visitors.""",
"""What project are you working on?""�",
"""Well, if you must know, I am working on a project for Leurik. See, we are running out of capacity in our crematorium and he has asked me to come up with a way to mass incinerate bodies. Cremating bodies one at a time in the furnace is just too slow.""

""I think I have a formula about finished, but I need a special enzyme that will enhance the scattering property of the combusting fuel. Unfortunately, I just discovered that the enzyme I am looking for is only present in certain insect larvae. I don't have time to gather thousands of larvae needed to extract the few drops of enzyme. I guess I'll have to find an alternate ingredient, but that means the fuel is not going to be nearly as potent. ""A",
"""Hmm, too bad for you.""[",
"""Yes, so it appears. Look, I need to get back to work. I'm sure you can show yourself out.""",
"""Is there anything I could do for you?"",",
"""Well, I don't know. I need larvae and you don't look like the type of person who would want to spend hours gathering a bag full of larvae for me."" Hasham chuckles. ""Well, unless you happened to find some very large larvae, then I'd maybe only need 10 or so to get enough enzyme for this concoction.""",
"""Sure, I'll keep my eyes peeled for 'giant larvae' to bring back for you.""",
"""Well, I appreciate your offer. If you bring me back 10 giant larvae I can finish this mixture. I can't pay you any gold for your services, but I could give you a flask of the finsihed Incineration Fuel. I'm sure you could find something useful to do with it.""",
"""I don't have time for larvae gathering. You are on your own.""Q",
"""Uh, yeah. Okay, I need to get back to work. I'm sure you can show yourself out.""",
"""I need access to the inner chamber immediately. I have permission from Leurik.""<",
"""I have found 10 Hive Larvae. Can you use these?"" [Give 10 Hive Larvae to Hesham]�",
"""Yes, yes! Those will do nicely! Hang on, this won't take long at all.""

Hesham takes the larvae from you. At his table, he makes a short incision into each one, exposing a small green bladder. After removing the bladder, he squeezes a few drops of green fluid into a large flask, then swirls it around with some other liquids.

""Perfect! The enzyme has lowered the vicosity of the oils. This will burn splendidly!"" He pours about half the liquid into a seperate flask and turns back to you. ""Here, take this for your efforts. Be very careful with it because it is extremely volatile. I'm sure you'll be able to come up with some creative use for it.""B",
"give_item (Flask of Incinerator Fuel)


",
Remil,
Barrean,
Nefarious,
Fighter,
"                                                                                                                   4   '   4   '",
"#   �      @?   
   ",
�?       2,
�?       5,
Loeram,
Kessian,
Virtuous,
Healer,
                                                                                                       2      2,
Boris,
Rifter,
Druidic,
Magick User,
                                                                                                         <      <,
Hayden,
Therish,
Atheistic,
Ranger,
"            	                                                                                                    )   %   )   %",
Markas,
Rogue,
"      
                                                                                                         '   ,   '   ,",
quest_step 46,
drop_item (Gold Goblin Key),
drop_item (Amulet Passkey 15) ; quest 48 2 ; kill_quest 3,
quest_step 15,
kill_quest 62 ; kill_quest 24,
cond_not_quest 8 9 ; condition(With Eeru's death the main quest can no longer be finished. You may continue to play if you'd like.) (Ok) (XXX),
kill_quest 58,
quest 54 2 ; drop_item (150 Gold Pieces) ; kill_quest 47,
kill_quest 61,
drop_ent 12 4851 ; drop_ent 12 3788 ; drop_ent 12 4590,
drop_ent 12 2429,
drop_item (Hive Queen Stinger),
kill_quest 1,
kill_quest 4,
kill_quest 5,
kill_quest 11,
kill_quest 18,
quest 57 2 ; cond_special 9,
drop_item (Odd Key),
drop_item (Blue Goblin Key),
"message(Upon the death of this guardian, you hear iron gates moving...) ; toggle_port 9845 ; toggle_port 9646",
quest_step 28 ; cond_quest 28 3 ; toggle_port 6035 ; toggle_port 7341 ; message (The proving chamber opens...),
drop_item (Fancy Key),
toggle_port 4674 ; toggle_port 4473,
